external_record_id,canonical_smiles,doc_id,fluorine_subgroup,LOG HLM_CLint (mL/min/kg),LOG RLM_CLint (mL/min/kg),true_anchor_prediction,nearest_training_analogue_rlm,nearest_training_analogue_similarity,nearest_analogue_anchor_prediction
OA35PAIR_00001,CC(=O)N[C@@H](Cc1ccc(F)cc1F)[C@H](O)CN[C@H]1CC2(CCC2)Oc2ncc(CC(C)(C)C)cc21,65507.0,aryl-F without CF3/CF2,1.919444210465237,2.4933186082321015,2.013568042503726,1.188394071,0.2549019607843137,0.8878735543735825
OA35PAIR_00011,Cn1c2c(cc(Nc3ccc(C(=O)N4CCOCC4)cn3)c1=O)-c1cccc(-n3ncc4cc(C(C)(C)C)cc(F)c4c3=O)c1CC(O)C2,110706.0,aryl-F without CF3/CF2,1.5305838596451178,1.534026106056135,1.2047864773507577,1.578593372,0.272,1.249443639134254
OA35PAIR_00012,Cn1ccc(NC(=O)c2cnn(Cc3ccc(Cl)c(C(F)(F)F)c3)c2)n1,55806.0,CF3-containing,1.4814856258274134,2.114410802397837,1.3070709407454708,2.691960689,0.37333333333333335,1.821488767527582
OA35PAIR_00018,O=C(Nc1c(Cl)cc(F)cc1Cl)N1CCn2c(c(O)n([C@H]3C[C@@H]3c3ccccc3)c2=O)C1,58563.0,aryl-F without CF3/CF2,4.874365835730049,5.323458366849468,4.425647328800433,2.366900885,0.27710843373493976,1.5730888245524666
OA35PAIR_00021,Fc1ccc(-c2noc(C[C@H]3CCN(c4cnc5ccccc5c4)C3)n2)c(Cl)c1,44059.0,aryl-F without CF3/CF2,2.400624321661767,2.9513165865183835,2.1344140089733794,1.689104542,0.2911392405063291,1.0454368543324466
OA35PAIR_00029,CC1(C)C(=O)N(C(=O)NCC2CCN(CC3(O)CCOCC3)CC2)c2cc(F)ccc21,66601.0,aryl-F without CF3/CF2,1.404833716619938,1.6304278750250238,1.0110370063950658,1.027920136,0.345679012345679,0.7485210252149341
OA35PAIR_00030,Cc1onc(-c2ccc(F)cc2)c1COc1ccc2c(n1)CCN(C(=O)N1CCCC1)C2,124666.0,aryl-F without CF3/CF2,1.7213983755215052,2.7008767083769034,1.9490817332447374,2.753002846,0.32051282051282054,1.992068754209939
OA35PAIR_00032,C[C@H]1C[C@@H](c2ccncc2NC(=O)c2ccc(F)c(-c3c(F)cccc3F)n2)C[C@@H](O)[C@@H]1O,119055.0,aryl-F without CF3/CF2,1.7853298350107671,2.0293837776852097,1.2741649995554658,2.119028122,0.3150684931506849,1.363809343870256
OA35PAIR_00034,O=c1[nH]c(COCCc2ccc(F)cc2)nc2ncccc12,52507.0,aryl-F without CF3/CF2,1.1095785469043866,1.510545010206612,0.637120977723643,1.905542243,0.39655172413793105,0.8313391460348596
OA35PAIR_00037,C[C@@H](CN1CCC(c2[nH]nc3ccccc23)CC1)NC(=O)c1ccc(F)cc1,122085.0,aryl-F without CF3/CF2,1.6232492903979006,2.4927603890268375,1.502815672817683,2.82465617,0.3902439024390244,1.704041865697158
OA35PAIR_00041,Cc1cccc2c(O)n(CCc3ccccn3)c(C(=O)NCc3ccc(OC(F)(F)F)cc3)c12,65828.0,CF3-containing,2.3469394626989906,2.0261245167454502,1.3054949345888434,1.3250228,0.34285714285714286,0.7821425112456043
OA35PAIR_00044,CN(C)[C@H]1CC[C@H](NC(=O)[C@@H](Cc2ccc(Cl)cc2)NC(=O)C2(c3ccc(F)cc3)CC2)CC1,58353.0,aryl-F without CF3/CF2,1.636387585813157,2.074816440645175,1.483259687016894,2.321453434,0.30666666666666664,1.6923606039594294
OA35PAIR_00046,CNC(=O)Nc1ccc2c(c1)CC[C@]21NC(=O)N(CC(=O)N2Cc3cc(F)ccc3OC[C@H]2C(F)(F)F)C1=O,110861.0,CF3-containing,1.0767860335080792,0.7466341989375788,0.36727928461490167,2.323165439,0.2631578947368421,1.7087238292587696
OA35PAIR_00047,O=C1c2nc3cccc(Br)c3n2CCN1Cc1ccc(Cl)cc1F,121631.0,aryl-F without CF3/CF2,-0.092965047516583,0.6866362692622935,0.3248035807043956,2.163510221,0.3424657534246575,1.3539744486228038
OA35PAIR_00048,CC(C)N1CCC(Oc2ccc3c(c2)cc2n3CCN(Cc3ccc(F)cc3)C2=O)CC1,53081.0,aryl-F without CF3/CF2,0.7671558660821804,1.48572142648158,1.0567806665802058,2.539204109,0.3375,2.0074343854585237
OA35PAIR_00059,CC(C)(C(=O)Nc1ccc(Cl)c(C(F)(F)F)c1)S(=O)(=O)c1ccc(Cl)cc1,45050.0,CF3-containing,1.2143138974243997,1.4014005407815442,0.9524600533319209,1.180527283,0.30357142857142855,0.8826391144295367
OA35PAIR_00068,Cc1onc(-c2ccc(F)cc2)c1COc1ccc2c(n1)CCN(C(=O)N1CCOCC1)C2,124666.0,aryl-F without CF3/CF2,1.5733358400660675,2.4075608494863627,1.6428494094202746,1.027920136,0.3375,0.6606813340076715
OA35PAIR_00071,CSc1c(C#N)c(=O)c2ccc(F)cc2n1-c1c(Cl)cccc1Cl,125892.0,aryl-F without CF3/CF2,1.9546765869186435,2.6281845080734128,1.6689699017994046,1.956370158,0.273972602739726,1.2251490373924872
OA35PAIR_00075,O=C(NCc1ccc(OC(F)(F)F)cc1)c1c2ccccc2c(O)n1CC1CC(F)(F)C1,65828.0,CF3-containing,1.4661258704181992,1.8350561017201164,1.1463353462207309,2.9013079,0.3125,2.132669633445724
OA35PAIR_00077,C[C@@H]1Cc2c([nH]c3ccccc23)[C@@H](c2c(F)cc(NC3CN(CCCO)C3)cc2F)N1CC(F)(F)CO,120738.0,CF2-containing,0.7781512503836436,1.0,0.7319192773613143,2.212283512,0.20238095238095238,1.710652839696847
OA35PAIR_00078,Cn1c(SCCCN2CCC3CC3(c3ccc(C(F)(F)F)cc3)CC2)nnc1-c1ccnnc1,53157.0,CF3-containing,-0.0287241512618947,-0.0457574905606751,-0.21557468630937737,1.147707234,0.2619047619047619,0.977064296243369
OA35PAIR_00081,Cc1ccc(-c2cc(/C=C/c3ccc(C(O)=NO)cc3)ccn2)c(F)c1,121787.0,aryl-F without CF3/CF2,1.896716868391263,2.560430333889792,1.3483560023113697,3.029882321,0.25757575757575757,1.744263658264926
OA35PAIR_00084,Cc1ccc2nc(C(=O)NCCC#N)cc(Nc3ccccc3F)c2c1,123562.0,aryl-F without CF3/CF2,1.670245853074124,2.0261245167454502,1.1595321873886806,2.805974993,0.3181818181818182,1.6503489370838853
OA35PAIR_00085,O=C1N(CCN2CCC(C(F)(F)F)CC2)CCN1c1cccc(Cl)c1,47715.0,CF3-containing,1.3136985295603114,1.6668922110665363,0.8736624031635751,1.449061647,0.34328358208955223,0.7730331099845991
OA35PAIR_00091,NC(=O)c1c(NC(=O)Cn2nc(C(F)(F)F)cc2C(F)(F)F)sc2c1CCCC2,53099.0,CF3-containing,2.308735110028761,2.5563025007672873,1.871478486678623,2.580826935,0.31343283582089554,1.8960029209113358
OA35PAIR_00095,CC(C)NC(=O)[C@H]1CC[C@@H](n2c(NC(=O)c3ccc(F)cc3)nc3ccc(CN4CCCCC4)cc32)CC1,65939.0,aryl-F without CF3/CF2,2.548192804703312,2.9094490469812664,2.2391369656944313,2.571648283,0.3076923076923077,1.9723299262931504
OA35PAIR_00097,Cc1nn(-c2ccc(F)cn2)cc1C(=O)Nc1nc(C2CCC2)c(CCN2CCCCC2)s1,112708.0,aryl-F without CF3/CF2,2.0791812460476247,2.9020028913507296,2.0418051021301213,1.510558414,0.3020833333333333,0.8296507433963438
OA35PAIR_00107,COc1cc(F)cc2c1nnc1c2c(-c2ccncc2C)nn1C,112300.0,aryl-F without CF3/CF2,0.8463371121298052,1.1583624920952498,0.7046788633340093,3.102548267,0.2727272727272727,1.9994063047032893
OA35PAIR_00108,O=C(NCCCCn1cccn1)c1cccc(C2SCC(=O)N2c2cc(F)ccn2)c1,124411.0,aryl-F without CF3/CF2,2.134138842060031,3.3337293231565988,2.4774513050151694,2.80180283,0.32967032967032966,1.9544713847651742
OA35PAIR_00110,Cc1nnn(-c2ccc(F)cc2)c1COc1ccc2c(n1)CCN(C(=O)NC1CCOC1)C2,124666.0,aryl-F without CF3/CF2,1.0681858617461617,1.8463371121298051,0.975415247297421,1.583720068,0.31868131868131866,0.7443285430672829
OA35PAIR_00113,C[C@H]1COC[C@H](C)N1c1c(NC(=O)Nc2ccnc(C(F)(F)F)c2)cnc2cc(Cl)nn12,118548.0,CF3-containing,2.1250907130826344,1.8785217955012063,1.2146144935307324,1.027920136,0.25609756097560976,0.660331594461395
OA35PAIR_00116,O=c1c(-c2cccnc2F)cc(-c2ccccn2)cn1-c1cccnc1,67077.0,aryl-F without CF3/CF2,-2.2328441339178196,-2.4436974992327127,-3.0208847861660058,2.856567586,0.29850746268656714,1.4104671450650097
OA35PAIR_00121,COCCn1c(COc2ccc(F)cc2)c2c(=O)n(CCN3CCOCC3)[nH]c2cc1=O,53897.0,aryl-F without CF3/CF2,1.7223624036241223,1.911370707116138,1.031954309502003,2.739014285,0.30864197530864196,1.6346774623041815
OA35PAIR_00126,Cc1nc(Cl)nc(C)c1C(=O)N1C[C@H]2CN(CC[C@H](NC(=O)CC3CC(F)(F)C3)c3ccccc3)C[C@H]2C1,51249.0,CF2-containing,2.3282572497312364,2.3005954838899636,1.8281592094018442,1.943123377,0.2840909090909091,1.418409672782733
OA35PAIR_00129,C[C@@H]1CN(Cc2ccc(-c3cccnc3C(=O)N3CCC(Nc4cccc(F)c4)CC3)cc2)C[C@H](C)N1,44953.0,aryl-F without CF3/CF2,0.7116385382323491,1.0681858617461617,0.8661872793729835,1.208763733,0.35443037974683544,0.981939450803067
OA35PAIR_00130,C[C@H](CS(C)(=O)=O)Nc1[nH]nc2nc(Oc3ccc(F)cc3F)ncc12,57651.0,aryl-F without CF3/CF2,-0.0625824185228622,1.04766419460156,0.5026678713014568,1.17350677,0.28735632183908044,0.6258004425645705
OA35PAIR_00132,C[C@@H]1Cc2c([nH]c3ccccc23)[C@@H](c2ncc(OCCN3CC(CF)C3)cc2F)N1CC(C)(C)F,120738.0,aryl-F without CF3/CF2,1.1760912590556811,1.414973347970818,0.964014076912262,2.552304327,0.24719101123595505,2.075705963616959
OA35PAIR_00138,CC(C)[C@H](CO)NCc1c(C(=O)N[C@@H]2CCC[C@H](O)C2)noc1-c1ccc(C(F)(F)F)cc1,57127.0,CF3-containing,1.1473671077937864,1.8680563618230417,1.2799253592635236,1.956379761,0.2625,1.3675492987734152
OA35PAIR_00139,C[C@@H]1CN(Cc2ccc(-n3ccnc3C(=O)N3CCC(Nc4cccc(F)c4)CC3)cc2)C[C@H](C)N1,44953.0,aryl-F without CF3/CF2,0.5996647787884168,0.8680563618230415,0.6276412104303204,1.208763733,0.3375,0.9376376348047883
OA35PAIR_00150,O=c1c(-c2cccnc2F)cc(-c2ccccn2)cn1-c1ccccc1,67077.0,aryl-F without CF3/CF2,-1.9318141382538383,-1.2533658010624211,-1.749639476112615,3.505462287,0.265625,1.928309563548463
OA35PAIR_00153,Cc1ccc2nc(N3CCCc4ccc(F)cc4C3)cc(NCC3(N)COC3)c2c1,107506.0,aryl-F without CF3/CF2,1.230448921378274,1.977723605288848,1.3547187994012586,2.670159542,0.27710843373493976,1.8997957311139528
OA35PAIR_00156,CNc1cc(F)cc2c1[nH]c1nc(Oc3cnc(C)nc3)nc(N3CC(=CC(C)N)C3)c12,122511.0,aryl-F without CF3/CF2,1.3604419331026378,2.51271107196312,1.587877920131902,2.816373226,0.20224719101123595,1.769910936560484
OA35PAIR_00158,Cc1onc(-c2ccc(F)cc2)c1COc1ccc2c(n1)CCN(C(=O)C1CCC1)C2,124666.0,aryl-F without CF3/CF2,1.824060717418653,2.8573324964312685,2.1823681412554126,3.563233491,0.35802469135802467,2.815089906801708
OA35PAIR_00163,O=C(Nc1ccnn1-c1cccc(F)c1)N1CCn2c(c(O)n([C@H]3C[C@@H]3c3ccccc3)c2=O)C1,58563.0,aryl-F without CF3/CF2,4.721398375521505,5.158362492095249,4.21767518832977,2.229090267,0.3176470588235294,1.6415548045557418
OA35PAIR_00165,O=C1c2nc3cccc(C(F)(F)F)c3n2CCN1CC1CC1,121631.0,CF3-containing,-0.1994203784308698,-0.4894549897933878,-0.8868055460254063,2.500527371,0.30158730158730157,1.664936982657371
OA35PAIR_00167,Cc1cc(C)c2cc(C(=O)NC3CN(c4ccc(C(F)(F)F)nc4)C3)ccc2n1,107615.0,CF3-containing,1.5563025007672873,1.9731278535996983,1.2731270467562688,1.224714305,0.32051282051282054,0.826238251313211
OA35PAIR_00169,N[C@@H]1CCC=C(c2ccc(F)cc2)[C@H]1CNc1cc(F)c(S(=O)(=O)Nc2cscn2)cc1Cl,107616.0,aryl-F without CF3/CF2,1.2430380486862944,1.4828735836087537,0.8863103407101968,1.571266162,0.39325842696629215,0.9704565146237228
OA35PAIR_00176,C[C@H](CC[C@](C)(O)C(F)(F)F)[C@H]1CC[C@H]2[C@@H]3CC=C4C[C@@](C)(O)CC[C@]4(C)[C@H]3CC[C@]12C,123813.0,CF3-containing,0.9460581584358628,1.2799138276118738,0.8339328915516602,1.798878435,0.17582417582417584,1.2338738904370334
OA35PAIR_00183,O=C(NCc1ccc(F)c(OC(F)(F)F)c1)c1c2ccccc2c(O)n1CCc1ncc(F)cn1,65828.0,CF3-containing,2.410608542568368,2.296665190261531,1.446080222131028,1.3250228,0.3142857142857143,0.6757415197298903
OA35PAIR_00187,Cc1ncccc1N1C[C@]2(CC[C@@H](c3nc4cc(OC(F)(F)F)ccc4[nH]3)CC2)OC1=O,53996.0,CF3-containing,-0.1536628878701947,0.1003705451175628,-0.268666736798135,2.835418497,0.3333333333333333,2.2819453960700247
OA35PAIR_00189,O=C(CCc1nc(-c2ccc(F)cc2Cl)no1)Nc1cnc2ccccc2c1,44059.0,aryl-F without CF3/CF2,1.758381941774675,2.355643050220869,1.471469692004907,1.027920136,0.39705882352941174,0.6322508705587937
OA35PAIR_00192,CC(C)NC(=O)[C@H]1CC[C@@H](n2c(NC(=O)c3ccc(F)cc3)nc3ccc(Cn4cncn4)cc32)CC1,65939.0,aryl-F without CF3/CF2,2.7076723510147476,2.711638538232349,2.0860507357677953,1.027920136,0.3170731707317073,0.7072850778879283
OA35PAIR_00197,COc1ccc(S(=O)(=O)N(Cc2ccc(-c3nn[nH]n3)c(F)c2)Cc2ccccn2)cc1,51390.0,aryl-F without CF3/CF2,2.105612359686785,2.100370545117563,1.15085889597249,3.497596207,0.3132530120481928,2.2894036423310826
OA35PAIR_00207,O=c1ccc2cnc3ccc(-c4ccc(N5CCNCC5)nc4)cc3c2n1-c1cccc(C(F)(F)F)c1,117349.0,CF3-containing,1.7116385382323491,1.7737864449811935,1.2858867632138504,1.960475918,0.3258426966292135,1.4818042430243246
OA35PAIR_00208,CN(C)[C@H]1CC[C@H](NC(=O)[C@@H](Cc2ccc(Cl)cc2)NC(=O)C2(c3ccc(F)cc3)CCC2)CC1,58353.0,aryl-F without CF3/CF2,1.9315087218666176,2.0187004986662433,1.4360018458121342,2.321453434,0.3333333333333333,1.6984889322316126
OA35PAIR_00210,Cc1onc(-c2ccc(F)cc2)c1COc1ccc2c(n1)CCN(C1CCOC1)C2=O,124666.0,aryl-F without CF3/CF2,1.5305838596451178,2.398287305357401,1.5632398772461793,2.322562459,0.26373626373626374,1.5034140035290822
OA35PAIR_00211,Cc1nnn(-c2ccc(F)cc2)c1COc1ccc2c(n1)CCN(C(=O)C1CC(=O)N(C)C1)C2,124666.0,aryl-F without CF3/CF2,0.0681858617461616,0.8573324964312685,0.42799675518025426,3.563233491,0.3372093023255814,2.666060690322423
OA35PAIR_00213,COc1cnc(-c2ccccn2)nc1N1CC[C@H](F)C1,63001.0,other alkyl-F/nonfluorinated,2.250420002308894,2.322219294733919,1.1558700066825183,2.228346454,0.3114754098360656,1.148108091929307
OA35PAIR_00227,N#Cc1ccc(Nc2nccc(Nc3c(F)cc(-c4ccncc4)cc3F)n2)cc1,121595.0,aryl-F without CF3/CF2,1.515343893088381,1.8887409606828929,1.235592510852999,2.267950412,0.41509433962264153,1.5856243074377088
OA35PAIR_00238,Cc1noc2c(F)cc(Nc3[nH]nc4ncccc34)cc12,110470.0,aryl-F without CF3/CF2,1.7007037171450194,2.041392685158225,1.2578685370182154,1.044304519,0.27941176470588236,0.5896449156922068
OA35PAIR_00240,C[C@H]1CN(C(=O)CC[C@@]2(C3CC3)NC(=O)NC2=O)CCN1c1cc(F)cc(F)c1,121000.0,aryl-F without CF3/CF2,1.2260841159758238,2.214843848047698,1.2694812783330538,1.027920136,0.2564102564102564,0.6178306914099876
OA35PAIR_00241,Cc1nnn(Cc2cc(C(F)(F)F)ccc2/C=C/C(=O)N2CCC(c3noc(C)n3)CC2)n1,117565.0,CF3-containing,1.3469394626989906,1.7993405494535817,0.9854968834023056,1.027920136,0.36,0.6023022795817705
OA35PAIR_00253,C[C@@H]1CN(C(=O)[C@@H]2CN(C(C)(C)C)C[C@H]2c2ccc(F)cc2F)C[C@H](C)[C@@]1(O)c1ccc(F)cc1,50787.0,aryl-F without CF3/CF2,1.515343893088381,4.9273703630390235,4.139746512611419,1.295984701,0.26865671641791045,0.8716737917899358
OA35PAIR_00256,CCc1cc(F)c2nc(N3CCC(NC4CCOCC4)CC3)c(-c3nc(C)no3)c(C)c2c1,113971.0,aryl-F without CF3/CF2,0.290034611362518,1.2430380486862944,0.8805113012070611,2.566037781,0.2823529411764706,1.8894125114973934
OA35PAIR_00257,C[C@@H]1Cc2c([nH]c3cccc(F)c23)[C@@H](c2c(F)cc(NC3CN(CCCF)C3)cc2F)N1CC(F)(F)CO,120738.0,CF2-containing,1.0791812460476249,1.2787536009528289,0.880275418220837,2.707985538,0.20833333333333334,2.182854183020306
OA35PAIR_00258,Cc1nnn(-c2ccc(F)cc2)c1COc1ccc2c(n1)CCN(CCS(C)(=O)=O)C2=O,124666.0,aryl-F without CF3/CF2,0.0681858617461616,1.209515014542631,0.7198751547961086,1.153387979,0.24719101123595505,0.690780085095138
OA35PAIR_00262,O=C(Nc1cc2c(Nc3ccc(F)c(Cl)c3)ncnc2cc1OCCCN1CCOCC1)c1cc([N+](=O)[O-])ccc1F,119003.0,aryl-F without CF3/CF2,0.9194442104652368,1.100370545117563,0.7598901367304118,2.226256974,0.6309523809523809,1.8186309361386903
OA35PAIR_00263,Nc1ccnc(Nc2ccc(Oc3ccc(F)cc3)cc2)n1,61468.0,aryl-F without CF3/CF2,2.316159128107968,2.54082981411108,1.4998399638415583,2.678859671,0.38636363636363635,1.6387675339145922
OA35PAIR_00265,Cc1onc(-c2ccc(F)cc2)c1COc1ccc2c(n1)CCN(C(=O)C1CCOCC1)C2,124666.0,aryl-F without CF3/CF2,1.0681858617461617,2.2237554536572413,1.6584523543424607,3.563233491,0.3176470588235294,2.9341025383807997
OA35PAIR_00266,Cc1onc(-c2ccc(F)cc2)c1COc1ccc2c(n1)CCN(C(=O)C1CCOC1)C2,124666.0,aryl-F without CF3/CF2,1.4483971034577676,2.4539295920577286,1.7611105710984698,3.563233491,0.3103448275862069,2.8263358368294793
OA35PAIR_00284,C[C@@H]1CN(Cc2ccc(-c3cccnc3C(=O)N3CCC(Nc4ccc(F)cc4)CC3)cc2)C[C@H](C)N1,44953.0,aryl-F without CF3/CF2,0.4831592097169795,0.7024305364455252,0.4730840501892739,1.208763733,0.38666666666666666,0.9529390421092377
OA35PAIR_00286,Cn1c(C(=O)N2CCN(Cc3ccc(OCC(F)(F)F)cc3)CC2)cc2ccc(Oc3cnc(-c4nc(-c5ccc(F)cc5)no4)cn3)cc21,122546.0,CF3-containing,1.3446476659194058,1.5247854493212225,1.0685767156913757,1.230448921,0.29896907216494845,0.987436499933225
OA35PAIR_00288,NC(=O)c1cc(F)cc2[nH]c(-c3cc4c(s3)CNCC4)nc12,109235.0,aryl-F without CF3/CF2,1.4299136977637543,2.786751422145562,1.452706500210366,2.595794834,0.21621621621621623,1.2905581436490705
OA35PAIR_00289,COc1cnc(-c2ccccc2CCNC(=O)c2ccc(OCCC(F)(F)F)nc2)cn1,65301.0,CF3-containing,5.161607546908397,5.365862215402555,4.38616231745437,1.969075613,0.33783783783783783,1.2288061689312424
OA35PAIR_00292,COc1cnc(-c2c(OC)ccc(F)c2CCNC(=O)c2ccc(COCC(F)(F)F)nc2)cn1,65301.0,CF3-containing,4.730943693427736,5.0813473078041325,4.076826569679445,1.969075613,0.325,1.2539520592204119
OA35PAIR_00294,CC[C@@H]1NC(=O)[C@H]([C@@H]2O[C@@H](Sc3cccc(OCc4ccc(F)cc4C)c3)C[C@H]2C)N(C)C(=O)[C@H](C(C)C)N(C)C(=O)[C@H](CC(C)C)N(C)C(=O)[C@H](CC(C)C)N(C)C(=O)[C@@H](C)NC(=O)[C@H](C)NC(=O)[C@H](CC(C)C)N(C)C(=O)[C@H](C(C)C)NC(=O)[C@H](CC(C)C)N(C)C(=O)CN(C)C1=O,118732.0,aryl-F without CF3/CF2,1.1821292140529984,0.1583624920952496,-0.10693296940558106,1.152288344,0.1875,0.8869928824991693
OA35PAIR_00307,Cc1onc(-c2ccc(F)cc2)c1COc1ccc2c(n1)CCN(C(=O)C1CCS(=O)(=O)CC1)C2,124666.0,aryl-F without CF3/CF2,1.0681858617461617,1.8115750058705933,1.212122016233387,3.563233491,0.3103448275862069,2.9284319519120534
OA35PAIR_00311,NC(=O)c1cccc2cc(C(=O)N3CCN(c4nc(-c5cnc(NC(=O)CN6CCOCC6)cc5C(F)(F)F)nc(N5CCOCC5)n4)CC3)oc12,119510.0,CF3-containing,1.2355031964943377,1.7724684030532805,1.3077002744366337,1.691982757,0.3191489361702128,1.195625707766638
OA35PAIR_00313,C=CC(=O)N1CC(O)(c2c[nH]c3ncnc(-c4cc(F)cc(NC(=O)c5ccc(C6CC6)cc5)c4C)c23)C1,117215.0,aryl-F without CF3/CF2,-2.5228787452803374,-1.3872161432802643,-1.6762942767357798,3.308929409,0.4444444444444444,2.582079139151065
OA35PAIR_00314,CN1CCc2c(cnn2-c2cc(Cc3cc(F)cc(C(F)(F)F)c3)ccn2)C1=O,125935.0,CF3-containing,1.8605775512444156,1.7737864449811935,0.91896413260071,3.412580487,0.25609756097560976,2.545709225323532
OA35PAIR_00315,N#CC1(NC(=O)[C@@H]2CCCC[C@H]2C(=O)N2CCc3[nH]c4c(F)cccc4c3C2)CC1,65822.0,aryl-F without CF3/CF2,1.8085485512404056,2.7480328941301435,1.933896833627717,1.027920136,0.359375,0.6106841654222074
OA35PAIR_00318,C[C@@H]1Cc2c([nH]c3c(F)cccc23)[C@@H](c2c(F)cc(NC3CN(CCCF)C3)cc2F)N1CC(F)(F)CO,120738.0,CF2-containing,1.0413926851582251,1.2041199826559248,0.8898850175343127,2.707985538,0.20833333333333334,2.1455909958513324
OA35PAIR_00319,NC(=O)c1c(NC(=O)Cn2nc(C(F)(F)F)c3cnccc32)sc2c1CCCC2,53099.0,CF3-containing,5.184691430817598,2.2143138974244,1.5914408988853657,2.580826935,0.2876712328767123,1.8751797038700417
OA35PAIR_00320,CCNc1cc(C(=O)N[C@@H](Cc2ccccc2)[C@H](O)CNCc2cccc(C(F)(F)F)c2)c(F)c(N2CCCCS2(=O)=O)c1,46976.0,CF3-containing,1.2442771208018428,1.1947917577219245,0.8464216464814662,2.498719839,0.24468085106382978,2.0224540254048966
OA35PAIR_00327,CC(C)S(=O)(=O)NCc1ccc(-n2nc(C(F)(F)F)c3c2CCCC3)cc1,54771.0,CF3-containing,-0.0287241512618947,0.6532125137753437,0.3094590176609017,2.598360375,0.3380281690140845,1.8847403861213299
OA35PAIR_00328,Cc1nn(-c2ccnc(Cc3cc(F)cc(C(F)(F)F)c3)c2)c2c1C(=O)NCC2,125935.0,CF3-containing,1.5595475555804343,1.8573324964312683,0.9193741368420024,1.040087843,0.2857142857142857,0.5187034196439841
OA35PAIR_00329,CCn1c(=O)c(-c2ccc(Cl)cc2Cl)cc2cnc(Nc3ccc(N4CCNCC4)c(F)c3)nc21,122976.0,aryl-F without CF3/CF2,0.8463371121298052,1.823474229170301,1.103915403501928,2.229894203,0.35051546391752575,1.443102927574313
OA35PAIR_00336,COc1cc2nccc(CN3CCc4c(cccc4C(=O)Nc4ccc(F)c(C(F)(F)F)c4)C3)c2cc1OC,43814.0,CF3-containing,2.513790065019759,2.3344537511509307,1.9269937128313,2.221990307,0.32954545454545453,1.7790124595517032
OA35PAIR_00342,C[C@H](C(=O)N[C@H]1COc2ccccc2[C@@H]1S(C)(=O)=O)c1ccc(F)cc1,125936.0,aryl-F without CF3/CF2,0.5453071164658241,0.5563025007672873,0.04225256249524978,2.375389236,0.2714285714285714,1.194288103961472
OA35PAIR_00345,O=C1NC(c2ccc(F)cc2)(c2ccc(F)cc2)CN1C1CCN(Cc2ccccc2)CC1,35229.0,aryl-F without CF3/CF2,-0.2518119729937995,0.3010299956639812,0.03216058942705452,3.172893239,0.36231884057971014,2.4620540098585795
OA35PAIR_00346,CCC(CN)=C1CN(c2nc(Oc3cnc(C)nc3)nc3[nH]c4c(NC)cc(F)cc4c23)C1,122511.0,aryl-F without CF3/CF2,1.296368878310683,2.093517341062794,1.3768436068607395,2.670159542,0.20652173913043478,1.7372180819303147
OA35PAIR_00349,Cc1c2c(=O)n(-c3ccc(F)cc3Cl)[nH]c2cc(=O)n1Cc1ccccn1,53897.0,aryl-F without CF3/CF2,1.6433737066738228,2.1805845966029556,1.0640842696757233,1.027920136,0.36764705882352944,0.4838055135395404
OA35PAIR_00353,CC(C)NC(=O)[C@H]1CC[C@@H](n2c(NC(=O)c3ccc(F)c(Cl)c3)nc3ccc(CN4CCC(C(C)(C)O)CC4)cc32)CC1,65939.0,aryl-F without CF3/CF2,1.9872639541222352,1.8987251815894937,1.6101072649791892,2.82465617,0.3106796116504854,2.3472948448318873
OA35PAIR_00357,COCC(F)(F)CN1[C@H](c2c(F)cc(NC3CN(CCCF)C3)cc2F)c2[nH]c3ccccc3c2C[C@H]1C,120738.0,CF2-containing,1.1139433523068367,1.4313637641589874,0.9895000379108545,2.573176894,0.21,2.1031019187802396
OA35PAIR_00358,Cc1ccc2nc(N3CCCc4ccc(F)cc4C3)cc(NCCN)c2c1,107506.0,aryl-F without CF3/CF2,0.7781512503836436,2.204119982655925,1.4257506774927022,3.737787441,0.2948717948717949,2.23833457889557
OA35PAIR_00361,COc1ccc(F)cc1N1C(=O)CSC1c1cccc(C(=O)NCCCCc2ccccc2)c1,124411.0,aryl-F without CF3/CF2,3.1661369327403115,3.616622529455572,2.985804478413247,2.913366617,0.38271604938271603,2.270214830736856
OA35PAIR_00366,COc1cnc2c(NCc3nnc4ccc(-c5cc(F)cc(F)c5)nn34)ccnc2c1,49014.0,aryl-F without CF3/CF2,1.7402837196818792,1.9795483747040952,1.085012584902384,1.772336379,0.29411764705882354,0.9150540124022413
OA35PAIR_00368,O=C(N[C@@H](c1nccs1)c1ncccc1C(F)(F)F)c1ccc2cccnc2c1,109096.0,CF3-containing,1.2442771208018428,2.459392487759231,1.661753947395912,2.781770449,0.30434782608695654,1.9818882751243165
OA35PAIR_00371,N#CC1(NC(=O)[C@@H]2CCCC[C@H]2C(=O)N2CCc3[nH]c4ccc(C(F)(F)F)cc4c3C2)CC1,65822.0,CF3-containing,1.5866998016240492,2.1690863574870227,1.6201060271226604,1.027920136,0.34328358208955223,0.7386290808697907
OA35PAIR_00372,COc1cc2nc(-c3nc(C(F)(F)F)sc3N3CCN(C(=O)Cn4cnc5cccnc54)[C@H](C)C3)[nH]c2cc1OC,123549.0,CF3-containing,1.545307116465824,1.9795483747040952,1.549446068003985,2.994858913,0.25742574257425743,2.4950834723804736
OA35PAIR_00378,COc1ccc2ncc(F)c([C@@H](O)[C@H](O)[C@@H]3CC[C@@H](NCc4cc5c(cn4)OCCS5)CO3)c2n1,74868.0,aryl-F without CF3/CF2,1.545307116465824,2.7918309476748364,1.9073862677112525,1.037346804,0.21296296296296297,0.6306596212509057
OA35PAIR_00379,O=C(Nc1nc(-c2ccc(OC(F)(F)F)cc2)cs1)[C@H]1CCCCN1S(=O)(=O)c1ccc(OC(F)(F)F)cc1,63066.0,CF3-containing,0.8976270912904415,1.3138672203691537,0.8727058789918608,3.144022817,0.35365853658536583,2.6268399084860063
OA35PAIR_00382,COc1cc(C[C@H](NC(C)=O)[C@H](O)CN[C@H]2CC3(CCC3)Oc3ncc(CC(C)(C)C)cc32)ccc1F,65507.0,aryl-F without CF3/CF2,2.866145505483358,2.4727564493172123,1.9853346583515474,3.350642001,0.3146067415730337,2.745437155338214
OA35PAIR_00387,O=C(Nc1nc2cccc(C3CCC4(CC3)CCN(C(=O)[C@@H]3CC3(F)F)C4)n2n1)C1CC1,124382.0,CF2-containing,1.1212643052295814,1.4511721575125398,0.8888077476561131,1.28688292,0.4,0.8319837725215391
OA35PAIR_00390,Cc1onc(-c2ccc(F)cc2)c1COc1ccc2c(n1)CCN(C(=O)CCS(C)(=O)=O)C2,124666.0,aryl-F without CF3/CF2,1.0224283711854865,1.8987251815894937,1.1436235389562384,2.696490064,0.3076923076923077,1.9322673130237424
OA35PAIR_00394,CC(C)N1CCC(Oc2ccc3c(c2)cc(C(=O)N2CCC(F)(F)CC2)n3C(C)C)CC1,53081.0,CF2-containing,0.670245853074124,1.334453751150931,0.8937467219152975,1.635664665,0.3076923076923077,1.076866917145266
OA35PAIR_00395,CCC1(CC)OC(=N[C@@H](C)c2ccccc2C(F)(F)F)NC1=O,36898.0,CF3-containing,0.8463371121298052,1.0334237554869496,0.5928246391759977,3.138438493,0.21875,2.166336500721565
OA35PAIR_00406,Fc1ccc(-c2noc([C@H]3C[C@@H]3CNc3cnc4ccccc4c3)n2)c(Cl)c1,44059.0,aryl-F without CF3/CF2,1.907034952483417,2.54082981411108,1.8027830271402552,2.376326892,0.352112676056338,1.619244503807358
OA35PAIR_00408,CC(=O)N[C@@H](Cc1ccc(F)cc1)[C@H](O)CN[C@H]1CC2(CCC2)Oc2ncc(CC(C)(C)C)cc21,65507.0,aryl-F without CF3/CF2,2.097569639431371,2.510545010206612,1.9315656385951452,2.539204109,0.26881720430107525,1.9006563195677137
OA35PAIR_00409,NS(=O)(=O)NCCNc1nonc1/C(=N/O)Nc1ccc(F)c(Br)c1,121318.0,aryl-F without CF3/CF2,1.0791812460476249,1.505149978319906,0.750860402165439,2.43065867,0.2597402597402597,1.3981613269504285
OA35PAIR_00418,O=C(NCc1ccc(OC(F)(F)F)cc1)c1c2cccc(O)c2c(O)n1CCc1ccccn1,65828.0,CF3-containing,1.839037873388306,1.255272505103306,0.6845296303998929,1.3250228,0.35294117647058826,0.7442961332585842
OA35PAIR_00420,C[C@@H]1CN(Cc2ccc(-c3cccnc3C(=O)N3CCC(Nc4cccc(F)c4)CC3)cc2F)C[C@H](C)N1,44953.0,aryl-F without CF3/CF2,1.0413137153458605,1.334453751150931,0.9679330848743306,2.47454696,0.3,2.0588503381338246
OA35PAIR_00422,O=C1O[C@]2(CC[C@H](c3nc4cc(OC(F)(F)F)ccc4[nH]3)CC2)CN1c1ccccc1F,53996.0,CF3-containing,-0.2328441339178195,-0.0457574905606751,-0.4747014212688059,2.835418497,0.3150684931506849,2.1287424909332118
OA35PAIR_00426,CC(C)(CC1Cc2ccccc2C1)NC[C@@H](O)COc1cc(C2CC3CC2C2C(C(=O)O)C32)cc(F)c1F,57865.0,aryl-F without CF3/CF2,1.3469394626989906,1.7993405494535817,1.2995760304685464,3.318275952,0.24096385542168675,2.698895380984278
OA35PAIR_00427,CCCS(=O)(=O)N1CCN(C2(CNC(=O)c3c(F)cccc3F)CCC(F)(F)CC2)CC1,72149.0,CF2-containing,1.1821292140529984,0.99563519459755,0.5934762080883798,2.707985538,0.32432432432432434,1.9377830997821568
OA35PAIR_00428,O=C(NC[C@H](c1ccc(Cl)cc1)N1CCOCC1)c1sc(-c2ncccn2)nc1C(F)(F)F,122291.0,CF3-containing,1.6367886890343748,1.9294189257142929,1.2695269508105693,1.965121856,0.27906976744186046,1.2969866398431305
OA35PAIR_00433,C[C@@H](CN1CCC2(CC1)OC(=O)Nc1ccncc12)NC(=O)c1ccc(F)cc1,122085.0,aryl-F without CF3/CF2,1.0791812460476249,1.6989700043360187,0.9055054214796656,2.493792531,0.43902439024390244,1.5628139657346387
OA35PAIR_00435,C[C@H]1CNC(=O)c2cnn3ccc(nc23)N[C@H](C)c2cc(F)ccc2O1,121656.0,aryl-F without CF3/CF2,1.462397997898956,1.6901960800285136,0.8239306464598666,1.535711754,0.2717391304347826,0.7792100296689637
OA35PAIR_00439,Cc1nn(-c2cncc(Cc3cc(F)cc(C(F)(F)F)c3)c2)c2c1C(=O)NCC2,125935.0,CF3-containing,1.499549625905149,2.0546130545568877,1.169072501477343,1.040087843,0.32098765432098764,0.5597540726069394
OA35PAIR_00447,O=C(Nc1cccc(C(F)(F)F)c1)c1cccc2c1CCN(Cc1ccnc3ccccc13)C2=O,43814.0,CF3-containing,2.710650381988283,2.7993405494535817,2.3078160032441697,2.189032477,0.39436619718309857,1.7332517501870603
OA35PAIR_00451,Cc1onc(-c2ccc(F)cc2)c1COc1ccc2c(c1)CCNC2=O,124666.0,aryl-F without CF3/CF2,1.0681858617461617,2.288696260590256,1.276356998492354,2.528250614,0.36363636363636365,1.4889955339056693
OA35PAIR_00456,O=C(N[C@@H](c1ccc(C(F)(F)F)c(F)c1)c1ncccc1C(F)(F)F)c1ccccc1,109096.0,CF3-containing,1.5305838596451178,2.0111473607757975,1.3896892379880788,2.217615529,0.3220338983050847,1.591576915262301
OA35PAIR_00457,C=CC(=O)N(C)C(=O)Cc1c[nH]c2ncnc(-c3cc(F)cc(NC(=O)c4ccc(C5CC5)cc4)c3C)c12,117215.0,aryl-F without CF3/CF2,-1.408935392973501,-1.0087739243075051,-1.332130114140399,3.308929409,0.5157894736842106,2.6076924136996467
OA35PAIR_00458,O=C1CCCN1Cc1ccc(-n2nc(C(F)(F)F)c3c2CCCC3)cc1F,54771.0,CF3-containing,0.5305838596451177,0.5563025007672873,0.11839901050762819,2.598360375,0.32432432432432434,1.7813435975510763
OA35PAIR_00461,CCOc1ncc(-c2nc(C(F)(F)F)sc2N2CCN(C(=O)Cn3ccc(C)n3)[C@H](C)C2)cn1,123547.0,CF3-containing,1.8877297972880305,-1.2518119729937995,-1.6210254172531853,2.094792451,0.29411764705882354,1.41356857241531
OA35PAIR_00462,O=C1c2nc3cccc(C(F)(F)F)c3n2CCN1Cc1ccc(Cl)cc1,121631.0,CF3-containing,-0.8526328922062136,-0.1426675035687315,-0.48457128641254454,2.75236579,0.3088235294117647,2.053472503164387
OA35PAIR_00471,Cc1cc(F)cc(C)c1C(=O)N1C[C@H]2CN(CC[C@H](NC(=O)C3CCCC3)c3ccccc3)C[C@H]2C1,51249.0,aryl-F without CF3/CF2,2.4410978647162684,2.9687630481972485,2.3665711034460237,1.087568476,0.2972972972972973,0.7806780492051201
OA35PAIR_00478,CN(C)C(=O)Cc1ccc(-n2nc(C(F)(F)F)c3c2CCCC3)cc1,54771.0,CF3-containing,1.0126685338963304,0.8887409606828927,0.49598975245437854,2.598360375,0.4153846153846154,1.8572654750424105
OA35PAIR_00479,Cc1nc(C)n(CC(=O)N2CCN(c3sc(C(F)(F)F)nc3-c3cnc(OC(C)C)nc3)C[C@H]2C)n1,123547.0,CF3-containing,1.2723058444020865,-1.744727494896694,-2.153139623150226,2.094792451,0.27586206896551724,1.4356945481596113
OA35PAIR_00480,COc1cc(F)ccc1-c1ccnc(Nc2ccc3c(N4CCOCC4)c(C(C)=O)c(=O)oc3c2)n1,119817.0,aryl-F without CF3/CF2,1.6851862028670606,2.413634997198556,1.6452600298557738,1.027920136,0.33695652173913043,0.5746035930061535
OA35PAIR_00481,C[C@@H]1Cc2c([nH]c3ccccc23)[C@@H](c2c(F)cc(OCCN3CC(CF)C3)cc2F)N1CC(F)(F)F,120738.0,CF3-containing,1.0413926851582251,1.4313637641589874,0.884917110481281,2.552304327,0.25882352941176473,2.057168284009946
OA35PAIR_00491,COc1cnc(COc2cc(F)c(F)cc2C)cc1-c1cc2c([nH]1)CCNC2=O,66794.0,aryl-F without CF3/CF2,2.316159128107968,2.2805783703680764,1.4264712336130643,1.867007611,0.25,1.0848103974375258
OA35PAIR_00492,CC(=O)N1CCc2nc(OCc3c(-c4ccc(F)cc4)noc3C)ccc2C1,124666.0,aryl-F without CF3/CF2,1.9374175814771375,2.7338390006971496,1.8788705536278236,2.696490064,0.3058823529411765,1.8457939098788776
OA35PAIR_00495,Cc1cc(Nc2nc(SCc3ccc(C(=O)Nc4ccc(F)cc4N)cc3)nn3cccc23)[nH]n1,122017.0,aryl-F without CF3/CF2,1.3883321478572157,2.296665190261531,1.4742703095933583,1.191283301,0.28735632183908044,0.7771043216058482
OA35PAIR_00497,CC(C)Oc1cc(F)ccc1Nc1ncnc2ccc(-c3ccc(C(=O)N4CCNCC4)cc3)nc12,120787.0,aryl-F without CF3/CF2,0.930949031167523,1.8376515578463928,1.1866247561063668,1.719090867,0.3684210526315789,1.074691467722632
OA35PAIR_00501,COc1cnc(-c2c(F)ccc(F)c2CCNC(=O)c2ccc(COCC(F)(F)F)nc2)cn1,65301.0,CF3-containing,4.711638538232349,4.9084850188786495,4.00802512901555,1.969075613,0.31645569620253167,1.2477119921353068
OA35PAIR_00505,CC(=O)N[C@@H](Cc1cccc(C(F)(F)F)c1)[C@H](O)CN[C@H]1CC2(CCC2)Oc2ncc(CC(C)(C)C)cc21,65507.0,CF3-containing,2.556736578246606,2.5081255360831993,2.1031422053987465,3.177817186,0.23076923076923078,2.7589393512165636
OA35PAIR_00506,O=C(N1CCCC1)C(F)(F)c1ccc(-n2nc(C(F)(F)F)c3c2CCCC3)cc1,54771.0,CF3-containing,1.670245853074124,1.831613855309099,1.1230751816518612,2.259804048,0.39344262295081966,1.573108677381796
OA35PAIR_00512,N#Cc1c(-c2ccc(S(=O)(=O)NC(CF)CF)cn2)n(C2CCC2)c2cc(OC(F)F)ccc12,74042.0,CF2-containing,1.0,0.3010299956639812,-0.07049720996467707,1.537403484,0.34177215189873417,0.9133723401730898
OA35PAIR_00513,C=CC(=O)N1CCC(c2c[nH]c3ncnc(-c4cc(F)cc(NC(=O)c5ccc(C6CC6)cc5)c4C)c23)CC1,117215.0,aryl-F without CF3/CF2,-0.8996294548824371,-0.2380721615794709,-0.4078634109952448,3.308929409,0.4489795918367347,2.768201864534082
OA35PAIR_00522,C=CC(=O)N(C)CCOc1cncnc1-c1ccc(CN2CCN(CC(F)(F)F)CC2=O)c(C)c1,123689.0,CF3-containing,2.499687082618404,3.0453229787866576,2.3244905934594833,3.308929409,0.3063063063063063,2.584316125429652
OA35PAIR_00523,N#Cc1cc(F)cc(-c2nc(-c3ccccn3)no2)c1,65886.0,aryl-F without CF3/CF2,2.031973689091717,1.717670503002262,1.0017018764201868,1.027920136,0.4,0.6455058809393374
OA35PAIR_00525,CN(CCc1ccccc1)C(=O)c1ccc(-n2nc(C(F)(F)F)c3c2CCCC3)cc1,54771.0,CF3-containing,0.7116385382323491,1.6652056284346006,1.0061773934454634,2.598360375,0.3835616438356164,2.0041686194721637
OA35PAIR_00531,Cn1nc(CN2CCCC2)nc1-c1ccc(C2(C(F)(F)F)CC2)cc1,119963.0,CF3-containing,0.670245853074124,2.5716622561765012,1.5331832621639192,3.350809136,0.2857142857142857,2.015139498895441
OA35PAIR_00532,CNC(=O)Nc1cc2c(cc1F)[C@@]1(CC2)OC(=O)N(CC(=O)N2Cc3ccc(F)cc3CC[C@H]2C2CC2)C1=O,121619.0,aryl-F without CF3/CF2,2.2750117377780112,2.230244499401375,1.65491746761897,2.400698554,0.25274725274725274,1.8085139445880323
OA35PAIR_00543,Cc1nnn(-c2ccc(F)cc2)c1COc1ccc2c(n1)CCN(C(=O)C1CCOC1)C2,124666.0,aryl-F without CF3/CF2,1.1821292140529984,1.717670503002262,0.8900397399123766,3.563233491,0.32558139534883723,2.657394565727923
OA35PAIR_00546,Cc1nc(N[C@H](C)c2cc(N)cc(C(F)(F)F)c2)c2cc(O[C@H]3CCOC3)c(O)cc2n1,122807.0,CF3-containing,1.7489628612561614,1.4742162640762553,0.8802570710719257,1.551718299,0.2222222222222222,0.9414335156875789
OA35PAIR_00547,CC(=O)Cc1ccc(-n2nc(C(F)(F)F)c3c2CCCC3)cc1,54771.0,CF3-containing,0.4831592097169795,0.9876662649262749,0.6540217411075522,2.259804048,0.41379310344827586,1.612650468813817
OA35PAIR_00548,Cn1nc(-c2cccc(-n3ncc4cc(C(C)(C)C)cc(F)c4c3=O)c2CO)cc(Nc2ccc(C(=O)N3CCOCC3)cn2)c1=O,110706.0,aryl-F without CF3/CF2,1.3692158574101427,1.717670503002262,1.3810454295500618,1.578593372,0.30833333333333335,1.206019344112374
OA35PAIR_00550,O=C1NCCCc2c1cnn2-c1ccnc(Cc2cc(F)cc(C(F)(F)F)c2)c1,125935.0,CF3-containing,1.390405156480081,2.2638726768652235,1.3565255344224236,1.899004751,0.25287356321839083,1.0145690220534862
OA35PAIR_00551,COc1cnc(COc2ccc(F)c(F)c2)cc1-c1cc2c([nH]1)CCNC2=O,66794.0,aryl-F without CF3/CF2,1.839037873388306,1.91803033678488,1.0915636003642049,1.867007611,0.2625,1.0435278241134882
OA35PAIR_00553,C[C@@H]1CCN(c2cc(-c3ccccc3)ccn2)C[C@H]1c1cc(C(F)F)nc2ncnn12,117433.0,CF2-containing,1.6479694583629718,2.45117215751254,1.7613740439226233,2.64325325,0.2727272727272727,1.9507327498163396
OA35PAIR_00559,Cc1nc2ccc(F)c(-c3cc4c([nH]3)[C@@H](C)NC4=O)c2nc1NC(C)(C)C,114532.0,aryl-F without CF3/CF2,1.6122539060964374,1.9712758487381052,0.9210754826366994,1.602135986,0.21333333333333335,0.7310082734547154
OA35PAIR_00566,FC(F)(F)c1cccc(-c2nnnn2Cc2cccnc2)c1Cl,122291.0,CF3-containing,1.8750612633917,2.619792232630352,1.736727441932802,1.922798094,0.3283582089552239,1.0082130739134754
OA35PAIR_00567,C[C@@H]1Cc2c([nH]c3ccccc23)[C@@H](c2c(F)cc(NC3CN(CCCF)C3)cc2F)N1CC(F)(F)CO,120738.0,CF2-containing,1.0413926851582251,1.2787536009528289,0.8826351674966244,2.212283512,0.21428571428571427,1.7757688124560471
OA35PAIR_00568,Cc1nc(C)n(CC(=O)N2CCN(c3sc(C(F)(F)F)nc3-c3nc4ccccc4[nH]3)C[C@H]2C)n1,123549.0,CF3-containing,1.545307116465824,1.8463371121298051,1.1496268745818319,2.714158691,0.27472527472527475,2.0111594210170374
OA35PAIR_00572,C[C@@H](CN1CCC(n2c(O)cc3ccccc32)CC1)NC(=O)c1ccc(F)cc1,122085.0,aryl-F without CF3/CF2,1.6232492903979006,2.4927603890268375,1.6254193398565202,2.82465617,0.527027027027027,1.923792141818323
OA35PAIR_00573,CC1(C(F)(F)F)OC(=NC2CCCCCCC2)NC1=O,36898.0,CF3-containing,0.8463371121298052,2.04766419460156,1.0783386867718652,1.317143662,0.25925925925925924,0.7309162895513378
OA35PAIR_00576,C[C@@H]1Cc2c([nH]c3ccccc23)[C@@H](c2c(F)cc(N[C@H]3CCN(CCCF)C3)cc2F)N1CC(F)(F)CO,120738.0,CF2-containing,1.0413926851582251,1.414973347970818,0.9803346773275969,3.238583242,0.22826086956521738,2.68209708590889
OA35PAIR_00577,CC(C)NC(=O)[C@H]1CC[C@@H](n2c(NC(=O)c3ccc(F)cc3)nc3ccc(CNCC(C)(C)O)cc32)CC1,65939.0,aryl-F without CF3/CF2,2.4355417827721806,2.087781417809542,1.6396480520130852,2.024633418,0.27906976744186046,1.576500052203543
OA35PAIR_00580,Cc1onc(-c2ccc(F)cc2)c1COc1ccc2c(n1)CCN(C(=O)CS(C)(=O)=O)C2,124666.0,aryl-F without CF3/CF2,0.8463371121298052,1.717670503002262,0.9501471382837093,2.696490064,0.3146067415730337,1.9250518267179328
OA35PAIR_00582,O=C(N[C@@H](c1ccc(OC(F)(F)F)cc1)c1ncccc1C(F)(F)F)c1ccc2cccnc2c1,109096.0,CF3-containing,1.3692158574101427,1.4313637641589874,0.8844445666090477,2.784010711,0.30434782608695654,2.1511878512752722
OA35PAIR_00584,O=C1O[C@]2(CC[C@H](c3nc4cc(C(F)(F)F)ccc4[nH]3)CC2)CN1c1ccccn1,53996.0,CF3-containing,-0.2328441339178195,-0.0457574905606751,-0.44728898057274324,1.525446506,0.32857142857142857,0.8836085180728072
OA35PAIR_00585,Cc1ccc2nc(N3CCCc4ccc(F)cc4C3)cc(NCCO)c2c1,107506.0,aryl-F without CF3/CF2,1.5563025007672873,1.9084850188786495,1.304577126319414,2.670159542,0.2948717948717949,1.7195038583494195
OA35PAIR_00590,CNC(=O)c1ccc(=O)n(Cc2cc(Br)ccc2F)c1,116627.0,aryl-F without CF3/CF2,-0.2075382686530493,0.1360860973840974,-0.4040653830453702,2.009990242,0.3387096774193548,0.8302813957184945
OA35PAIR_00592,O=C1OC2(CCN(c3nc4cc(C(F)(F)F)ccc4[nH]3)CC2)CN1c1ccccc1,53996.0,CF3-containing,-0.2328441339178195,-0.0457574905606751,-0.43054271014047074,3.1082077,0.2839506172839506,2.361906191968145
OA35PAIR_00595,COc1cnc(-c2ccccn2)nc1NCc1ccccc1C(F)(F)F,63001.0,CF3-containing,1.8864907251724816,2.7442929831226763,1.8942972091584496,1.460085599,0.3188405797101449,0.7667486930912302
OA35PAIR_00598,CC(C)NC(=O)[C@H]1CC[C@@H](n2c(NC(=O)c3cc(F)cc(F)c3)nc3ccc(CN4CCC(C(C)(C)O)CC4)cc32)CC1,65939.0,aryl-F without CF3/CF2,2.0077051143647804,1.9365137424788936,1.586721001526588,1.05095946,0.2857142857142857,0.8094197615383796
OA35PAIR_00605,O=C1c2nc3cccc(C(F)(F)F)c3n2CCN1CC1CCC1,121631.0,CF3-containing,-0.1994203784308698,-0.3829996588791011,-0.7698704809392434,2.500527371,0.3125,1.6783160572895632
OA35PAIR_00619,O=C(NCc1ccc(OC(F)(F)F)cc1)c1c2ccccc2c(O)n1CCc1ccncc1,65828.0,CF3-containing,2.2986347831244354,1.5563025007672873,0.8184559352627544,1.3250228,0.328125,0.7076693035640143
OA35PAIR_00621,N#Cc1cc(N2CCN(CCN3CCC(C(F)(F)F)CC3)C2=O)ccc1F,47715.0,CF3-containing,1.0272272540672551,1.2723058444020865,0.7359627207695822,1.197115081,0.3,0.7667135555853501
OA35PAIR_00623,CC[C@@H](NC(=O)c1ccc2c(c1)ncn2Cc1ccc(F)cc1F)c1ccccc1,58837.0,aryl-F without CF3/CF2,-0.2328441339178195,0.8234742291703011,0.49255010270153027,2.716877733,0.3116883116883117,1.8996100771901652
OA35PAIR_00624,CC(=O)N(C)Cc1ccc(-n2nc(C(F)(F)F)c3c2CCCC3)cc1,54771.0,CF3-containing,0.9872639541222356,0.7737864449811935,0.3627902629240422,2.598360375,0.4090909090909091,1.8514100032835235
OA35PAIR_00627,O=C1O[C@]2(CC[C@H](c3nc4cc(OC(F)(F)F)ccc4[nH]3)CC2)CN1c1ccccn1,53996.0,CF3-containing,-0.2328441339178195,-0.0457574905606751,-0.4657807867351178,1.525446506,0.3150684931506849,0.8830966290222197
OA35PAIR_00630,C[C@@H]1Cc2c([nH]c3ccccc23)[C@@H](c2ccc(OCCN3CC(CF)C3)nc2)N1CC(C)(C)F,120738.0,other alkyl-F/nonfluorinated,1.0791812460476249,1.57978359661681,1.174183858796336,2.552304327,0.2247191011235955,2.089937956679682
OA35PAIR_00648,Cc1ccc2c(N3CCN(CCc4c(C)ccc5c4ccc(=O)n5C)CC3)cc(F)cc2n1,54003.0,aryl-F without CF3/CF2,0.2723058444020864,0.6170003411208989,0.25051677998336463,1.027920136,0.2962962962962963,0.6614365748624659
OA35PAIR_00649,CCCCOCCOc1nc(-c2ccc(C(=O)O)c(F)c2)sc1C,45988.0,aryl-F without CF3/CF2,1.624488362513449,1.255272505103306,0.695318783446637,2.164834477,0.29411764705882354,1.3510367460557728
OA35PAIR_00654,CC[C@@H](c1nc2cccc(F)c2c(=O)n1C1CC1)n1nc(-c2ccc(OC)c(F)c2)c2c(N)ncnc21,118534.0,aryl-F without CF3/CF2,0.9374175814771378,1.4196253608877432,0.7920172666259314,2.573176894,0.29473684210526313,1.8024875669453109
OA35PAIR_00655,Cc1nc(C)n(CC(=O)N2CCN(c3sc(C(F)(F)F)nc3-c3nc4c(F)c(O)ccc4[nH]3)C[C@H]2C)n1,123549.0,CF3-containing,1.3234583668494675,1.8785217955012063,1.218754781225883,2.094792451,0.23655913978494625,1.4641775552901666
OA35PAIR_00656,Oc1cc(-c2c[nH]c3ccc(F)cc23)c(O)[nH]1,121318.0,aryl-F without CF3/CF2,0.4623979978989561,0.8573324964312685,0.6314609311161419,1.787375449,0.22950819672131148,1.329256946546555
OA35PAIR_00659,Nc1nc(C(F)(F)F)nc2c1nnn2C[C@H]1CN(Cc2ccccn2)CCO1,63009.0,CF3-containing,1.624488362513449,1.8115750058705933,0.8776626880889427,1.027920136,0.2916666666666667,0.6043500046137116
OA35PAIR_00660,O=C1NC(c2ccc(F)cc2)(c2ccc(F)cc2)CN1C1CCN(Cc2cccc(F)c2)CC1,35229.0,aryl-F without CF3/CF2,-0.1079053973095195,0.146128035678238,-0.16604308087080016,3.048810681,0.39655172413793105,2.3151513533471784
OA35PAIR_00662,C#CCN(Cc1ccc(F)cc1)c1cc(C)c(NC(=O)OC)c(C)c1,124289.0,aryl-F without CF3/CF2,1.7972675408307164,2.0211892990699383,1.1388555869643036,1.309012349,0.3064516129032258,0.7307509897299769
OA35PAIR_00665,CN[C@@H](C)C(=O)N[C@H](C(=O)N1CCC[C@H]1c1nc(C(=O)c2ccc(F)cc2)cs1)C1CCN(C(=O)c2cnc(N3CCN(CCOc4cc5ncnc(Nc6[nH]nc(C)c6C)c5cc4S(=O)(=O)C(C)(C)C)CC3)nc2)CC1,120934.0,aryl-F without CF3/CF2,-0.0625824185228622,-0.0634862575211067,-0.20521018347024472,2.226256974,0.2328767123287671,2.0370401486599414
OA35PAIR_00667,C[C@@H]1Cc2c([nH]c3ccccc23)[C@@H](c2c(F)cc(NC3CN(CCC(F)F)C3)cc2F)N1CC(F)(F)CO,120738.0,CF2-containing,1.0791812460476249,1.3979400086720375,0.9375357645699398,2.96168017,0.19318181818181818,2.3782231449989086
OA35PAIR_00675,Cc1nn(-c2ccnc(Cc3cc(F)cc(C(F)F)c3)c2)c2c1C(=O)NCC2,125935.0,CF2-containing,1.5733358400660675,2.1065308538223815,1.1019978985508143,1.040087843,0.2558139534883721,0.5203426980625077
OA35PAIR_00678,CNC(=O)Nc1ccc2c(c1)CC[C@@]21OC(=O)N(CC(=O)N2Cc3ccccc3CC[C@H]2C(F)(F)F)C1=O,110861.0,CF3-containing,2.2355031964943377,2.3823773034681137,1.7710138373901951,2.556304914,0.25806451612903225,1.895156293676457
OA35PAIR_00693,CC(=O)N1Cc2ccc(OCc3c(C)nnn3-c3ccc(F)cc3)nc2C1,124666.0,aryl-F without CF3/CF2,1.0224283711854865,1.6532125137753435,0.781644953218811,3.399959639,0.2948717948717949,2.246387230776077
OA35PAIR_00698,C[C@@H]1Cc2c([nH]c3ccc(F)cc23)[C@@H](c2c(F)cc(NC3CN(CCCF)C3)cc2F)N1CC(F)(F)CO,120738.0,CF2-containing,1.0,1.146128035678238,0.8607208560128745,1.788860992,0.19626168224299065,1.341971780975538
OA35PAIR_00700,O=C(N[C@H]1CCN(CC2CC2)C[C@@H]1C(=O)NC1(c2ncccn2)CC1)c1cc(-c2ccc(F)cc2F)on1,118560.0,aryl-F without CF3/CF2,1.0319736890917168,2.401400540781544,1.9548281343410052,1.905153405,0.27956989247311825,1.4705835186278824
OA35PAIR_00713,Cc1ncnc(C)c1C(=O)N1C[C@H]2CN(CC[C@H](NC(=O)CC3CCC(F)(F)CC3)c3cccc(F)c3)C[C@H]2C1,51249.0,CF2-containing,2.121264305229581,1.6354837468149122,1.0996889806928623,1.153387979,0.2717391304347826,0.8616133492058704
OA35PAIR_00720,CC(C)NC(=O)[C@H]1CC[C@@H](n2c(NC(=O)c3cc(F)cc(Cl)c3)nc3ccc(CN4CCC(C(C)(C)O)CC4)cc32)CC1,65939.0,aryl-F without CF3/CF2,1.9872639541222352,1.8887409606828929,1.6058610800192814,2.82465617,0.2857142857142857,2.352506691704735
OA35PAIR_00741,O=C(NCc1ccc(C(F)(F)F)cc1)c1c2ccccc2c(O)n1CCc1ccccn1,65828.0,CF3-containing,2.3234583668494677,2.0187004986662433,1.3303149581774862,1.3250228,0.4,0.7900584348698948
OA35PAIR_00744,CC(C)C(=O)Nc1ncc(-c2cc(C(F)F)nn2-c2c(Cl)cccc2Cl)s1,122976.0,CF2-containing,0.670245853074124,2.45117215751254,1.7465655249257668,1.027920136,0.29577464788732394,0.69958542735528
OA35PAIR_00746,C[C@@H]1Cc2c(ccc3[nH]ncc23)[C@@H](c2c(F)cc(OCCN3CC(CF)C3)cc2F)N1CC(C)(C)F,120738.0,aryl-F without CF3/CF2,1.230448921378274,1.6434526764861874,1.2196876100487317,2.447650986,0.23157894736842105,2.0465817506487367
OA35PAIR_00749,O=C(O)CN1C(=O)[C@@]2(CC(=O)N(Cc3cc(Cl)ccc3F)C2=O)c2cc(Cl)ccc21,39450.0,aryl-F without CF3/CF2,0.7671558660821804,1.534026106056135,0.8391864403533548,2.653160395,0.2535211267605634,1.8553332364797543
OA35PAIR_00751,COC(=O)N1CCc2nc(C)n([C@H]3C[C@H]4CC[C@@H](C3)N4CC[C@H](NC(C)=O)c3cccc(F)c3)c2C1,54775.0,aryl-F without CF3/CF2,1.3469394626989906,1.4313637641589874,0.9263996233810561,3.293540435,0.26262626262626265,2.711273921127653
OA35PAIR_00761,Cc1ncnc(C)c1C(=O)N1C[C@H]2CN(CC[C@H](NC(=O)CC3CC(F)(F)C3)c3cccc(C#N)c3)C[C@H]2C1,51249.0,CF2-containing,1.545307116465824,1.7466341989375789,1.2525175075455923,2.845618261,0.25274725274725274,2.4071253551530547
OA35PAIR_00762,Cc1ncnc(C)c1C(=O)N1C[C@H]2CN(CC[C@H](NC(=O)CC3CC(F)(F)C3)c3cccc(F)c3)C[C@H]2C1,51249.0,CF2-containing,1.515343893088381,1.717670503002262,1.1538103008727985,1.153387979,0.26373626373626374,0.8529260528362004
OA35PAIR_00763,Cc1cc(-c2cnc([C@H](C)Nc3nccc(N4C(=O)OC[C@@H]4C(C)C)n3)nc2)ccc1F,106636.0,aryl-F without CF3/CF2,2.379939722801916,3.0246498311794445,2.053604757368257,3.029882321,0.28205128205128205,2.0588372471888126
OA35PAIR_00764,O=C(C(F)c1ccc(-n2nc(C(F)(F)F)c3c2CCCC3)cc1)N1CCCC1,54771.0,CF3-containing,1.3924683170438543,1.5541255815130126,0.8905463307560755,2.259804048,0.38095238095238093,1.4660171481582733
OA35PAIR_00767,Cc1ncnc(C)c1C(=O)N1C[C@H]2CN(CC[C@H](NC(=O)CC3CC(F)(F)C3)c3ccccc3)C[C@H]2C1,51249.0,CF2-containing,1.8463371121298051,2.040602340114073,1.4860292439779585,3.206827764,0.2891566265060241,2.614536172991058
OA35PAIR_00770,CC(C)NC(=O)[C@H]1CC[C@@H](n2c(NC(=O)c3ccc(F)cc3)nc3ccc(CN4CCC(C(N)=O)CC4)cc32)CC1,65939.0,aryl-F without CF3/CF2,1.0224283711854865,1.9084850188786495,1.4733959487142894,2.159338557,0.37333333333333335,1.755976824139445
OA35PAIR_00773,CC(=O)Nc1cccc(Nc2ncnc(N3CCC(Oc4ccc(OC(F)(F)F)cc4)CC3)n2)c1C,58512.0,CF3-containing,2.1095785469043866,1.7737864449811935,1.0448825381917182,1.874377435,0.34065934065934067,1.1475564630934678
OA35PAIR_00789,C[C@@H]1Cc2c([nH]c3ccccc23)[C@@H](c2c(F)cc(OCCN3CC(CF)C3)cc2F)N1CC1(F)COC1,120738.0,aryl-F without CF3/CF2,1.0791812460476249,1.462397997898956,0.9697438617584172,2.552304327,0.24444444444444444,2.097019388131704
OA35PAIR_00790,Nc1nc(C(F)(F)F)cc2c1[nH]c(=O)n2Cc1ccc(NCC2CC2)nc1,61874.0,CF3-containing,2.1509712320626115,2.184691430817599,1.2123353419127014,1.922798094,0.27848101265822783,0.9606012392460702
OA35PAIR_00791,COc1cccc2c(O)n(CCc3ccccn3)c(C(=O)NCc3ccc(OC(F)(F)F)cc3)c12,65828.0,CF3-containing,2.0549575960124065,1.823474229170301,1.1327628126739584,1.3250228,0.352112676056338,0.7973762985292109
OA35PAIR_00794,Cn1nc(-c2ccccc2Cl)c2c3cc(F)cc(F)c3nnc21,112300.0,aryl-F without CF3/CF2,1.515343893088381,2.8429834701222174,1.9149878709694472,1.687858793,0.25925925925925924,0.9310903044852111
OA35PAIR_00797,O=C(N[C@@H](c1ccc(C(F)(F)F)c(F)c1)c1ccccc1C(F)(F)F)c1ccc2cccnc2c1,109096.0,CF3-containing,1.8535156967569288,1.7466341989375789,1.2284734506983521,2.784010711,0.3088235294117647,2.2207317847890358
OA35PAIR_00798,Cc1ccccc1N1C[C@]2(CC[C@@H](c3nc4cc(OC(F)(F)F)ccc4[nH]3)CC2)OC1=O,53996.0,CF3-containing,-0.2328441339178195,-0.0457574905606751,-0.4193118802196458,2.835418497,0.3472222222222222,2.2718246651996847
OA35PAIR_00803,Cc1nnn(-c2ccc(F)cc2)c1COc1ccc2c(n1)CCN(C(=O)C1CCCO1)C2,124666.0,aryl-F without CF3/CF2,1.2442771208018428,1.91803033678488,1.0279333392780348,3.563233491,0.3103448275862069,2.5988001205486384
OA35PAIR_00806,CC(C)NC(=O)[C@H]1CC[C@@H](n2c(NC(=O)c3ccc(F)cc3)nc3ccc(CN4CCC[C@H]4C(N)=O)cc32)CC1,65939.0,aryl-F without CF3/CF2,3.151688481576429,3.3264177955543888,2.6396192369658973,2.571648283,0.2755102040816326,1.9431738794224835
OA35PAIR_00807,Cc1ccc(C(=O)Nc2cc(C(=O)O)nn2Cc2ccc(F)cc2)cc1,124351.0,aryl-F without CF3/CF2,-2.9318141382538383,-1.8416375079047504,-2.411544737486653,2.554136493,0.3620689655172414,1.2163255736551797
OA35PAIR_00808,Cc1noc2ccc(Nc3[nH]nc4ncc(F)cc34)cc12,110470.0,aryl-F without CF3/CF2,1.3729120029701063,1.5943925503754266,0.886923438101676,2.499054421,0.24242424242424243,1.6787542665088016
OA35PAIR_00813,COc1ccccc1N1C(=O)CSC1c1cc(F)cc(C(=O)NCCCCc2ccccc2)c1,124411.0,aryl-F without CF3/CF2,3.385413210922582,3.76835686556845,3.0100214462280466,2.551348732,0.4025974025974026,1.9146878212732545
OA35PAIR_00815,C[C@@H]1Cc2c([nH]c3ccccc23)[C@@H](c2c(F)cc(OCCN3CC(CF)C3)cc2F)N1C[C@](C)(F)C#N,120738.0,aryl-F without CF3/CF2,1.1139433523068367,1.505149978319906,1.0172019548622615,2.552304327,0.24175824175824176,2.038540994216044
OA35PAIR_00826,O=C(c1cc(F)cc(F)c1)N1C[C@@H]2[C@H](CNc3nc(-c4ccccn4)cs3)[C@@H]2C1,52012.0,aryl-F without CF3/CF2,1.2986347831244356,1.2966651902615312,0.742479060538372,2.103919973,0.44285714285714284,1.3292102487905204
OA35PAIR_00827,C[C@H]1C[C@@H](c2ccncc2NC(=O)c2nc(-c3c(F)cccc3F)sc2N)C[C@@H](O)[C@]1(C)O,119055.0,aryl-F without CF3/CF2,1.6434526764861874,1.8864907251724816,1.1988202582266902,2.119028122,0.2716049382716049,1.4383539286263312
OA35PAIR_00829,O=C(NCC1CCCC(F)(F)C1)c1c(Cl)ccc2nc(N3CC[C@@H](F)C3)ccc12,111412.0,CF2-containing,1.6809697184658972,2.2638726768652235,1.568868707717918,2.67861943,0.3333333333333333,1.98603878482005
OA35PAIR_00831,CC[C@]1(O)[C@H](O)C[C@H](c2ccncc2NC(=O)c2nc(-c3ncccc3F)ccc2N)C[C@@H]1C,119055.0,aryl-F without CF3/CF2,1.792391689498254,2.123851640967086,1.5858755809516611,2.827400293,0.2727272727272727,2.1811102690872946
OA35PAIR_00835,O=S(=O)(Cc1ccc2c(c1)CCNCC2)c1ccc(-c2ccc(F)c(F)c2)cc1,50186.0,aryl-F without CF3/CF2,0.0681858617461616,0.2966651902615311,-0.05700182621623667,3.438004091,0.23943661971830985,2.5456223139424745
OA35PAIR_00844,CC(C)(CO)CNCc1c(C(=O)N[C@@H]2CCC[C@H](O)C2)noc1-c1ccc(C(F)(F)F)cc1,57127.0,CF3-containing,1.1473671077937864,2.2237554536572413,1.6511298615444299,1.956379761,0.26582278481012656,1.3971245214476258
OA35PAIR_00854,O=c1c2c(CN3CCCC3)n(CCc3ccccn3)c(=O)cc2[nH]n1-c1ccc(F)cc1Cl,53897.0,aryl-F without CF3/CF2,1.7252417146032657,2.0497605517624757,1.241372610461172,2.080686,0.3333333333333333,1.2722980586986963
OA35PAIR_00855,O=C1O[C@]2(CC[C@H](c3nc4cc(OC(F)(F)F)ccc4[nH]3)CC2)CN1c1ccccc1,53996.0,CF3-containing,-0.2328441339178195,-0.0457574905606751,-0.4810879802352387,2.835418497,0.32857142857142857,2.0935877922330444
OA35PAIR_00859,O=C(NCc1ccc(OC(F)(F)F)cc1)c1c2ccccc2c(O)n1CCc1ccc(F)cn1,65828.0,CF3-containing,2.545307116465824,2.296665190261531,1.4936385240368004,1.3250228,0.36363636363636365,0.7471347839048372
OA35PAIR_00861,Fc1ccc2[nH]c(Cc3c[nH]c4c(F)cccc34)cc2c1,119914.0,aryl-F without CF3/CF2,1.4299136977637543,2.0384611961785635,1.3930943436696603,3.332564892,0.2857142857142857,2.4297988524788767
OA35PAIR_00866,O=C(N[C@@H](c1ccc(F)cc1)c1ncccc1C(F)(F)F)c1ccc2cccnc2c1,109096.0,CF3-containing,1.4483971034577676,2.040602340114073,1.4067168212945351,2.784010711,0.3230769230769231,2.1106323059015693
OA35PAIR_00867,CC(C)NC(=O)[C@H]1CC[C@@H](n2c(NC(=O)c3ccc(F)c(F)c3)nc3ccc(CN4CCC(C(C)(C)O)CC4)cc32)CC1,65939.0,aryl-F without CF3/CF2,1.8463371121298051,1.534026106056135,1.0934455125531874,2.82465617,0.29411764705882354,2.275640518360207
OA35PAIR_00873,O=C1OC2(CCN(c3nc4cc(F)ccc4[nH]3)CC2)CN1c1ccccc1,53996.0,aryl-F without CF3/CF2,0.9132839017604184,-0.0457574905606751,-0.5171643277533254,2.987411064,0.32894736842105265,1.8708959293221328
OA35PAIR_00886,O=C(NCC1(O)CCC(F)(F)CC1)c1cc(-c2ncc(F)cn2)ccc1Cl,122291.0,CF2-containing,0.8939281265426069,1.7269715836828767,0.8975156818438726,2.676555528,0.3188405797101449,1.6841120151495765
OA35PAIR_00889,CC(C)NC(=O)[C@H]1CC[C@@H](n2c(NC(=O)c3ccc(F)cc3)nc3ccc(CN4CCC[C@H]4C(C)(C)O)cc32)CC1,65939.0,aryl-F without CF3/CF2,2.823298128141233,2.913283901760418,2.3513709200182906,2.571648283,0.2727272727272727,2.053527923601262
OA35PAIR_00890,COc1ncc(-c2cccc(C)c2CCNC(=O)c2ccc(OCCC(F)(F)F)nc2)cn1,65301.0,CF3-containing,4.881099218389017,4.760422483423212,3.836830380931385,1.027920136,0.33766233766233766,0.6700235227527981
OA35PAIR_00893,COc1ncc(-c2c(C)ccc(F)c2CCNC(=O)c2ccc(OCC(F)(F)F)nc2)cn1,65301.0,CF3-containing,4.9374175814771375,4.799340549453582,3.807964789096542,1.027920136,0.3246753246753247,0.6473631311003558
OA35PAIR_00894,N[C@H]1CCN(c2c(-c3cc(F)cc(Cl)c3)cncc2-c2nc3c(F)cccc3[nH]2)C1,123052.0,aryl-F without CF3/CF2,1.0681858617461617,1.4014005407815442,0.8192562384330504,1.413165598,0.25287356321839083,0.7770090980480402
OA35PAIR_00898,C[C@@H](OC[C@H](O)CNC(C)(C)Cc1ccc(Cl)cc1F)c1ccccc1C1CC2CC1C1C(C(=O)O)C21,57865.0,aryl-F without CF3/CF2,1.2723058444020865,1.4014005407815442,0.835681970658653,3.264134452,0.2079207920792079,2.6669133171222743
OA35PAIR_00901,C[C@@H]1Cc2c([nH]c3ccccc23)[C@@H](c2ccc(NC3CN(CCCF)C3)cc2F)N1CC(F)(F)CO,120738.0,CF2-containing,1.0,1.0,0.7185570767432904,2.212283512,0.20930232558139536,1.7531496367536212
OA35PAIR_00911,O=C(NCc1ccc(CC(F)(F)F)cc1)c1c2ccccc2c(O)n1CCc1ccccn1,65828.0,CF3-containing,2.3469394626989906,1.8785217955012063,1.1705675490350604,1.3250228,0.4,0.7928006417409423
OA35PAIR_00914,CC(C)C[C@@H]1C(=O)N[C@H](C2Cc3ccccc3C2)C(=O)N1[C@@H](C(=O)N(C)C)c1ccc(F)cc1F,62085.0,aryl-F without CF3/CF2,1.2143138974243997,0.5563025007672873,0.14094859025051903,2.285147574,0.25675675675675674,1.5536111107650008
OA35PAIR_00924,CC(C)NC(=O)[C@H]1CC[C@@H](n2c(NC(=O)c3ccc(F)cc3)nc3ccc(CN4CCS(=O)(=O)CC4)cc32)CC1,65939.0,aryl-F without CF3/CF2,2.647969458362972,2.73814608871206,2.177019380301417,1.28688292,0.375,0.8568669584272488
OA35PAIR_00928,CCCCN(C)C(=O)c1ccc(-n2nc(C(F)(F)F)c3c2CCCC3)cc1,54771.0,CF3-containing,0.2723058444020864,1.404491617758686,0.866695127481754,2.598360375,0.42028985507246375,1.8733209999692566
OA35PAIR_00932,C[C@@H]1Cc2c([nH]c3ccccc23)[C@@H](c2ccc(NC3CN(CCCF)C3)nc2)N1CC(F)(F)CO,120738.0,CF2-containing,0.7781512503836436,1.3617278360175928,0.9137383881617096,3.352950636,0.2222222222222222,2.610376228362205
OA35PAIR_00933,Fc1ccc(-c2noc(C3CCN(c4cnc5ccc(Cl)cc5c4)CC3)n2)c(Cl)c1,44059.0,aryl-F without CF3/CF2,1.6479694583629718,1.760422483423212,1.087251017532658,2.771893804,0.35294117647058826,1.947858544660636
OA35PAIR_00935,Cn1nc(CN2CCCC2)nc1-c1cccc(C2(C(F)(F)F)CC2)c1,119963.0,CF3-containing,0.9658129530366032,2.4139364859172954,1.3243334444043509,3.184623585,0.2857142857142857,2.0384755838053663
OA35PAIR_00940,Cc1cccc(N2C[C@]3(CC[C@@H](c4nc5cc(OC(F)(F)F)ccc5[nH]4)CC3)OC2=O)n1,53996.0,CF3-containing,-0.1536628878701947,0.1003705451175628,-0.2732957225193827,2.835418497,0.3424657534246575,2.2527285426445083
OA35PAIR_00947,O=C(Nc1ccc(OC(F)(F)F)cc1)NC1CCN(C(=O)CCCCNc2c3c(nc4cc(Cl)ccc24)CCCC3)CC1,124540.0,CF3-containing,0.9712758487381052,1.670245853074124,1.200926286464991,1.422409257,0.32954545454545453,0.9080549186207549
OA35PAIR_00950,Cc1ccc2nc(N3CCCc4ccc(F)cc4C3)cc(NC3(CN)COC3)c2c1,107506.0,aryl-F without CF3/CF2,1.0791812460476249,1.568201724066995,0.9845149401163881,2.670159542,0.2926829268292683,1.8799309860505695
OA35PAIR_00951,O=C(Cc1ccc(-n2nc(C(F)(F)F)c3c2CCCC3)cc1F)N1CCCC1,54771.0,CF3-containing,0.907034952483417,1.385606273598312,0.7764680327706773,2.894272853,0.3684210526315789,2.020943002949835
OA35PAIR_00961,C[C@@H]1Cc2c([nH]c3ccccc23)[C@@H](c2c(F)cc(OCCN3CC(CF)C3)cc2F)N1CC(F)(F)CO,120738.0,CF2-containing,1.0791812460476249,1.414973347970818,0.8028701156695889,2.552304327,0.24719101123595505,1.8930519283546863
OA35PAIR_00978,C[C@H]1C[C@@H](c2ccncc2NC(=O)c2nc(-c3ncccc3F)ccc2N)C[C@@H](O)[C@@]1(O)CF,119055.0,aryl-F without CF3/CF2,0.9030899869919436,1.6127838567197357,0.9601052141901985,2.827400293,0.2727272727272727,2.0803977666997424
OA35PAIR_00984,Cc1nc(N[C@H](C)c2cccc(C(F)F)c2F)c2cc3c(cc2n1)OCC[C@H]1CN(CC(F)(F)F)CCN31,122807.0,CF3-containing,2.6456187382426952,2.712481337801919,2.3618872525703,2.319788729,0.21052631578947367,1.998867530471474
OA35PAIR_00988,O=C(N[C@@H]1CCC[C@H](O)C1)c1noc(-c2ccc(C(F)(F)F)cc2)c1CNCC1CC1,57127.0,CF3-containing,1.7494270991217489,1.99563519459755,1.3265317093217557,1.699941736,0.3,1.032589837923172
OA35PAIR_00998,O=C1CCCc2c1cnn2-c1cc(Cc2cccc(C(F)(F)F)c2)ccn1,125935.0,CF3-containing,1.7671558660821804,2.3344537511509307,1.546308176666078,1.027920136,0.2923076923076923,0.6662633959634017
OA35PAIR_01002,O=C(O)CN1C(=O)C2(CC(=O)N(Cc3cc(F)cc(Cl)c3)C2=O)c2cc(Cl)ccc21,39450.0,aryl-F without CF3/CF2,1.0681858617461617,1.1583624920952498,0.7487294955381774,2.653160395,0.2602739726027397,1.8411917013490853
OA35PAIR_01008,Cc1cc2c(Nc3ccccc3F)cc(C(=O)NC3CC3)nc2cn1,123562.0,aryl-F without CF3/CF2,1.4661258704181992,1.7737864449811935,1.0258617023107868,2.220152562,0.34328358208955223,1.3691458784720636
OA35PAIR_01026,O=C1OC2(CCN(c3nc4cc(-c5ccc(F)cc5)ccc4[nH]3)CC2)CN1c1ccccc1,53996.0,aryl-F without CF3/CF2,0.9132839017604184,0.9542425094393248,0.6067714646999489,2.987411064,0.2804878048780488,2.2350330905815063
OA35PAIR_01028,C[C@H]1C[C@@H](c2ccncc2NC(=O)c2nc(-c3c(F)cccc3F)ncc2N)C[C@@H](O)[C@@]1(O)CF,119055.0,aryl-F without CF3/CF2,1.462397997898956,1.9822712330395684,1.3224532232122908,2.119028122,0.27710843373493976,1.4669750582859824
OA35PAIR_01030,CC(C)NC(=O)[C@H]1CC[C@@H](n2c(NC(=O)c3ccc(F)cc3)nc3ccccc32)CC1,65939.0,aryl-F without CF3/CF2,2.6060049568194357,2.848558572123763,2.0719627380447876,1.942628031,0.3442622950819672,1.3006864945423935
OA35PAIR_01037,C[C@@H]1CCN(C(=O)c2ccc3occc3c2)C[C@H]1c1cc(C(F)F)nc2ncnn12,117433.0,CF2-containing,1.2143138974243997,1.2966651902615312,0.7519656506321152,2.003908383,0.28125,1.2059253841880104
OA35PAIR_01041,C[C@@H]1Cc2c([nH]c3ccccc23)[C@@H](c2c(F)cc(NCCN3CC(CF)C3)cc2F)N1CC(F)(F)CO,120738.0,CF2-containing,1.1139433523068367,1.3424226808222062,0.8875950663628027,2.212283512,0.21686746987951808,1.7020488683114703
OA35PAIR_01042,Cc1c(N2CC3CC3(N)C2)c(F)cc2c(CN)c(F)c(=O)n(C3CC3)c12,116329.0,aryl-F without CF3/CF2,1.3234583668494675,2.3234583668494677,1.2561758150689386,2.618293953,0.2191780821917808,1.3959924604668772
OA35PAIR_01045,O=C1O[C@]2(CC[C@H](c3nc4cc(OC(F)(F)F)ccc4[nH]3)CC2)CN1c1ccc(F)cc1,53996.0,CF3-containing,-0.2328441339178195,-0.0457574905606751,-0.5244050978917388,2.835418497,0.323943661971831,2.025421234368223
OA35PAIR_01049,CCS(=O)(=O)N1CCN(C2(CNC(=O)c3c(F)cccc3F)CCC(F)(F)CC2)CC1,114197.0,CF2-containing,1.1821292140529984,0.99563519459755,0.6139230292913849,2.707985538,0.34285714285714286,1.9443648430876892
OA35PAIR_01052,Cc1onc(-c2ccc(F)cc2)c1COc1ccc2c(n1)CCN(Cc1ccco1)C2=O,124666.0,aryl-F without CF3/CF2,1.9976047874604543,2.8175653695597807,1.9928768785219984,2.322562459,0.2808988764044944,1.5389787786170595
OA35PAIR_01056,O=C(NCc1cccc(OC(F)(F)F)c1)c1c2ccccc2c(O)n1CCc1ccccn1,65828.0,CF3-containing,2.6363875858131567,2.189770956346874,1.3843823990188722,1.713036691,0.3382352941176471,0.9491039952575787
OA35PAIR_01071,Cn1c(-c2cc3c(s2)CNCC3)nc2c(C(N)=O)cc(F)cc21,109235.0,aryl-F without CF3/CF2,1.515343893088381,2.547528576459782,1.2641050841804524,2.595794834,0.24,1.3123713417206704
OA35PAIR_01073,COc1cccc(-c2cc(NC(C)=O)nc(-n3nc(C)cc3C)n2)c1F,45867.0,aryl-F without CF3/CF2,1.5563025007672873,2.5563025007672873,1.411610293222458,2.411279544,0.3898305084745763,1.4585525358802096
OA35PAIR_01075,N#CC1(NC(=O)[C@@H]2CCCC[C@H]2C(=O)N2CCc3[nH]c4cc(F)ccc4c3C2)CC1,65822.0,aryl-F without CF3/CF2,1.624488362513449,2.204662511748219,1.4764043360009813,1.027920136,0.359375,0.6157896625994751
OA35PAIR_01077,C[C@@H](CN1CCC2(CC1)CC(=O)Nc1ccccc12)NC(=O)c1ccc(F)cc1,122085.0,aryl-F without CF3/CF2,1.4471580313422192,1.919078092376074,1.0185942244077435,2.493792531,0.4675324675324675,1.5094214447955256
OA35PAIR_01084,CC(C)C(=O)Nc1ccc([N+](=O)[O-])c(C(F)(F)F)c1,91932.0,CF3-containing,0.3234583668494676,0.401400540781544,0.13286790108048963,1.746696459,0.37735849056603776,1.2430087295064884
OA35PAIR_01085,CCc1cc(F)c2nc(N3CCC(N[C@@H]4CCCOC4)CC3)c(-c3nc(C)no3)c(C)c2c1,113971.0,aryl-F without CF3/CF2,1.5587085705331658,1.7596678446896306,1.1666234709046774,2.566037781,0.26666666666666666,1.839699817602325
OA35PAIR_01086,Cc1cc(=O)c2c(F)cncc2n1-c1c(Cl)cc(C#N)cc1Cl,125892.0,aryl-F without CF3/CF2,1.1473671077937864,1.510545010206612,0.7725500876199941,2.491841954,0.25862068965517243,1.6251432060486435
OA35PAIR_01088,COc1cc(F)cc2c1nnc1c2c(-c2ccccc2Cl)nn1C,112300.0,aryl-F without CF3/CF2,0.670245853074124,2.8691143269793753,1.8531414923645262,3.102548267,0.3225806451612903,2.077274677049
OA35PAIR_01091,COc1cnc(-c2ccccn2)nc1NCc1ccccc1F,63001.0,aryl-F without CF3/CF2,1.7853298350107671,2.615950051656401,1.506774936996277,2.118519341,0.3620689655172414,1.2325074200466595
OA35PAIR_01093,CC(C)(NC(=O)c1cc(F)cc2cc(-c3ccc(Cl)cc3)oc12)C(=O)O,120643.0,aryl-F without CF3/CF2,1.5866998016240492,1.6532125137753435,0.8571024523393846,1.602135986,0.27692307692307694,0.8110749182404254
OA35PAIR_01098,COCCOc1cnc2ccc([C@H](C)n3nnc4ccn(-c5ccc(F)c(F)c5)c(=O)c43)cc2c1,62030.0,aryl-F without CF3/CF2,2.1473671077937864,2.2764618041732443,1.467018125857273,1.399414105,0.3763440860215054,0.8537203320233534
OA35PAIR_01100,O=C1NCCc2c1cnn2-c1cc(Cc2cc(F)cc(C(F)(F)F)c2)ccn1,125935.0,CF3-containing,1.2442771208018428,1.7323937598229686,0.8583976819410889,1.040087843,0.24705882352941178,0.5475661536869589
OA35PAIR_01102,CC(F)(F)c1noc2cc(Nc3[nH]nc4cccnc34)ccc12,110470.0,CF2-containing,1.390935107103379,1.0413926851582251,0.6507834031284099,1.044304519,0.25,0.6536952369701847
OA35PAIR_01104,C[C@H]1C[C@@H](c2ccncc2NC(=O)c2nc(-c3c(F)cccc3F)ncc2N)C[C@@H](O)[C@]1(C)O,119055.0,aryl-F without CF3/CF2,1.0413926851582251,2.173186268412274,1.5108174330267667,2.119028122,0.2875,1.4760395452641606
OA35PAIR_01108,O=C(Nc1ccc(OC(F)(F)F)cc1)NC1CCN(C(=O)CCCNc2c3c(nc4cc(Cl)ccc24)CCCC3)CC1,124540.0,CF3-containing,1.3469394626989906,2.0941215958405612,1.7250760252903132,1.422409257,0.3333333333333333,0.9205871770228783
OA35PAIR_01110,COc1cnc(-c2ccccn2)nc1NCc1c(F)cc(F)cc1F,63001.0,aryl-F without CF3/CF2,1.724275869600789,2.447158031342219,1.4860642078415869,2.07021155,0.31666666666666665,1.195735450907658
OA35PAIR_01112,Cc1cc(CN2CCC[C@H](c3cc(C(F)F)nc4ncnn34)C2)cc(Cl)n1,117433.0,CF2-containing,1.758381941774675,2.1245042248342823,1.244534655943633,2.253381626,0.2857142857142857,1.3601641864748268
OA35PAIR_01115,O=C(Nc1ccccc1F)N[C@H]1N=C(c2ccccc2)c2ccccc2NC1=O,35214.0,aryl-F without CF3/CF2,0.7213983755215053,1.6263403673750425,0.9926236708274124,1.76993092,0.36065573770491804,1.0872536056873126
OA35PAIR_01120,CCc1cc(F)c2nc(N3CCC(N[C@@H]4CCOC4)CC3)c(-c3nc(C)no3)cc2c1,113971.0,aryl-F without CF3/CF2,0.8254261177678232,1.919078092376074,1.077523850637167,2.566037781,0.25842696629213485,1.5545934692170509
OA35PAIR_01121,Cc1nn(-c2ccnc(Cc3cc(F)cc(OC(F)F)c3)c2)c2c1C(=O)NCC2,125935.0,CF2-containing,1.5996647787884168,2.0546130545568877,1.1000130113356201,2.32059697,0.2682926829268293,1.3321602222624183
OA35PAIR_01125,O=C(NCC1CCC(F)(F)CC1)c1c(Cl)ccc2nc(N3CCCC3)ccc12,111412.0,CF2-containing,2.0077051143647804,2.0111473607757975,1.3550564529189268,2.67861943,0.37662337662337664,1.961051252475578
OA35PAIR_01128,Fc1ccc(-c2noc(CCCNc3cnc4ccccc4c3)n2)c(Cl)c1,44059.0,aryl-F without CF3/CF2,2.321038892726055,3.043440876244474,2.1535386535668017,2.376326892,0.3582089552238806,1.482291642478112
OA35PAIR_01130,Cn1ccnc1SC[C@H]1CCN(S(=O)(=O)c2ccc3c(c2)CCO3)C[C@@H]1F,124610.0,other alkyl-F/nonfluorinated,2.502427119984433,3.248218561190075,2.16437218876233,2.764442906,0.2619047619047619,1.6631532399567364
OA35PAIR_01131,C[C@@H](NC(=O)[C@H]1CN(C2CCCCC2)CC[C@@H]1NC(=O)c1cc(-c2ccc(F)cc2F)on1)c1ccccn1,118560.0,aryl-F without CF3/CF2,2.0681858617461617,3.170672340315576,2.6377637746450655,2.89828573,0.29347826086956524,2.368273042670458
OA35PAIR_01133,O=C(c1nsc2cc(Nc3[nH]nc4cccnc34)ccc12)N1CCC(F)(F)CC1,110470.0,CF2-containing,1.7323937598229686,2.5943925503754266,1.7349696746164944,1.635664665,0.30985915492957744,0.9276154820668194
OA35PAIR_01135,O=c1nc2n(c3c1CN(Cc1ccccc1)CC3)CCN2Cc1ccc(F)c(Br)c1,124676.0,aryl-F without CF3/CF2,2.1280760126687155,2.188928483760854,1.5467075096076641,2.75236579,0.3611111111111111,2.14834674655593
OA35PAIR_01136,CC(C)NC(=O)[C@H]1CC[C@@H](n2c(NC(=O)c3ccc(F)cc3)nc3ccc(CN4CCNCC4)cc32)CC1,65939.0,aryl-F without CF3/CF2,1.691435152144062,1.8887409606828929,1.491171485241625,2.571648283,0.31521739130434784,2.0207438020598154
OA35PAIR_01143,Cc1ncccc1-c1nn(C)c2nnc3c(F)cc(F)cc3c12,112300.0,aryl-F without CF3/CF2,0.0681858617461616,0.8573324964312685,0.39685619267317546,1.687858793,0.2777777777777778,0.8676832820270666
OA35PAIR_01145,CCS(=O)(=O)N1CCN(C2(CNC(=O)c3ccc(Cl)cc3Cl)CCC(F)(F)CC2)CC1,114197.0,CF2-containing,1.636387585813157,1.6866362692622934,1.0437895045124246,2.281137949,0.3142857142857143,1.6522317292998807
OA35PAIR_01146,C[C@@H]1Cc2c([nH]c3ccccc23)[C@@H](c2c(F)cc(O[C@H]3CCN(CCCF)C3)cc2F)N1CC(F)(F)CO,120738.0,CF2-containing,1.1760912590556811,1.5440680443502757,1.0459297199413333,3.293056783,0.2717391304347826,2.7092130687053775
OA35PAIR_01149,CC(=O)N[C@@H](Cc1ccc(F)c(C(F)(F)F)c1)[C@H](O)CN[C@H]1CC2(CCC2)Oc2ncc(CC(C)(C)C)cc21,65507.0,CF3-containing,2.1952906601109694,2.3197304943302246,1.9008572895910272,1.958473097,0.23853211009174313,1.5279092542629549
OA35PAIR_01152,CC[C@@H]1NC(=O)[C@H]([C@@H]2O[C@@H](Sc3cccc(OCc4ccc(F)cc4)c3)C[C@H]2C)N(C)C(=O)[C@H](C(C)C)N(C)C(=O)[C@H](CC(C)C)N(C)C(=O)[C@H](CC(C)C)N(C)C(=O)[C@@H](C)NC(=O)[C@H](C)NC(=O)[C@H](CC(C)C)N(C)C(=O)[C@H](C(C)C)NC(=O)[C@H](CC(C)C)N(C)C(=O)CN(C)C1=O,118732.0,aryl-F without CF3/CF2,0.9546765869186437,0.5563025007672873,0.28103140217982875,1.152288344,0.20161290322580644,0.8770172454125416
OA35PAIR_01153,Cc1nc(N)c2nnn(C[C@H]3CN(Cc4cc(F)cc(F)c4)CCO3)c2n1,63009.0,aryl-F without CF3/CF2,1.624488362513449,2.1583624920952498,1.1908141634904983,2.99962113,0.28735632183908044,1.631069783806193
OA35PAIR_01155,O=C(NCCN1CCCC1)c1cc(-c2ccc(CN3CCCC3=O)cc2)nc2ccc(F)cc12,117725.0,aryl-F without CF3/CF2,0.3692158574101428,0.0334237554869497,-0.4626995027831652,1.875206004,0.4050632911392405,1.127601027776767
OA35PAIR_01157,C[C@@H]1Cc2c([nH]c3ccccc23)[C@@H](c2c(F)cc(OCCN3CC(CF)C3)cc2F)N1C[C@@](C)(F)CO,120738.0,aryl-F without CF3/CF2,1.073064017839119,1.4231685560649026,0.9085102498390395,2.552304327,0.25842696629213485,2.0141060891326092
OA35PAIR_01158,Cc1cccc(CCn2c(O)c3ccccc3c2C(=O)NCc2ccc(OC(F)(F)F)cc2)n1,65828.0,CF3-containing,2.647969458362972,2.1126050015345745,1.3848535654576062,1.027920136,0.3142857142857143,0.6302614666370716
OA35PAIR_01162,CN1[C@@H]2CC[C@H]1C[C@@H](NC(=O)[C@@H](Cc1ccc(Cl)cc1)NC(=O)Cc1ccc(F)cc1)C2,57563.0,aryl-F without CF3/CF2,1.545307116465824,1.9876662649262744,1.2252681437874762,1.555360509,0.30158730158730157,0.8323919612836223
OA35PAIR_01169,CN1CCC(N(Cc2ccc(F)cn2)C(=O)NCc2ccc3c(c2)CC(C)(C)O3)CC1,123746.0,aryl-F without CF3/CF2,1.0755469613925308,1.569373909615046,0.8064459023081815,3.058604413,0.37349397590361444,2.1274791897616954
OA35PAIR_01173,C=CC(=O)N1CC=C(c2c[nH]c3ncnc(-c4cc(F)cc(NC(=O)c5ccc(C6CC6)cc5)c4C)c23)CC1,117215.0,aryl-F without CF3/CF2,-0.1804560644581313,-0.3893398369101201,-0.6226898753600567,3.308929409,0.4411764705882353,2.6951567908406857
OA35PAIR_01176,C[C@@H]1Cc2c([nH]c3cc(F)ccc23)[C@@H](c2c(F)cc(NC3CN(CCCF)C3)cc2F)N1CC(F)(F)CO,120738.0,CF2-containing,0.9542425094393248,1.1760912590556811,0.9010541780142368,2.081919508,0.20212765957446807,1.6670923380590772
OA35PAIR_01186,Cc1onc(-c2ccc(F)cc2)c1COc1ccc2c(n1)CCN(C(=O)N(C)C)C2,124666.0,aryl-F without CF3/CF2,1.758381941774675,2.8067225030761813,1.9897520670885394,2.322562459,0.3058823529411765,1.5006530734877355
OA35PAIR_01198,CC1(C)OC(=O)N([C@H]2CC[C@H](NC(=O)c3ccnc4cc(F)cnc34)CC2)[C@H]1c1ccccc1,73675.0,aryl-F without CF3/CF2,1.775756037844098,2.1947917577219247,1.576128865513717,1.494919503,0.3333333333333333,0.8686673620806051
OA35PAIR_01209,C[C@H](NCc1c(C(=O)N[C@@H]2CCC[C@H](O)C2)noc1-c1ccc(C(F)(F)F)cc1)C(F)(F)F,57127.0,CF3-containing,1.8877297972880305,1.9454685851318196,1.2192494952953188,1.956379761,0.2727272727272727,1.2283063903305549
OA35PAIR_01211,CC(C)S(=O)(=O)N[C@@H]1COC[C@@H]1c1ccc(-c2ccc(F)cn2)cc1,54021.0,aryl-F without CF3/CF2,-0.0287241512618947,0.9628426812012424,0.43525356202691556,1.027920136,0.25,0.5003310168256733
OA35PAIR_01212,C[C@@H](CN1CCC2(CC1)OC(=O)Nc1ccccc12)NC(=O)c1ccc(F)cc1,122085.0,aryl-F without CF3/CF2,1.591064607026499,2.012837224705172,1.0636521673132726,2.493792531,0.46153846153846156,1.495408010723094
OA35PAIR_01214,O=C(NCC1CCC(F)(F)CC1)c1c(Cl)ccc2nc(N3CCC(NCCO)C3)ccc12,111412.0,CF2-containing,1.2986347831244356,1.255272505103306,0.8244671074364165,2.67861943,0.3372093023255814,2.0368161810118943
OA35PAIR_01215,CC(=O)N[C@@H](Cc1ccc(C(F)(F)F)c(F)c1)[C@H](O)CN[C@H]1CC2(CCC2)Oc2ncc(CC(C)(C)C)cc21,65507.0,CF3-containing,2.714589587969231,2.3380578754197563,1.8965280415884525,1.958473097,0.23853211009174313,1.5042173516595838
OA35PAIR_01216,O=C(Cc1cccc(C(F)(F)F)c1Cl)NC1COc2ncccc21,122291.0,CF3-containing,1.426023015689876,1.9294189257142929,1.073930124766163,2.957114776,0.2857142857142857,2.1660524346380785
OA35PAIR_01220,CC(C)NC(=O)[C@H]1CC[C@@H](n2c(NC(=O)c3ccc(F)cc3)nc3ccc(Oc4ccccn4)cc32)CC1,65939.0,aryl-F without CF3/CF2,2.2500294496909343,2.359076226059263,1.908476257153615,3.038994297,0.30120481927710846,2.449265284516551
OA35PAIR_01222,O=C(Nc1ccc2cccnc2c1)c1ccc(-c2ccc(F)cc2)nc1,44642.0,aryl-F without CF3/CF2,0.2986347831244356,0.2966651902615311,-0.0010016687969860438,1.541566764,0.3870967741935484,1.0183735791584942
OA35PAIR_01225,COc1cnc(-c2ccccn2)nc1N1CCC(F)(F)C1,63001.0,CF2-containing,2.4913616938342726,2.59659709562646,1.4986402987081704,2.228346454,0.2857142857142857,1.236804983416327
OA35PAIR_01226,Fc1cc(F)cc(CN2C[C@@H]3[C@H](CNc4nc(-c5ccccn5)cs4)[C@@H]3C2)c1,52012.0,aryl-F without CF3/CF2,0.7671558660821804,1.8463371121298051,1.1628526531049355,2.103919973,0.4,1.4239027385842355
OA35PAIR_01241,CCc1cc(F)c2nc(N3CCC(N[C@@H]4CCCOC4)CC3)c(-c3nc(C)no3)cc2c1,113971.0,aryl-F without CF3/CF2,1.0791812460476249,1.3560258571931227,0.8462846381577003,2.566037781,0.25274725274725274,1.7496793612225852
OA35PAIR_01244,COc1ncc(-c2cccc(OC)c2CCNC(=O)c2ccc(OCCC(F)(F)F)nc2)cn1,65301.0,CF3-containing,4.721398375521505,4.48572142648158,3.4782452611181727,2.913366617,0.358974358974359,2.0708937044108886
OA35PAIR_01247,O=C(NC1CC(F)(F)C1)c1nsc2cc(Nc3[nH]nc4cccnc34)ccc12,110470.0,CF2-containing,1.2787536009528289,1.534026106056135,0.8954392306820869,1.494919503,0.3142857142857143,0.8563326276259517
OA35PAIR_01249,Cc1c(C)n(C[C@H]2C[C@@H]2C)c2c(OCc3ccc(F)cc3)nncc12,50227.0,aryl-F without CF3/CF2,1.2041199826559248,1.4771212547196624,0.6637040110704946,3.01474183,0.2564102564102564,1.828539129762498
OA35PAIR_01251,COc1cc(F)cc2c1nnc1c2c(-c2cccnc2C)nn1C,112300.0,aryl-F without CF3/CF2,0.670245853074124,1.100370545117563,0.625906728388549,1.410321618,0.3333333333333333,0.7375831941588286
OA35PAIR_01261,O=C(NCc1ccc(OC(F)(F)F)cc1)c1c2ccccc2c(O)n1C[C@@H]1CCCO1,65828.0,CF3-containing,1.7671558660821804,1.7024305364455252,0.9152078208460932,2.9013079,0.3375,2.041670753584077
OA35PAIR_01267,O=C(Nc1cccc(C(F)(F)F)c1)c1cccc2c1CCN(Cc1ccnc3ccccc13)C2,43814.0,CF3-containing,2.7036696085610736,2.7085908451503435,2.2791047293942794,2.189032477,0.39436619718309857,1.7949942991410743
OA35PAIR_01270,C[C@@H]1CCc2ncc(F)cc2[C@H]2CCCN2c2ccn3ncc(c3n2)C(=O)N1,121656.0,aryl-F without CF3/CF2,1.8808135922807911,1.9637878273455551,1.1373955217823406,1.027920136,0.23863636363636365,0.6627754791299341
OA35PAIR_01283,Cc1nnn(-c2ccc(F)cc2)c1COc1ccc2c(n1)CCN(C(=O)NC1CC(=O)N(C)C1)C2,124666.0,aryl-F without CF3/CF2,0.670245853074124,1.2966651902615312,0.7180128708198374,1.027920136,0.3076923076923077,0.585089979564054
OA35PAIR_01291,CC/C(=C\c1ccccc1)[C@@H]1C[C@H]1NC1CC2(C1)CN(CC(F)F)C2,116822.0,CF2-containing,2.1920375027132475,2.4983105537896004,1.3848819205896035,2.123668742,0.23076923076923078,1.0940621051029218
OA35PAIR_01296,CC(C)(C)NCc1cc(Nc2ccnc3cc(Cl)ccc23)ccc1F,46217.0,aryl-F without CF3/CF2,0.5394775728051002,0.8115750058705934,0.3738284349892191,1.863685612,0.3230769230769231,1.1249658745781426
OA35PAIR_01298,O=C(NCc1ccc(OC(F)(F)F)cc1)c1c2ccccc2c(O)n1Cc1ccc(C(F)(F)F)cn1,65828.0,CF3-containing,1.6592504687726608,1.7993405494535817,1.132149537080923,1.3250228,0.3088235294117647,0.812491813037779
OA35PAIR_01299,Cc1ccc(CC(C)(C)NC[C@@H](O)CO[C@H](C)c2ccccc2C2CC3CC2C2C(C(=O)O)C32)cc1F,57865.0,aryl-F without CF3/CF2,1.6122539060964374,1.9084850188786495,1.3085709316239327,2.808804935,0.24444444444444444,2.1718026170137326
OA35PAIR_01307,Cc1ccc(CC(C)(C)NC[C@@H](O)COc2cccc(C3CC4CC3C3C(C(=O)O)C43)c2)cc1F,57865.0,aryl-F without CF3/CF2,1.4299136977637543,1.8350561017201164,1.1389054100864486,2.583587381,0.24299065420560748,1.83627125830448
OA35PAIR_01308,CC(C)(Cc1ccccn1)n1c(O)c2ccccc2c1C(=O)NCc1ccc(OC(F)(F)F)cc1,65828.0,CF3-containing,2.5996647787884166,2.0813473078041325,1.4340131938589158,1.3250228,0.375,0.7989624533055271
OA35PAIR_01312,CS(=O)(=O)c1ccc(Oc2cc(F)cc(C#N)c2)c2c1[C@H](O)C(F)(F)C2,107502.0,CF2-containing,0.6720978579357175,1.354108439147401,0.7529592775747028,1.842971001,0.2361111111111111,0.961148762690572
OA35PAIR_01314,CC(C)NC(=O)[C@H]1CC[C@@H](n2c(NC(=O)c3ccc(F)cc3)nc3ccc(CN4CCC(C(C)(C)O)C4)cc32)CC1,65939.0,aryl-F without CF3/CF2,2.3258644366153463,2.0111473607757975,1.7104172050021762,2.571648283,0.29591836734693877,2.0697881988940443
OA35PAIR_01315,CC(C)COc1ncc(-c2ncc(C(=O)NS(C)(=O)=O)cc2F)cc1Cl,114173.0,aryl-F without CF3/CF2,1.3234583668494675,1.510545010206612,0.7693937915369877,2.336083316,0.2692307692307692,1.3632781375780725
OA35PAIR_01316,COc1ccc(C(=O)N[C@@H](c2ccc(C(F)(F)F)cc2)c2ncccc2C(F)(F)F)cn1,109096.0,CF3-containing,1.2442771208018428,1.510545010206612,0.9906415025109359,2.217615529,0.3333333333333333,1.7056974697609495
OA35PAIR_01324,O=C(NCc1ccc(OC(F)(F)F)cc1)c1c2ccccc2c(O)n1CCOc1ccccn1,65828.0,CF3-containing,2.3469394626989906,1.8463371121298051,0.9996436952148887,1.3250228,0.375,0.660495659236849
OA35PAIR_01325,CCC(=O)CCCCC[C@H](NC(=O)C1CN(C)C1)c1nc(-c2cc3ccccc3nc2F)c[nH]1,46750.0,aryl-F without CF3/CF2,1.3234583668494675,1.7867514221455612,1.2243710125392122,1.027920136,0.2441860465116279,0.6984886646197366
OA35PAIR_01326,C[C@@H]1Cc2c([nH]c3ccccc23)[C@@H](c2c(F)cc(NC3CN(CC(CF)CF)C3)cc2F)N1CC(F)(F)CO,120738.0,CF2-containing,1.1139433523068367,1.414973347970818,0.961787185189428,2.235889367,0.19298245614035087,1.8459740194330658
OA35PAIR_01329,O=C(N[C@@H](c1cnc2ccccc2c1)c1ncccc1C(F)(F)F)c1ccc2cccnc2c1,109096.0,CF3-containing,1.775756037844098,2.1065308538223815,1.573664551628231,1.541566764,0.2916666666666667,1.0434165644574236
OA35PAIR_01331,Cc1c(C(=O)Nc2nc(C3CCC3)c(CCN3CCCCC3)s2)cnn1-c1ccc(F)cn1,112708.0,aryl-F without CF3/CF2,2.4653828514484184,2.837588438235511,1.9969297406092932,1.027920136,0.30952380952380953,0.5814852357738258
OA35PAIR_01337,C[C@@H]1CN(Cc2ccc(-c3cccnc3C(=O)N3CCC(Nc4ccc(F)cc4)CC3)cc2F)C[C@H](C)N1,44953.0,aryl-F without CF3/CF2,0.8085485512404055,1.0681858617461617,0.8399532468260182,2.658694277,0.3191489361702128,2.1607941835395583
OA35PAIR_01351,CN[C@@H](C)C(=O)N[C@H](C(=O)N1CCC[C@H]1c1nc(C(=O)c2ccc(F)cc2)cs1)C1CCN(C(=O)c2cnc(N3CCC(CCCOc4cc5ncnc(Nc6[nH]nc(C)c6C)c5cc4S(=O)(=O)C(C)(C)C)CC3)nc2)CC1,120934.0,aryl-F without CF3/CF2,0.6292872453952176,0.0748164406451747,-0.0725503361190456,1.283323848,0.22058823529411764,1.0255804714735532
OA35PAIR_01353,Cc1nnn(-c2ccc(F)cc2)c1COc1ccc2c(n1)CCN(C(=O)C1CC1)C2,124666.0,aryl-F without CF3/CF2,1.7924617313469506,2.250907699700856,1.471334174457212,3.563233491,0.35443037974683544,2.6716418991608313
OA35PAIR_01356,Cn1nccc1-c1ccc(C(=O)N[C@@H]2CNCC[C@H]2c2ccc(F)c(F)c2)c(F)c1,120847.0,aryl-F without CF3/CF2,0.2143138974243995,1.5563025007672873,0.84684369689946,3.438004091,0.275,2.3857565569045334
OA35PAIR_01362,CCc1c[nH]c2ncc(-c3ccc(N)c(C(=O)N(C)C)c3F)cc12,121860.0,aryl-F without CF3/CF2,1.2041199826559248,1.568201724066995,0.936638946579336,1.346613012,0.31645569620253167,0.8125816948470328
OA35PAIR_01363,N#Cc1ccc(-c2noc(-c3cc(F)cc(C#N)c3)n2)nc1,65886.0,aryl-F without CF3/CF2,0.5453071164658241,1.0334237554869496,0.6890225684085494,2.524105197,0.2982456140350877,1.5423728610790595
OA35PAIR_01365,O=C1O[C@]2(CC[C@H](c3nc4cc(C(F)(F)F)ccc4[nH]3)CC2)CN1c1ccccc1,53996.0,CF3-containing,-0.2328441339178195,-0.0457574905606751,-0.46187818569718186,2.835418497,0.34328358208955223,2.111317267630493
OA35PAIR_01368,C[C@@H]1Cc2c([nH]c3ccccc23)[C@@H](c2c(F)cc(OC3CN(CCCF)C3)cc2F)N1CC(F)(F)CO,120738.0,CF2-containing,1.146128035678238,1.505149978319906,0.9661907037668888,3.293056783,0.22826086956521738,2.6685351218904088
OA35PAIR_01369,O=C1CCCN1Cc1ccc(-n2nc(C(F)(F)F)c3c2CCCC3)cc1,54771.0,CF3-containing,1.0272272540672551,0.6354837468149122,0.22868943779622786,2.598360375,0.35294117647058826,1.7609804996216636
OA35PAIR_01372,CC(C)NC(=O)[C@H]1CC[C@@H](n2c(NC(=O)c3cc(F)cc(C#N)c3)nc3ccc(CN4CCC(C(C)(C)O)CC4)cc32)CC1,65939.0,aryl-F without CF3/CF2,2.0224283711854865,1.7323937598229686,1.4037096930069792,2.544928336,0.27,2.088425747061499
OA35PAIR_01375,Cc1ncnc(C)c1C(=O)N1C[C@H]2CN(CCC(c3cccc(F)c3)C3CCN(S(C)(=O)=O)CC3)C[C@H]2C1,53445.0,aryl-F without CF3/CF2,1.8463371121298051,1.8573324964312683,1.288734221059256,1.991101974,0.3076923076923077,1.435592532324435
OA35PAIR_01376,O=C(NC1CCC(F)(F)CC1)N1CCN(c2nc(-c3ccc4ccccc4n3)no2)CC1,58850.0,CF2-containing,0.9712758487381052,2.040602340114073,1.1371623081908657,1.650822153,0.3157894736842105,0.8562466424432396
OA35PAIR_01377,CCCC(CN)=C1CN(c2nc(Oc3cnc(C)nc3)nc3[nH]c4c(NC)cc(F)cc4c23)C1,122511.0,aryl-F without CF3/CF2,1.7145895879692312,2.181614951728961,1.4873919814566505,2.670159542,0.20430107526881722,1.8051359030450194
OA35PAIR_01386,O=C(Cc1ccc(-n2nc(C(F)(F)F)c3c2CCCC3)cc1)N1CCCC1,54771.0,CF3-containing,1.464385208841898,1.4196253608877432,0.804077032564411,2.259804048,0.39344262295081966,1.3578371914319494
OA35PAIR_01389,CCS(=O)(=O)N1CCN(C2(CNC(=O)c3c(Cl)cccc3Cl)CCC(F)(F)CC2)CC1,114197.0,CF2-containing,0.6479694583629718,0.8887409606828927,0.5971804849977561,2.281137949,0.3283582089552239,1.668060809532009
OA35PAIR_01392,CC[C@@H](NC(=O)c1ccc2c(c1)ncn2Cc1ncc(F)cc1F)c1ccccc1,58837.0,aryl-F without CF3/CF2,-0.2328441339178195,0.3344537511509309,-0.03523350509351586,2.716877733,0.3076923076923077,1.800038541251038
OA35PAIR_01393,CC(=O)N[C@@H](Cc1ccc(F)c(OC(F)(F)F)c1)[C@H](O)CN[C@H]1CC2(CCC2)Oc2ncc(CC(C)(C)C)cc21,65507.0,CF3-containing,2.624488362513449,2.597695185925512,2.142165874226086,3.350642001,0.2553191489361702,2.883080073088753
OA35PAIR_01397,CCC1(C(=O)N2CCN(C(=O)c3cc(Cc4n[nH]c(=O)c(C)c4C)ccc3F)CC2)CCCN1,49850.0,aryl-F without CF3/CF2,1.1821292140529984,1.3692158574101427,0.7816297265517128,1.295984701,0.2972972972972973,0.7601728068872887
OA35PAIR_01401,CC(C)COc1ncc(-c2ccc(C(=O)NS(C)(=O)=O)cc2F)cc1Cl,114173.0,aryl-F without CF3/CF2,1.499549625905149,1.5976951859255124,0.8124477979380381,2.784010711,0.29411764705882354,1.7637913427835898
OA35PAIR_01402,CC(C)(CCc1nc(-c2ccc(F)cc2Cl)no1)Nc1cnc2ccccc2c1,44059.0,aryl-F without CF3/CF2,2.7006431539308857,3.144574207609616,2.295149810586678,3.254089615,0.3076923076923077,2.4040613481201425
OA35PAIR_01409,NCCCNC(=O)c1c(NC(=O)Cn2nc(C(F)(F)F)c3c2CCCC3)sc2c1CCCC2,53099.0,CF3-containing,1.2986347831244356,2.141763230275788,1.4378902467626755,2.580826935,0.2876712328767123,1.8803879735220206
OA35PAIR_01410,Nc1cncc(Nc2ccc(Oc3ccc(C(F)(F)F)cc3)cc2)n1,61468.0,CF3-containing,1.670245853074124,2.250907699700856,1.4325917499891083,2.217615529,0.2777777777777778,1.4004908955023039
OA35PAIR_01411,CC(C)C1(C)OC(=N[C@@H](C)c2ccccc2C(F)(F)F)NC1=O,36898.0,CF3-containing,1.4299136977637543,1.4313637641589874,0.7405726074344438,3.138438493,0.2222222222222222,2.1666005895684575
OA35PAIR_01412,Fc1ccc(-c2noc(C3CCN(c4cnc5c(c4)CCCC5)CC3)n2)c(Cl)c1,44059.0,aryl-F without CF3/CF2,2.0459094670350093,2.369215857410143,1.6344362427011943,2.771893804,0.34782608695652173,2.0073590720564365
OA35PAIR_01421,O=C1NC(c2ccc(F)cc2)(c2ccc(F)cc2)CN1C1CCN(Cc2cccc(Cl)c2)CC1,35229.0,aryl-F without CF3/CF2,-0.0604807473813814,0.255272505103306,-0.03270630473101255,2.573176894,0.3466666666666667,1.9140301417543202
OA35PAIR_01432,CCS(=O)(=O)N1CCN(C2(CNC(=O)c3ccc(C(F)(F)F)cc3Cl)CCC(F)(F)CC2)CC1,114197.0,CF3-containing,1.2723058444020865,1.2966651902615312,0.8493458384417869,2.281137949,0.2972972972972973,1.6985059328546042
OA35PAIR_01433,O=C(O)CN1C(=O)C2(CC(=O)N(Cc3ccc(F)c(F)c3)C2=O)c2cc(Cl)ccc21,39450.0,aryl-F without CF3/CF2,0.5453071164658241,1.7466341989375789,0.9432797003208633,3.323269224,0.273972602739726,2.4328225636399403
OA35PAIR_01437,CCS(=O)(=O)N1CCN(C2(CNC(=O)c3ccc(C(F)(F)F)cc3C(F)(F)F)CCC(F)(F)CC2)CC1,114197.0,CF3-containing,1.3469394626989906,0.94546858513182,0.6210947010365477,2.281137949,0.3013698630136986,1.7768420638266351
OA35PAIR_01439,CC(C)NS(=O)(=O)c1ccc(-c2c(C#N)c3ccc(OC(F)F)cc3n2C2CCC2)nc1,74042.0,CF2-containing,1.5440680443502757,1.99563519459755,1.415482690009385,1.537403484,0.3333333333333333,0.9847855793133001
OA35PAIR_01440,CN(C)[C@H]1CCN(c2ccc3c(C(=O)NCC4CCC(F)(F)CC4)c(Cl)ccc3n2)C1,111412.0,CF2-containing,1.8463371121298051,1.625453849850428,1.0931990634793394,2.67861943,0.3614457831325301,2.125778918973189
OA35PAIR_01442,Cn1cc(-c2ccc3c(c2)CC[C@]32NC(=O)N(CC(=O)N3Cc4cc(F)ccc4OC[C@H]3C3CC3)C2=O)cn1,110861.0,aryl-F without CF3/CF2,1.5958157626175005,1.8659326681931856,1.359586843702274,2.487877603,0.26,1.9742114168163551
OA35PAIR_01445,O=C1NCCc2c1cnn2-c1ccnc(Cc2cc(F)c(Cl)c(C(F)(F)F)c2)c1,125935.0,CF3-containing,1.4483971034577676,2.0111473607757975,1.1568272123869079,1.040087843,0.26136363636363635,0.5265646702600831
OA35PAIR_01448,COc1ncc(N2CCOCC2)cc1S(=O)(=O)Nc1ccnc(-c2ccc(CN3C[C@@H](C)O[C@@H](C)C3)cc2F)c1,120785.0,aryl-F without CF3/CF2,-0.0604807473813814,-0.2291479883578558,-0.4341597383632924,1.867007611,0.29347826086956524,1.5435216377447223
OA35PAIR_01450,O=C(NCC1CCC(F)(F)CC1)c1c(Cl)ccc2nc(N3CC[C@H](F)C3)ccc12,111412.0,CF2-containing,1.107776484769974,1.662062999387402,1.0532293584575592,2.67861943,0.3670886075949367,1.9881913672395473
OA35PAIR_01451,CC(C)(C(=O)Nc1ccc(N2CCC3(CCN(CC4CC4)C3)CC2)c(Cl)c1)c1nccc(C(F)(F)F)n1,54117.0,CF3-containing,0.3234583668494676,0.1583624920952496,-0.054141563105031626,2.433196795,0.3372093023255814,2.0646160067841848
OA35PAIR_01454,O=C1NC(c2cccs2)(c2cccs2)CN1C1CCN(Cc2cccc(F)c2)CC1,35229.0,aryl-F without CF3/CF2,-0.0222763947111522,1.1398790864012365,0.7726411150402459,3.048810681,0.3770491803278688,2.2165978878211017
OA35PAIR_01458,CN(C)CCn1cc2cc(NC(=O)c3cccc(C(F)(F)F)n3)c(C(C)(C)O)cc2n1,117614.0,CF3-containing,0.7201593034059569,1.1760912590556811,0.8920889788112573,1.629093448,0.8225806451612904,1.0452835733396415
OA35PAIR_01462,Cc1nc2cc(NC(=O)c3ccc(-c4ccc(F)cc4)nc3C)ccc2s1,44642.0,aryl-F without CF3/CF2,0.4106085425683679,0.8987251815894935,0.42442435669177964,1.585065737,0.4117647058823529,0.8796970957154061
OA35PAIR_01467,Fc1ccc(-c2noc(C3CCN(c4cnc5c(C(F)(F)F)cccc5c4)CC3)n2)c(Cl)c1,44059.0,CF3-containing,1.4299136977637543,1.9876662649262744,1.3916986692539224,2.771893804,0.3287671232876712,2.2092733947323766
OA35PAIR_01480,Cc1cc(=O)n(-c2ccc(N3CCC(Cc4ccc(Cl)c(F)c4)CC3)c(Cl)c2)c(C)n1,123821.0,aryl-F without CF3/CF2,1.2227164711475833,1.383815365980431,0.8845999557592106,2.799987373,0.3194444444444444,2.1830757089958395
OA35PAIR_01484,C/C=C/C(=O)N1CC=C(c2c[nH]c3ncnc(-c4cc(F)cc(NC(=O)c5ccc(C6CC6)cc5)c4C)c23)CC1,117215.0,aryl-F without CF3/CF2,-0.3381873144627387,-0.8961962790440431,-1.1268721877220607,3.308929409,0.39622641509433965,2.696128302326226
OA35PAIR_01489,C=CC(=O)N1CCC(c2c[nH]c3ncnc(-c4cc(F)cc(NC(=O)c5ccc(C6CC6)cc5)c4C)c23)C1,117215.0,aryl-F without CF3/CF2,-0.9546770212133424,-0.7670038896078462,-0.9103700894160929,3.308929409,0.44,2.7535184554358603
OA35PAIR_01490,C[C@@H](CN1CCC2(CC1)OC(=O)NC[C@H]2c1cccc(F)c1)NC(=O)c1ccc(F)cc1,122085.0,aryl-F without CF3/CF2,1.57978359661681,2.595496221825574,1.8375089761534285,2.493792531,0.5316455696202531,1.734303241066328
OA35PAIR_01491,CC(=O)Nc1cccc(Nc2ncnc(N3CCC(OCc4ccc(OC(F)(F)F)cc4)CC3)n2)c1C,58512.0,CF3-containing,1.7924617313469506,1.91803033678488,1.30133918813876,1.874377435,0.3229166666666667,1.2576862863538798
OA35PAIR_01498,C[C@@H](CN1CCC2(CC1)c1ccccc1NC(=O)N2C)NC(=O)c1ccc(F)cc1,122085.0,aryl-F without CF3/CF2,1.591064607026499,2.0530784434834195,1.1963346873957867,2.493792531,0.5066666666666667,1.5659417435924172
OA35PAIR_01500,O=S(=O)(c1cccc(F)c1)n1ccc2c(N3CCNCC3)nc3ccccc3c21,121348.0,aryl-F without CF3/CF2,0.9819997141298782,1.3624824747511743,0.7440653609809907,2.014996993,0.2777777777777778,1.1347173700557325
OA35PAIR_01501,CC(C)(O)C#Cc1cc2c(ccn2-c2ccnc(N)n2)cc1F,125369.0,aryl-F without CF3/CF2,1.3222192947339193,1.8388490907372552,0.9505161764396958,3.372693144,0.3181818181818182,1.8316456239389776
OA35PAIR_01516,CCc1cc(F)c2nc(N3CCC(N[C@@H]4CCOC4)CC3)c(-c3nc(C)no3)c(C)c2c1,113971.0,aryl-F without CF3/CF2,1.3323209877780626,1.844507839010325,1.158534819429546,2.566037781,0.2727272727272727,1.743192730064286
OA35PAIR_01525,Cc1cc(F)cc(C)c1Oc1ccc(C(C)(C)O)cc1-c1cn(C)c(=O)c2cc(-c3c[nH]c(C4CCCC4)n3)oc12,124566.0,aryl-F without CF3/CF2,-0.8711162979002267,-1.1112590393171071,-1.3758235143555286,1.17350677,0.25961538461538464,0.9089422949615784
OA35PAIR_01526,O=C(NCCCCc1ccccc1)c1cccc(C2SCC(=O)N2c2ccccc2F)c1,124411.0,aryl-F without CF3/CF2,3.301689622087296,3.724505247609918,2.9793220156685716,2.291031231,0.32051282051282054,1.7282183741084478
OA35PAIR_01530,CNC(=O)Nc1ccc2c(c1)CC[C@@]21OC(=O)N(CC(=O)N2Cc3ccc(F)cc3CC[C@H]2C2CC2)C1=O,110861.0,aryl-F without CF3/CF2,2.117403884416343,2.666892211066536,1.9972595074663044,2.400698554,0.25555555555555554,1.8392764293215693
OA35PAIR_01531,C[C@H]1C[C@@H](c2ccncc2NC(=O)c2nc(-c3ncccc3F)ccc2N)C[C@@H](O)[C@]1(C)O,119055.0,aryl-F without CF3/CF2,1.4771212547196624,1.5440680443502757,0.9471340072613805,2.827400293,0.28421052631578947,2.0227846650252395
OA35PAIR_01534,C=CC(=O)N(C)CCOc1cncnc1-c1ccc(CN2CCN(C3CCOC3)CC2=O)c(F)c1,123689.0,aryl-F without CF3/CF2,1.9084850188786495,2.4885507165004443,1.7117899014613085,3.308929409,0.3130434782608696,2.3921878709453948
OA35PAIR_01538,O=C(N[C@@H](c1ccc(C(F)(F)F)cc1)c1cnccc1C(F)(F)F)c1ccc2cccnc2c1,109096.0,CF3-containing,1.3692158574101427,1.6532125137753435,1.0639073512294348,2.217615529,0.3230769230769231,1.6450838509103
OA35PAIR_01539,CNC(=O)Nc1ccc2c(c1)CC[C@@]21OC(=O)N(CC(=O)N2Cc3ccc(F)cc3CC[C@H]2C(F)(F)F)C1=O,110861.0,CF3-containing,2.2750117377780112,2.230244499401375,1.6427369142980408,2.400698554,0.25274725274725274,1.7982124410212479
OA35PAIR_01542,Cc1ccccc1[C@H](NC(=O)c1ccc2cccnc2c1)c1ncccc1C(F)(F)F,109096.0,CF3-containing,2.232538717530599,2.780317312140151,2.108916101349892,1.765996201,0.3188405797101449,1.151567684749641
OA35PAIR_01543,Cc1onc(-c2ccc(F)cc2)c1COc1ccc2c(n1)CCN(C)C2=O,124666.0,aryl-F without CF3/CF2,1.515343893088381,2.861653870213911,1.9008134720496934,2.322562459,0.2962962962962963,1.3654561996807493
OA35PAIR_01550,C[C@H](C(=O)N[C@@H]1CCc2ccccc2[C@H]1S(C)(=O)=O)c1ccc(F)cc1,125936.0,aryl-F without CF3/CF2,0.3692158574101428,1.99563519459755,0.9490943486590651,1.152288344,0.3055555555555556,0.6529257738560736
OA35PAIR_01551,COc1ccc(F)cc1N1C(=O)CSC1c1cccc(C(=O)NCCCCn2cccn2)c1,124411.0,aryl-F without CF3/CF2,2.69246795758183,3.423180315104786,2.613683225274624,2.913366617,0.38095238095238093,2.1041305302940856
OA35PAIR_01555,N#Cc1cc(F)cc(-c2nc(-c3ccc(F)cn3)no2)c1,65886.0,aryl-F without CF3/CF2,1.1985196302411678,1.255272505103306,0.6774190145955401,2.524105197,0.32142857142857145,1.5528069218922336
OA35PAIR_01560,COc1cc(F)ccc1-c1nc(Nc2ccc3c(N4CCOCC4)c(C(C)=O)c(=O)oc3c2)ncc1F,119817.0,aryl-F without CF3/CF2,1.6570175873403687,3.093491727010932,2.236049560136592,1.312748421,0.33980582524271846,0.7649863358406052
OA35PAIR_01564,CC(F)(F)c1cccc(N2C(=O)CSC2c2cccc(C(=O)NCCCCc3ccccc3)c2)c1,124411.0,CF2-containing,3.311223910432456,3.6213217149035417,2.9937271817755415,2.80180283,0.3076923076923077,2.1858520297833026
OA35PAIR_01567,O=C1OC2(CCN(c3nc4cc(OC(F)(F)F)ccc4[nH]3)CC2)CN1c1ccccc1,53996.0,CF3-containing,-0.2328441339178195,-0.0457574905606751,-0.43988113476365187,1.027920136,0.2804878048780488,0.6337964917970234
OA35PAIR_01576,C/C=C/c1cnc(C(=O)NCCOC)cc1Nc1ccccc1F,123562.0,aryl-F without CF3/CF2,1.8605775512444156,2.3121773564397787,1.304959688159249,1.463071381,0.31746031746031744,0.7798871077221008
OA35PAIR_01578,O=C(NCCc1ccccc1-c1ccc(CO)nc1)c1ccc(OCCC(F)(F)F)nc1,65301.0,CF3-containing,4.068185861746161,5.3692158574101425,4.4971286134062005,1.051846838,0.3150684931506849,0.7573139760768575
OA35PAIR_01583,CC(C)COc1ccc(CNC(=O)N(Cc2ccc(F)cc2)C2CCN(C)CC2)cc1,123746.0,aryl-F without CF3/CF2,1.0413926851582251,1.3654879848908996,0.6725456579404457,3.058604413,0.40540540540540543,1.9631621551307241
OA35PAIR_01585,C[C@@H](C[C@@]1(C2CC2)NC(=O)NC1=O)C(=O)N1CCN(c2ccc(F)c(F)c2)[C@@H](C)C1,121000.0,aryl-F without CF3/CF2,1.488973524726508,1.7805333253164044,1.0249720625138479,1.879800964,0.25301204819277107,1.1238928378848716
OA35PAIR_01586,C[C@H](N=C1NC(=O)C2(CCN(Cc3ccccc3)CC2)O1)c1ccccc1C(F)(F)F,36898.0,CF3-containing,2.3537431707539356,2.7221401254574156,2.0607978411818966,1.027920136,0.36666666666666664,0.6527625622900759
OA35PAIR_01588,O=C(NC1CC(F)(F)C1)c1nsc2cc(Nc3[nH]nc4nccnc34)ccc12,110470.0,CF2-containing,0.414973347970818,0.919078092376074,0.4685333261444931,1.494919503,0.2676056338028169,0.8021281445447976
OA35PAIR_01593,C[C@@H]1CN(Cc2ccc(-c3cccnc3C(=O)N3CCC(Cc4ccc(F)cc4)CC3)cc2)C[C@H](C)N1,44953.0,aryl-F without CF3/CF2,1.2723058444020865,1.4593924877592308,1.0332845001815907,3.409779319,0.37333333333333335,2.848079225624935
OA35PAIR_01599,CN(C)CC(=O)N1CCn2c(c(C3CCCCC3)c3ccc(C(=O)O)cc32)-c2ccc(F)cc2C1,45642.0,aryl-F without CF3/CF2,1.1139433523068367,1.2041199826559248,0.8096591455838456,1.027920136,0.32098765432098764,0.6616649609345778
OA35PAIR_01602,O=c1[nH]c(C(F)(F)F)nc2ncccc12,52507.0,CF3-containing,0.7583819417746753,2.0187004986662433,1.3333946105808485,2.851885482,0.26785714285714285,1.68523510540242
OA35PAIR_01610,C[C@H](Nc1ncc(F)c(N2CCOC2=O)n1)c1cn(-c2ccc(Cl)cc2)cn1,108451.0,aryl-F without CF3/CF2,1.839037873388306,1.7867514221455612,1.0065823497031028,1.659098158,0.2875,0.949234341258696
OA35PAIR_01613,CCNc1cc(C(=O)N[C@@H](Cc2ccccc2)[C@H](O)CNCc2cccc(C(F)(F)F)c2)c(F)c(N2CCCC2=O)c1,46976.0,CF3-containing,1.2143138974243997,1.1360860973840974,0.9080363100759685,2.951315658,0.2765957446808511,2.5409590147224277
OA35PAIR_01614,Nc1cncc(Nc2ccc(Oc3ccc(F)cc3)cc2)n1,61468.0,aryl-F without CF3/CF2,1.919444210465237,2.601625479553945,1.5387154756624308,2.267950412,0.3333333333333333,1.4542030280489808
OA35PAIR_01616,COc1ccc(C[C@H](NC(C)=O)[C@H](O)CN[C@H]2CC3(CCC3)Oc3ncc(CC(C)(C)C)cc32)cc1F,65507.0,aryl-F without CF3/CF2,2.2777008762887925,2.666892211066536,2.052721306592834,3.350642001,0.26881720430107525,2.709870344338129
OA35PAIR_01622,O=C(NCc1ccc(OC(F)(F)F)cc1)c1c2c(F)cccc2c(O)n1CCc1ccccn1,65828.0,CF3-containing,2.244277120801843,1.255272505103306,0.6592204235554614,1.3250228,0.36764705882352944,0.7237106937731542
OA35PAIR_01628,O=C(N[C@@H]1CCC[C@H](O)C1)c1noc(-c2ccc(C(F)(F)F)cc2)c1CNCC1CCC1,57127.0,CF3-containing,1.390405156480081,2.413634997198556,1.7464090549246887,1.699941736,0.3,1.0596481607666812
OA35PAIR_01634,C[C@@H](CN1CCC2(CC1)OC(=O)Nc1cc(F)ccc12)NC(=O)c1ccc(F)cc1,122085.0,aryl-F without CF3/CF2,1.8325089127062364,2.3979400086720375,1.486473818115816,2.493792531,0.4805194805194805,1.5762976589526434
OA35PAIR_01645,Cc1onc(-c2ccc(F)cc2)c1COc1ccc2c(c1)OCC(=O)N2C,124666.0,aryl-F without CF3/CF2,1.5866998016240492,2.8361974807789254,1.7643272674771109,2.528250614,0.3382352941176471,1.5038550301837335
OA35PAIR_01646,Cc1cc(-c2nc(CN3CCCC3)nn2C)ccc1C(F)(F)F,119963.0,CF3-containing,1.036668810300097,2.675063091209669,1.7077727415732253,1.027920136,0.3114754098360656,0.5476501847183458
OA35PAIR_01650,Cn1cc(-c2ccnc(-n3ncc4cc(C(C)(C)C)cc(F)c4c3=O)c2CO)cc(NC(=O)[C@H]2C[C@H]2F)c1=O,116462.0,aryl-F without CF3/CF2,0.8217263382430937,1.0937603604182315,0.7893352363938475,1.027920136,0.34710743801652894,0.7262050161109425
OA35PAIR_01653,Cc1noc2ccc(Nc3[nH]nc4cc(F)cnc34)cc12,110470.0,aryl-F without CF3/CF2,1.383815365980431,1.5237464668115646,0.9216169842775742,1.894609555,0.24324324324324326,1.2756262878968447
OA35PAIR_01654,CNC(=O)Nc1ccc2c(c1)CC[C@@]21OC(=O)N(CC(=O)N2Cc3ccc(F)cc3CC[C@H]2C)C1=O,110861.0,aryl-F without CF3/CF2,2.4747260421801167,2.678518379040114,1.8785399461436523,2.400698554,0.26136363636363635,1.606375031667144
OA35PAIR_01659,CN[C@@H](C)C(=O)N[C@H](C(=O)N1CCC[C@H]1c1nc(C(=O)c2ccc(F)cc2)cs1)C1CCN(C(=O)c2cnc(N3CCC(CCOc4cc5ncnc(Nc6[nH]nc(C)c6C)c5cc4S(=O)(=O)C(C)(C)C)CC3)nc2)CC1,120934.0,aryl-F without CF3/CF2,0.4145388361968002,0.0406023401140731,-0.11052866526504262,1.283323848,0.2222222222222222,1.0218162428586577
OA35PAIR_01665,COc1cc2nccc(CN3CCc4c(C(=O)Nc5ccc(F)c(C(F)(F)F)c5)cccc4C3=O)c2cc1OC,43814.0,CF3-containing,2.542402125822417,2.315970345456918,1.9037357498088396,2.221990307,0.32954545454545453,1.8160957603954233
OA35PAIR_01666,C[C@@H](CN1CCC(n2c(=O)oc3ccccc32)CC1)NC(=O)c1ccc(F)cc1,122085.0,aryl-F without CF3/CF2,1.3617278360175928,2.496929648073215,1.5245419168889118,2.82465617,0.4805194805194805,1.7791883548228205
OA35PAIR_01668,O=C1NC2(CC2)COc2ncc(F)cc2[C@H]2CNCCN2c2ccn3ncc1c3n2,121656.0,aryl-F without CF3/CF2,1.6334684555795864,1.462397997898956,0.791525521127554,2.08385006,0.21495327102803738,1.093005227407637
OA35PAIR_01670,O=C1NCCc2c1cnn2-c1ccnc(Cc2cc(F)cc(C(F)F)c2)c1,125935.0,CF2-containing,1.2442771208018428,1.823474229170301,0.8612316651024167,1.027920136,0.2571428571428571,0.5330123156958164
OA35PAIR_01671,O=C(NCCc1ccccc1-c1cnc(OC(F)F)cn1)c1ccc(OCCC(F)(F)F)nc1,65301.0,CF3-containing,5.390405156480081,5.686636269262293,4.819707210168755,1.051846838,0.29333333333333333,0.7381302221799096
OA35PAIR_01675,O=C1c2nc3cccc(Br)c3n2CCN1Cc1ccc(Br)cc1F,121631.0,aryl-F without CF3/CF2,-0.1122702027119696,0.6151079874431941,0.2507335739287568,2.648480035,0.31746031746031744,1.8067822287194868
OA35PAIR_01676,O=C(N[C@@H](c1ccccc1)c1ncccc1C(F)(F)F)c1ccc2cccnc2c1,109096.0,CF3-containing,1.701654317325748,2.2723058444020863,1.4653960480393746,2.784010711,0.3125,1.9848546620338055
OA35PAIR_01678,Cc1ccc2c(N3CCN(CCc4cccc5c4OCc4nc(C(F)(F)F)cn4-5)CC3)cccc2n1,52714.0,CF3-containing,0.1095785469043867,0.0334237554869497,-0.20289511624334433,2.319788729,0.23529411764705882,1.9996125231788804
OA35PAIR_01679,O=C(O)CN1C(=O)[C@@]2(CC(=O)N(Cc3ccccc3F)C2=O)c2cc(Cl)ccc21,39450.0,aryl-F without CF3/CF2,1.2442771208018428,1.6170003411208989,0.7928252850779146,1.027920136,0.3088235294117647,0.6186339083735959
OA35PAIR_01680,CC(=O)N1CCc2nc(OCc3c(C)nnn3-c3ccc(F)cc3)ccc2C1,124666.0,aryl-F without CF3/CF2,1.3234583668494675,1.670245853074124,0.822852042207049,3.399959639,0.3,2.313636749212521
OA35PAIR_01689,COc1ccc([C@H](NC(=O)c2ccc3cccnc3c2)c2ncccc2C(F)(F)F)cc1,109096.0,CF3-containing,1.824060717418653,2.6549462265843444,2.012940645864661,2.784010711,0.3235294117647059,2.1388158284163423
OA35PAIR_01691,Cc1onc(-c2c(Cl)cccc2Cl)c1CC(=O)NCc1ccc(OCC(F)(F)F)nc1,58092.0,CF3-containing,2.1326438509730803,2.061452479087193,1.3857921260083188,2.025907724,0.30864197530864196,1.3502473709211258
OA35PAIR_01695,CC(C)n1c(=O)n(C(=O)NCC2CCN(CC3(O)CCOCC3)CC2)c2cc(F)ccc21,66601.0,aryl-F without CF3/CF2,1.385606273598312,1.6551384348113822,0.9530545405413618,1.027920136,0.3373493975903614,0.6855533610142365
OA35PAIR_01698,CN(C)[C@H]1CC[C@H](NC(=O)[C@@H](Cc2ccc(F)cc2)NC(=O)C2(c3ccc(Cl)cc3)CC2)CC1,58353.0,aryl-F without CF3/CF2,1.6479694583629718,2.0187004986662433,1.4393102819810453,2.321453434,0.30666666666666664,1.6959681522738235
OA35PAIR_01699,Cc1ccc2c(N3CCN(CCc4cccc5c4OCC(=O)N5C)CC3)cc(F)cc2n1,46450.0,aryl-F without CF3/CF2,0.5733358400660676,0.1583624920952496,-0.21879027611066898,3.714726815,0.3,2.9465145145318856
OA35PAIR_01706,CC(=O)Nc1cccc(Nc2ncnc(N3CCC(Oc4ccc(C(F)(F)F)cc4)CC3)n2)c1C,58512.0,CF3-containing,2.2640855141553953,1.8350561017201164,1.252011983883458,1.027920136,0.33766233766233766,0.699927432838257
OA35PAIR_01709,CCOc1ccc(OC)cc1C1(N2CCN(c3ccncc3)CC2)C(=O)N(S(=O)(=O)c2ccc(F)c3cccnc23)c2ccc(C#N)cc21,109758.0,aryl-F without CF3/CF2,2.185457157401926,2.3308194664958366,2.021844574201035,1.979156696,0.2641509433962264,1.6995816878771541
OA35PAIR_01710,O=C(NCC1CCC(F)(F)CC1)c1c(Cl)ccc2nc(N3CCC(CCO)C3)ccc12,111412.0,CF2-containing,1.5733358400660675,1.91803033678488,1.3482565669467372,2.67861943,0.36585365853658536,2.0568230097024838
OA35PAIR_01715,Cc1cc(C)c2cc(C(=O)NC3CN(c4ccnc(F)c4F)C3)ccc2n1,107615.0,aryl-F without CF3/CF2,2.110589710299249,2.3654879848909,1.4475756155768154,1.735023717,0.3561643835616438,1.0113726713213382
OA35PAIR_01716,COc1ccccc1N1CCN(CC(O)CN2C(=O)NC(C)(c3ccc(F)cc3)C2=O)CC1,107989.0,aryl-F without CF3/CF2,0.9138138523837168,1.3269499941659988,0.9439917390749314,2.551348732,0.4492753623188406,1.8813976882374972
OA35PAIR_01729,CNC(=O)Nc1ccc2c(c1)CC[C@]21NC(=O)N(CC(=O)N2Cc3cc(F)ccc3OC[C@H]2C2CC2)C1=O,110861.0,aryl-F without CF3/CF2,1.0413137153458605,1.2190603324488611,0.8374847466327414,2.323165439,0.25,1.7474036559077333
OA35PAIR_01731,CCCN1CC(Nc2cc(F)c([C@@H]3c4[nH]c5ccccc5c4C[C@@H](C)N3CC(F)(F)CO)c(F)c2)C1,120738.0,CF2-containing,0.9542425094393248,1.1760912590556811,0.9575000709802638,2.227326129,0.23595505617977527,1.8470371488161177
OA35PAIR_01733,Cc1ncc(-c2nc3c(OC4(C)CC4)nc(Nc4cnn(C5CCN(C)CC5)c4)nc3cc2F)cn1,125655.0,aryl-F without CF3/CF2,1.8316138553090988,1.4593924877592308,0.9681115802495375,2.883853277,0.29473684210526313,2.0911437291248935
OA35PAIR_01742,N#CCCn1c(O)c2ccccc2c1C(=O)NCc1ccc(OC(F)(F)F)cc1,65828.0,CF3-containing,1.1095785469043866,1.4593924877592308,0.7411655946090536,1.3250228,0.296875,0.7165867623603043
OA35PAIR_01745,CCC(=O)N1CCc2nc(OCc3c(C)nnn3-c3ccc(F)cc3)ccc2C1,124666.0,aryl-F without CF3/CF2,1.7494270991217489,2.219060332448861,1.4298250097132321,3.399959639,0.2926829268292683,2.547017319052888
OA35PAIR_01752,C[C@@H]1Cc2c([nH]c3ccccc23)[C@@H](c2c(F)cc(NC(=O)CN3CC(CF)C3)cc2F)N1CC(F)(F)CO,120738.0,CF2-containing,1.0791812460476249,1.3979400086720375,0.9507688299828497,2.498096801,0.2653061224489796,2.004535653149448
OA35PAIR_01754,C[C@H]1CCC[C@@](O)(CNC(=O)c2c(Cl)ccc3nc(N4CC[C@@H](F)C4)ccc23)C1,111412.0,other alkyl-F/nonfluorinated,1.390405156480081,1.6170003411208989,1.0116523653394647,2.67861943,0.2808988764044944,1.9096314595879378
OA35PAIR_01764,CC1(C)CN(c2cc(C(F)(F)F)cc3cncn23)CC[C@]12NC(=O)NC2=O,121318.0,CF3-containing,1.3323209877780626,1.595725507232448,0.8467545749190242,2.820328904,0.22972972972972974,1.9040491320173911
OA35PAIR_01768,Fc1ccc(-c2noc(C3CCN(c4cnc5ccc(OC(F)(F)F)cc5c4)CC3)n2)c(Cl)c1,44059.0,CF3-containing,1.515343893088381,1.510545010206612,0.9822614602371182,2.771893804,0.32,2.186560420712011
OA35PAIR_01772,Cn1cc(-c2ccc3c(c2)CC[C@@]32OC(=O)N(CC(=O)N3Cc4cc(F)ccc4OC[C@H]3C(F)(F)F)C2=O)cn1,110861.0,CF3-containing,1.6122539060964374,2.017200343523835,1.5996478710084416,2.604095313,0.24489795918367346,2.0897625846654533
OA35PAIR_01773,O=c1[nH]c(SCc2ccc(-c3ccc(S(=O)(=O)NC4COC4)cc3)cc2F)nc2c1CCC2,124869.0,aryl-F without CF3/CF2,1.2143138974243997,2.0187004986662433,1.2329138481797126,2.377051137,0.23376623376623376,1.5298849736661704
OA35PAIR_01776,CN(C)C(=O)c1ccc(-n2nc(C(F)(F)F)c3c2CCCC3)cc1,54771.0,CF3-containing,0.6122539060964373,1.3590762260592628,0.8041891617926117,2.598360375,0.42857142857142855,1.8415168772183899
OA35PAIR_01783,C[C@@H]1Cc2c([nH]c3ccccc23)[C@@H](c2c(F)cc(OC3CN(CCCO)C3)cc2F)N1CC(F)(F)CO,120738.0,CF2-containing,0.9542425094393248,1.0,0.6798645970161664,3.293056783,0.23076923076923078,2.5899915302615413
OA35PAIR_01784,Cc1ccc2c(N3CCN(CCc4cccc5c4ccc(=O)n5C)[C@@H](C)C3)cc(F)cc2n1,54003.0,aryl-F without CF3/CF2,-0.0287241512618947,0.1003705451175628,-0.17731013993447006,1.027920136,0.27586206896551724,0.7502394509479673
OA35PAIR_01793,CC(C)Oc1cc(CN2CC[C@@]3(C[C@@H]2C)CN(C)S(=O)(=O)N3c2cccc(F)c2)ccc1O,66605.0,aryl-F without CF3/CF2,1.187520720836463,1.7759743311293692,1.0699531869935661,2.949896713,0.26881720430107525,2.1473165908041296
OA35PAIR_01800,CC(C)NC(=O)[C@H]1CC[C@@H](n2c(NC(=O)c3ccc(F)cc3)nc3ccc(CN4CCNC(=O)C4)cc32)CC1,65939.0,aryl-F without CF3/CF2,2.3559875916763877,1.9084850188786495,1.461654842575568,1.027920136,0.32558139534883723,0.7307346594392752
OA35PAIR_01808,CC(NC(=O)c1c2ccccc2c(O)n1CCc1ccccn1)c1ccc(OCC(F)(F)F)cc1,65828.0,CF3-containing,2.3778160291720605,1.9454685851318196,1.3103577436470966,2.139107371,0.30985915492957744,1.4895601457998042
OA35PAIR_01811,Cc1onc(-c2ccc(F)cc2)c1COc1ccc2c(n1)CCN(C(=O)c1ccno1)C2,124666.0,aryl-F without CF3/CF2,1.894260664446988,2.6444385894678386,1.7873002775495808,2.753002846,0.2926829268292683,1.8971425995106612
OA35PAIR_01817,O=C1NC2(CC2)COc2ncc(F)cc2[C@H]2COCCN2c2ccn3ncc1c3n2,121656.0,aryl-F without CF3/CF2,1.2479732663618066,1.4593924877592308,0.8022298183623979,2.08385006,0.21296296296296297,1.1735376211373691
OA35PAIR_01819,CC(=O)Nc1cccc(Nc2ncnc(N3CCC(OCc4ccc(C(F)(F)F)cc4)CC3)n2)c1C,58512.0,CF3-containing,2.036668810300097,1.9795483747040952,1.4895253518906906,3.771624148,0.3037974683544304,3.0808656880577256
OA35PAIR_01821,Cc1ncnc(C)c1C(=O)N1C[C@H]2CN(CC[C@H](NC(=O)CC3CCC(F)(F)CC3)c3ccccc3)C[C@H]2C1,51249.0,CF2-containing,1.9872639541222352,1.91803033678488,1.4377269102606323,3.206827764,0.2823529411764706,2.6394605507952535
OA35PAIR_01829,O=C(NCc1cccc(OC(F)(F)F)c1)c1c2ccccc2c(O)n1CCc1ncc(F)cn1,65828.0,CF3-containing,2.3234583668494677,1.7024305364455252,0.9185574269082075,1.713036691,0.3142857142857143,0.9291635814626822
OA35PAIR_01833,Cc1cccc2[nH]c(-c3cncc(-c4cc(F)cc(C#N)c4)c3N3CC[C@H](N)C3)nc12,123052.0,aryl-F without CF3/CF2,0.3692158574101428,0.5563025007672873,0.1408930865664893,3.345034986,0.3,2.4861162745795755
OA35PAIR_01838,O=c1[nH]c(SCc2ccc(-c3ccc(S(=O)(=O)NC4COC4)c(F)c3)cc2F)nc2c1CCC2,124869.0,aryl-F without CF3/CF2,1.499549625905149,1.7323937598229686,1.0022511274147656,2.855272561,0.2261904761904762,1.9971777705286429
OA35PAIR_01839,CC(C)(C)[C@@H](C#N)NC(=O)[C@@H]1CCCC[C@H]1C(=O)N1CCc2[nH]c3ccc(F)cc3c2C1,65822.0,aryl-F without CF3/CF2,2.0638210563437114,2.545307116465824,1.9914238390887005,2.829490319,0.3372093023255814,2.2401263440789387
OA35PAIR_01844,CN[C@@H](C)C(=O)N[C@H](C(=O)N1CCC[C@H]1c1nc(C(=O)c2ccc(F)cc2)cs1)C1CCN(C(=O)COCCOCCOCCOCCOc2cc3ncnc(Nc4[nH]nc(C)c4C)c3cc2S(=O)(=O)C(C)(C)C)CC1,120934.0,aryl-F without CF3/CF2,0.5553242372233481,0.1795517911651877,-0.0322659920151184,2.705097036,0.24285714285714285,2.2958952043382976
OA35PAIR_01845,Cc1nc(N[C@H](C)c2cccc(C(F)F)c2F)c2cc3c(cc2n1)OCC[C@H]1CN(C(=O)C2(C#N)CC2)CCN31,122807.0,CF2-containing,2.1795517911651876,2.1997551772534747,1.9212050099751226,3.388510958,0.2647058823529412,2.9474497123712684
OA35PAIR_01849,Cc1ncn(C2CCN(C(=O)/C=C/c3ccc(C(F)(F)F)cc3Cn3nnc(C)n3)CC2)n1,117565.0,CF3-containing,1.2723058444020865,1.4313637641589874,0.7621593829705455,2.224209228,0.32222222222222224,1.4094687721596189
OA35PAIR_01852,Cc1cc2c(Nc3ccccc3F)cc(C(=O)NCC(C)(C)C#N)nc2cn1,123562.0,aryl-F without CF3/CF2,1.5996647787884168,2.100370545117563,1.1629853512952653,1.482702118,0.3235294117647059,0.7437333599360625
OA35PAIR_01854,N#Cc1ccc2[nH]c([C@H]3CC[C@]4(CC3)CN(c3ccc(F)cc3)C(=O)O4)nc2c1,53996.0,aryl-F without CF3/CF2,-0.2328441339178195,-0.0457574905606751,-0.47116807388126225,1.835290964,0.36486486486486486,1.096177514628611
OA35PAIR_01858,Nc1ccnc(Nc2ccc(Oc3ccc(C(F)(F)F)cc3)cc2)n1,61468.0,CF3-containing,1.4483971034577676,1.6170003411208989,0.8506897384174851,2.678859671,0.3617021276595745,1.8438940875972138
OA35PAIR_01866,O=C1NCCc2c1cnn2-c1ccnc(Cc2cc(F)cc(C(F)(F)F)c2)c1,125935.0,CF3-containing,1.1095785469043866,1.6532125137753435,0.7994930125925686,1.899004751,0.25882352941176473,0.9787886659627923
OA35PAIR_01868,CCC(=O)NCc1ccc(-n2nc(C(F)(F)F)c3c2CCCC3)cc1,54771.0,CF3-containing,1.4184338800803244,1.3234583668494675,0.8189180307722297,2.598360375,0.40298507462686567,1.8388642516889102
OA35PAIR_01870,Cn1c(=O)n(CC(=O)N2CCC2)c2cc(-c3ccc(C(F)(F)F)s3)cnc21,119263.0,CF3-containing,0.8005796215691302,1.675228253593064,0.8994540218645987,1.922798094,0.30666666666666664,1.0702085169147617
OA35PAIR_01874,CCS(=O)(=O)c1ccc2c(c1)nc(C(C)(C)C)n2CCOC(F)(F)F,58244.0,CF3-containing,0.9132839017604184,1.534026106056135,0.8141326836869164,2.886557838,0.2875,1.8962034805757773
OA35PAIR_01876,Fc1ccc([C@]2(CCNCc3cccc(Cl)c3)CCO[C@]3(CCOC3)C2)nc1,121906.0,aryl-F without CF3/CF2,1.4653828514484182,2.24551266781415,1.4825881662089295,2.447650986,0.3170731707317073,1.6641218579289911
OA35PAIR_01877,Cn1cc(-c2ccc3c(c2)CC[C@]32NC(=O)N(CC(=O)N3Cc4cc(F)ccc4OC[C@H]3C(F)(F)F)C2=O)cn1,110861.0,CF3-containing,1.3282572497312364,1.7698202577635922,1.3310175490862979,2.487877603,0.24752475247524752,2.0420308954623057
OA35PAIR_01882,Cc1onc(-c2ccc(F)cc2)c1COc1ccc2c(n1)CCN(C(=O)C1CCCO1)C2,124666.0,aryl-F without CF3/CF2,1.691435152144062,2.5774917998372255,1.8760372404101582,3.563233491,0.2988505747126437,2.7715029121621573
OA35PAIR_01887,Nc1ccnc(Nc2ccc(Oc3ccc(OC(F)(F)F)cc3)cc2)n1,61468.0,CF3-containing,1.499549625905149,1.48572142648158,0.7568824236032464,1.027920136,0.39436619718309857,0.5498118192163973
OA35PAIR_01890,O=C(NCc1ccc(OC(F)(F)F)cc1)c1c2ccccc2c(O)n1CC(F)(F)c1ccccn1,65828.0,CF3-containing,1.824060717418653,1.7323937598229686,1.1033644592341298,1.3250228,0.38095238095238093,0.8489478822320746
OA35PAIR_01891,C[C@@H]1Cc2c([nH]c3ccccc23)[C@@H](c2c(F)cc(OCCN3CC(CF)C3)cc2F)N1CC1(C)COC1,120738.0,aryl-F without CF3/CF2,1.1760912590556811,1.568201724066995,1.1166600275136402,2.552304327,0.24444444444444444,2.059256803398994
OA35PAIR_01893,N#CC1(NC(=O)[C@@H]2CCCC[C@H]2C(=O)N2CCc3[nH]c4c(OC(F)(F)F)cccc4c3C2)CC1,65822.0,CF3-containing,1.3469394626989906,1.9795483747040952,1.4843346736404417,1.027920136,0.32857142857142857,0.7392743812588158
OA35PAIR_01896,O=C(Nc1ccc(OC(F)(F)F)cc1)c1cncc(-c2cccnc2)c1,123699.0,CF3-containing,1.2041199826559248,1.7481880270062005,1.1038199624423473,1.436051275,0.3492063492063492,0.8225289095722997
OA35PAIR_01904,C[C@@H](N[C@@H]1CCCN(c2cccc(OC(F)(F)F)c2)C1)c1cccc2ccccc12,106299.0,CF3-containing,2.52837798283534,2.759789629723924,2.1995232056536773,1.422409257,0.323943661971831,1.014831242859468
OA35PAIR_01905,O=C1O[C@]2(CC[C@H](c3nc4cc(OC(F)(F)F)ccc4[nH]3)CC2)CN1c1cccnc1,53996.0,CF3-containing,-0.2328441339178195,-0.0457574905606751,-0.4530926567183772,2.835418497,0.30666666666666664,2.1601823915674414
OA35PAIR_01908,CC(C)c1ccc(N2C[C@H](CS(C)(=O)=O)[C@H]2C)c2cnc(Nc3ccnc(N4CC[C@@H](O)[C@@](C)(F)C4)n3)cc12,123929.0,other alkyl-F/nonfluorinated,0.92551835817743,1.8887409606828929,1.5584639263673736,1.412191655,0.23076923076923078,0.996529723622452
OA35PAIR_01928,CC(=O)N[C@@H](Cc1ccc(OC(F)(F)F)cc1)[C@H](O)CN[C@H]1CC2(CCC2)Oc2ncc(CC(C)(C)C)cc21,65507.0,CF3-containing,2.3258644366153463,2.2595938788859486,1.8276183478583536,1.874377435,0.2571428571428571,1.3944643731494517
OA35PAIR_01929,CC1=C[C@@H]2Cc3nc4cc(Cl)ccc4c(NCCCCC(=O)N4CCC(NC(=O)Nc5ccc(OC(F)(F)F)cc5)CC4)c3[C@H](C1)C2,124540.0,CF3-containing,2.2265483538414115,1.9876662649262744,1.732373345189488,2.695767901,0.2882882882882883,2.335699012814805
OA35PAIR_01931,Nc1ccc(-c2ccc3ncc(-c4noc(C(F)(F)F)n4)cc3c2)cc1,124882.0,CF3-containing,1.0334237554869496,1.7867514221455612,1.009708528610453,2.198013415,0.2830188679245283,1.369810207763742
OA35PAIR_01932,CCN[C@@H]1CCC=C(c2ccc(F)cc2)[C@H]1COc1cc(F)c(S(=O)(=O)Nc2cscn2)cc1Cl,107616.0,aryl-F without CF3/CF2,1.825426117767823,2.1360860973840974,1.5120603496749045,1.571266162,0.42696629213483145,0.9987149382323949
OA35PAIR_01933,O=C(N[C@@H](c1ccc(C(F)(F)F)cc1)c1ncccc1C(F)(F)F)c1ccc2cccnc2c1,109096.0,CF3-containing,1.670245853074124,1.7024305364455252,1.1903805856667362,2.217615529,0.3442622950819672,1.7190379102205342
OA35PAIR_01939,Cc1nn(-c2ccc(F)cc2)c(NS(=O)(=O)c2ccc(C#N)cc2)c1C(=O)N[C@@H](C)C(C)(C)C,60604.0,aryl-F without CF3/CF2,0.7671558660821804,1.3692158574101427,0.8377087921290431,1.294201601,0.3888888888888889,0.8109444605151627
OA35PAIR_01941,CC(C)S(=O)(=O)N[C@@H]1COC[C@@H]1c1ccc(-c2cncc(F)c2)cc1,54021.0,aryl-F without CF3/CF2,-0.1536628878701947,0.8115750058705934,0.3397581735122567,2.016092742,0.2647058823529412,0.9393832854554662
OA35PAIR_01947,Cc1onc(-c2ccc(F)cc2)c1COc1ccc2c(n1)CCN(C(=O)N1CCCCC1)C2,124666.0,aryl-F without CF3/CF2,2.097569639431371,2.810366953681626,2.093112967788735,2.753002846,0.31645569620253167,2.063666904224237
OA35PAIR_01957,Cc1onc(-c2ccc(F)cc2)c1COc1ccc2c(n1)CCNC2=O,124666.0,aryl-F without CF3/CF2,1.2143138974243997,2.611298362296429,1.5626211554660017,2.528250614,0.2857142857142857,1.5114065318801586
OA35PAIR_01958,O=C1O[C@]2(CC[C@H](c3nc4cc(OC(F)(F)F)ccc4[nH]3)CC2)CN1c1ccccc1Cl,53996.0,CF3-containing,-0.2328441339178195,-0.0457574905606751,-0.416911509699192,2.835418497,0.3108108108108108,2.256581848116671
OA35PAIR_01959,O=C(NCc1ccc(OC(F)(F)F)cc1)c1c2c(O)cccc2c(O)n1CCc1ccccn1,65828.0,CF3-containing,1.4831592097169797,1.6170003411208989,0.8801853977621045,1.3250228,0.35294117647058826,0.7346999297954976
OA35PAIR_01961,CN[C@@H](C)C(=O)N[C@H](C(=O)N1CCC[C@H]1c1nc(C(=O)c2ccc(F)cc2)cs1)C1CCN(C(=O)c2cnc(N3CCN(CCCOc4cc5ncnc(Nc6[nH]nc(C)c6C)c5cc4S(=O)(=O)C(C)(C)C)CC3)cn2)CC1,120934.0,aryl-F without CF3/CF2,-0.099305225547602,0.1126050015345745,-0.03006409343674349,2.226256974,0.2465753424657534,2.031423224720034
OA35PAIR_01970,O=C1c2nc3cccc(Br)c3n2CCN1Cc1ccccc1F,121631.0,aryl-F without CF3/CF2,-0.4546928835341759,0.527114111639805,0.15841872465203505,1.783167226,0.3333333333333333,0.9903869864295911
OA35PAIR_01971,Cc1nnn(Cc2cc(Cl)ccc2/C=C/C(=O)N2CCN(Cc3ccc(F)cc3)C[C@H]2C)n1,117565.0,aryl-F without CF3/CF2,2.4299136977637548,2.9628426812012423,2.1912578352006116,2.994858913,0.32941176470588235,2.223274066999369
OA35PAIR_01977,Cc1ccc2nc(N3CCCc4cc(F)ccc4C3)cc(NCCN)c2c1,107506.0,aryl-F without CF3/CF2,0.9030899869919436,1.5185139398778875,0.9021679541617863,3.35375207,0.3048780487804878,2.032697355605228
OA35PAIR_01986,Cc1ccc(CC(C)(C)NC[C@@H](O)COc2cc(C3CC4CC3C3C(C(=O)O)C43)ccc2C#N)cc1F,57865.0,aryl-F without CF3/CF2,1.2442771208018428,1.6866362692622934,1.106701915058689,3.496669962,0.23863636363636365,2.8547129676480054
OA35PAIR_01991,COc1ccc(-c2noc(-c3cnc(Oc4ccc5cc(C(=O)N6CCN(Cc7ccc(OCC(F)(F)F)cc7)CC6)n(C)c5c4)cn3)n2)cc1,122546.0,CF3-containing,1.3306369514765912,1.4831592097169797,1.0077773838365336,1.702611455,0.32954545454545453,1.24985750490035
OA35PAIR_01995,C[C@@H]1CN(C(=O)[C@@H]2CN(C(C)(C)C)C[C@H]2c2ccc(F)cc2F)C[C@H](C)[C@@]1(O)c1ccccc1,50787.0,aryl-F without CF3/CF2,1.7213983755215052,5.033423755486949,4.256294472165985,1.295984701,0.2608695652173913,0.8155891275502107
OA35PAIR_01996,CNC(C)(C)C(=O)N1CCN(C(=O)c2cc(Cc3n[nH]c(=O)c(C)c3C)ccc2F)CC1,49850.0,aryl-F without CF3/CF2,1.0681858617461617,1.100370545117563,0.671057975887448,1.295984701,0.3283582089552239,0.7334790639626848
OA35PAIR_01997,CN[C@@H](C)C(=O)N[C@H](C(=O)N1CCC[C@H]1c1nc(C(=O)c2ccc(F)cc2)cs1)C1CCN(C(=O)c2cnc(N3CCN(CCCOc4cc5ncnc(Nc6[nH]nc(C)c6C)c5cc4S(=O)(=O)C(C)(C)C)CC3)nc2)CC1,120934.0,aryl-F without CF3/CF2,2.1719895827021185,0.1473671077937864,0.004363003251433739,2.226256974,0.2569444444444444,2.032877772022505
OA35PAIR_02004,CC(C(=O)N1CCCC1)c1ccc(-n2nc(C(F)(F)F)c3c2CCCC3)cc1,54771.0,CF3-containing,1.2174049744015416,1.529430354366986,0.9287816680131691,2.259804048,0.3968253968253968,1.4505039030921352
OA35PAIR_02006,C[C@H]1C[C@@H](c2ccncc2NC(=O)c2ccc(F)c(-c3c(F)cccc3F)n2)C[C@@H](O)[C@]1(C)O,119055.0,aryl-F without CF3/CF2,1.6812412373755872,2.2624510897304293,1.5539117243428953,2.119028122,0.2857142857142857,1.4294599278290359
OA35PAIR_02009,O=c1ccc(-c2cc(C(F)(F)F)c3nn([C@H]4CCNC[C@@H]4F)cc3c2)c2n1CCC2,116449.0,CF3-containing,1.7494270991217489,1.8785217955012063,1.148183246370766,1.027920136,0.2826086956521739,0.6482686271604834
OA35PAIR_02011,O=C(N[C@@H](c1ccc(C(F)(F)F)cc1)c1ncccc1C(F)(F)F)c1cccnc1,109096.0,CF3-containing,1.3469394626989906,1.954242509439325,1.3733188954226216,2.217615529,0.3684210526315789,1.6395690020870612
OA35PAIR_02013,C[C@@H]1Cc2c([nH]c3ccccc23)[C@@H](c2c(F)cc(OCCN3CC(CF)C3)cc2F)N1CC(F)F,120738.0,CF2-containing,1.0413926851582251,1.414973347970818,0.8134208777344974,2.552304327,0.26506024096385544,1.9622553630437132
OA35PAIR_02017,O=C(O)CN1C(=O)C2(CC(=O)N(Cc3cc(F)ccc3Cl)C2=O)c2cc(Cl)ccc21,39450.0,aryl-F without CF3/CF2,0.3692158574101428,1.6354837468149122,0.8420435413697348,3.214697381,0.30864197530864196,2.434062925971824
OA35PAIR_02020,C[C@@H](CN1CCC2(CC1)OC(=O)Nc1cccnc12)NC(=O)c1ccc(F)cc1,122085.0,aryl-F without CF3/CF2,1.1139433523068367,1.6812412373755872,0.8599275565402401,2.493792531,0.4567901234567901,1.5264648381350083
OA35PAIR_02023,CC(C)S(=O)(=O)N[C@H]1CN(C)C[C@@H]1c1ccc(-c2ccc(F)nc2)cc1,54021.0,aryl-F without CF3/CF2,-0.0287241512618947,1.0034605321095065,0.5479471650708507,2.208589142,0.25,1.1280511290054231
OA35PAIR_02029,CNc1cc(F)cc2c1[nH]c1nc(Oc3cnc(C)nc3)nc(N3CC(=C(CN)C(C)C)C3)c12,122511.0,aryl-F without CF3/CF2,1.8101249394753605,2.3282572497312364,1.6306585101802362,2.670159542,0.20430107526881722,1.8838079596240433
OA35PAIR_02035,COc1cc(-c2cccnc2C(=O)N2CCC(Nc3ccc(F)cc3)CC2)ccc1CN1C[C@@H](C)N[C@@H](C)C1,44953.0,aryl-F without CF3/CF2,0.7924617313469506,1.0261245167454502,0.7928159307140805,2.658694277,0.30612244897959184,2.090548431467506
OA35PAIR_02045,CC(C)NC(=O)[C@H]1CC[C@@H](n2c(NC(=O)c3ccc(F)cc3)nc3ccc(CN4CCC(C(C)(C)O)CC4)cc32)CC1,65939.0,aryl-F without CF3/CF2,1.775756037844098,1.4313637641589874,0.9818416708518751,1.05095946,0.3146067415730337,0.8049374213084562
OA35PAIR_02050,O=C(Nc1ccc(OC(F)(F)F)cc1)NC1CCN(C(=O)CCNc2c3c(nc4cc(Cl)ccc24)CCCC3)CC1,124540.0,CF3-containing,1.824060717418653,2.0034605321095063,1.655717313429373,1.422409257,0.3411764705882353,0.9418895288929936
OA35PAIR_02051,CN(C)C(=O)[C@H]1CN(C2CCCCC2)CC[C@@H]1NC(=O)c1cc(-c2ccc(F)cc2F)on1,118560.0,aryl-F without CF3/CF2,1.1821292140529984,2.693023067923694,2.0105106216647606,2.777962291,0.2840909090909091,2.0848918773816596
OA35PAIR_02056,C[C@@H]1C[C@H](O)C[C@H](c2ccncc2NC(=O)c2ccc(F)c(-c3c(F)cccc3F)n2)C1,119055.0,aryl-F without CF3/CF2,2.546542663478131,2.574031267727719,1.6944057676377866,2.119028122,0.3013698630136986,1.3786979935705825
OA35PAIR_02057,O=C1NC2(CC2)COc2ncc(F)cc2[C@H]2CCCCN2c2ccn3ncc1c3n2,121656.0,aryl-F without CF3/CF2,2.383815365980431,2.9912260756924947,1.9662834521822066,3.177817186,0.2222222222222222,2.1544506355933164
OA35PAIR_02059,O=C(NCCCCc1ccccc1)c1cccc(C2SCC(=O)N2c2cccc(F)c2)c1,124411.0,aryl-F without CF3/CF2,3.333946778463772,3.766353350642425,2.934566370020062,2.389748889,0.34210526315789475,1.7218699527578432
OA35PAIR_02065,C=CC(=O)N(C)CCOc1cncnc1-c1ccc(CN2CCN(CC(C)(C)C)CC2=O)c(F)c1,123689.0,aryl-F without CF3/CF2,2.907948521612272,3.5658478186735176,2.7367625466550995,3.308929409,0.3211009174311927,2.4866251125326126
OA35PAIR_02068,CCC(CO)=C1CN(c2nc(Oc3cnc(C)nc3)nc3[nH]c4c(NC)cc(F)cc4c23)C1,122511.0,aryl-F without CF3/CF2,1.7791489807414371,2.663682083571736,1.796788165287639,1.132771829,0.20930232558139536,0.7504673767690302
OA35PAIR_02072,CCC(CN)=C1CN(c2nc(Oc3cnc(C(C)O)nc3)nc3[nH]c4c(NC)cc(F)cc4c23)C1,122511.0,aryl-F without CF3/CF2,1.6525170861136924,2.3964085952240453,1.6238227479161167,1.6658623,0.1958762886597938,1.0067848759252214
OA35PAIR_02074,C[C@@H](N[C@@H]1CCCN(c2cccc(C(F)(F)F)c2)C1)c1cccc2ccccc12,106299.0,CF3-containing,2.889043851185862,3.040602340114073,2.3555943845708267,1.626165793,0.28378378378378377,1.1448852471210043
OA35PAIR_02077,COc1cnc(-c2ccccn2)nc1NCc1ccc(F)cc1C(F)(F)F,63001.0,CF3-containing,1.8864907251724816,2.285557309007774,1.4082734290800392,2.617562252,0.323943661971831,1.7477268570095186
OA35PAIR_02086,O=C(NCc1ccc(OC(F)(F)F)cc1)c1c2cccc(O)c2c(O)n1CCc1ncc(F)cn1,65828.0,CF3-containing,1.691435152144062,1.8115750058705933,0.9485945580243149,1.3250228,0.3142857142857143,0.6487832797273262
OA35PAIR_02094,CCn1c(CO)nn(-c2nc(O[C@@H](C)C(F)(F)F)c(C(=O)Nc3c(C)ccnc3Cl)cc2F)c1=O,123944.0,CF3-containing,3.971275848738105,0.7160033436347992,0.15946929049892866,2.243926822,0.5681818181818182,1.2650822653965639
OA35PAIR_02108,O=C(N[C@@H](c1ccc(C(F)(F)F)c(F)c1)c1ncccc1C(F)(F)F)c1ccc2cccnc2c1,109096.0,CF3-containing,1.7671558660821804,1.9365137424788936,1.4073460431294555,2.784010711,0.31343283582089554,2.219623694935771
OA35PAIR_02110,N#CC1(NC(=O)[C@@H]2CCCC[C@H]2C(=O)N2CCc3[nH]c4cccc(F)c4c3C2)CC1,65822.0,aryl-F without CF3/CF2,1.824060717418653,2.763128376799137,1.9566128218190162,1.027920136,0.359375,0.6181324386044622
OA35PAIR_02114,O=C(NC[C@@H]1CCCCN1C(=O)c1ccccc1-c1ccccc1)c1ccc(F)cc1,58978.0,aryl-F without CF3/CF2,1.4299136977637543,1.534026106056135,0.9027823336192602,2.358298512,0.38961038961038963,1.4793231773653899
OA35PAIR_02116,Cn1cc(-c2ccc3c(c2)CC[C@@]32OC(=O)N(CC(=O)N3Cc4cc(F)ccc4OC[C@H]3C3CC3)C2=O)cn1,110861.0,aryl-F without CF3/CF2,1.9793434704861383,2.3380578754197563,1.8382166190427152,2.09887206,0.24752475247524752,1.6406666683964317
OA35PAIR_02118,CC(C)(C)OC(=O)N1CCC(n2c(O)c3ccccc3c2C(=O)NCc2ccc(OC(F)(F)F)cc2)CC1,65828.0,CF3-containing,2.2986347831244354,2.204662511748219,1.6326667486270638,2.123668742,0.3333333333333333,1.5528114425186335
OA35PAIR_02132,O=C(NCc1ccc(OC(F)(F)F)cc1)c1c2cccc(F)c2c(O)n1CCc1ccccn1,65828.0,CF3-containing,2.2986347831244354,1.4593924877592308,0.7733811978036129,1.3250228,0.373134328358209,0.7296663218513006
OA35PAIR_02146,CC(=O)NCc1ccc(-n2nc(C(F)(F)F)c3c2CCCC3)cc1,54771.0,CF3-containing,0.680969718465897,0.94546858513182,0.5329851899492623,2.598360375,0.3939393939393939,1.7883738638411564
OA35PAIR_02148,COc1ccc(CCNC(=O)c2ccc(OCCC(F)(F)F)nc2)c(-c2cnc(OC)nc2)c1,65301.0,CF3-containing,4.670245853074124,5.431363764158987,4.405161060624429,1.027920136,0.33766233766233766,0.6169153836641703
OA35PAIR_02155,Cc1noc2c1-c1ccccc1C(c1ccc(Cl)cc1)=N[C@H]2CC(N)C(F)(F)F,125783.0,CF3-containing,1.1139433523068367,1.57978359661681,0.8938837240871675,2.160243372,0.2777777777777778,1.374114661712535
OA35PAIR_02158,CNC(=O)Nc1ccc2c(c1)CC[C@@]21OC(=O)N(CC(=O)N2Cc3cc(F)ccc3OC[C@H]2C(F)(F)F)C1=O,110861.0,CF3-containing,1.5609462507729992,1.934700401715425,1.2703620398226414,2.323165439,0.2604166666666667,1.6560918053997233
OA35PAIR_02161,C[C@@H]1Cc2c([nH]c3ccccc23)[C@@H](c2ccc(NC3CN(CCCF)C3)cc2)N1CC(F)(F)CO,120738.0,CF2-containing,1.0,1.230448921378274,0.9229647367305305,2.212283512,0.225,1.670103427124829
OA35PAIR_02172,CC(C)Oc1cc(Oc2cnc(C(=O)N(C)C)c(F)c2)cc(-c2nc(=O)cc[nH]2)c1,74402.0,aryl-F without CF3/CF2,0.919078092376074,2.0086001717619175,1.2289738323741872,1.027920136,0.2571428571428571,0.6045526260092149
OA35PAIR_02175,C[C@@H]1CN(Cc2ccc(-c3cccnc3C(=O)N3CCC(Nc4ccc(F)c(F)c4)CC3)cc2)C[C@H](C)N1,44953.0,aryl-F without CF3/CF2,0.9132839017604184,1.0261245167454502,0.8483428960467214,1.208763733,0.37662337662337664,0.9989757537202235
OA35PAIR_02177,Nc1cncc(Nc2ccc(Oc3ccc(OC(F)(F)F)cc3)cc2)n1,61468.0,CF3-containing,1.499549625905149,1.8115750058705933,0.9674052162059882,1.027920136,0.2692307692307692,0.529181915013595
OA35PAIR_02187,C[C@@H]1Cc2c([nH]c3ccccc23)[C@@H](c2c(F)cc(OCCN3CC(CF)C3)cc2F)N1CC(C)(C)F,120738.0,aryl-F without CF3/CF2,1.0,1.462397997898956,0.9463442973028269,2.552304327,0.2558139534883721,2.050451040601147
OA35PAIR_02190,Cc1nnn(Cc2cc(C(F)(F)F)ccc2/C=C/C(=O)N2CCC(c3nnc(C)o3)CC2)n1,117565.0,CF3-containing,1.1821292140529984,1.534026106056135,0.8349984306848618,1.027920136,0.3058823529411765,0.6009431307497615
OA35PAIR_02191,C[C@@H]1Cc2c([nH]c3ccccc23)[C@@H](c2c(F)cc(/C=C/C(=O)O)cc2F)N1CC(F)(F)CO,120738.0,CF2-containing,0.7781512503836436,1.0,0.573752736151049,2.123668742,0.2413793103448276,1.3223744970059192
OA35PAIR_02192,CN(C(=O)c1nsc2cc(Nc3[nH]nc4cccnc34)ccc12)C1CC(F)(F)C1,110470.0,CF2-containing,2.4742162640762553,3.4680517914542377,2.582895372045593,2.128321709,0.2619047619047619,1.4234022381572524
OA35PAIR_02194,O[C@H](C[C@H]1c2c(F)cccc2-c2cncn21)[C@H]1CC[C@H](O)CC1,121318.0,aryl-F without CF3/CF2,1.0413926851582251,1.591064607026499,0.7346178425730044,2.897800774,0.25,1.4358157136974536
OA35PAIR_02195,C[C@@H]1CN(Cc2ccc(-c3ccccc3C(=O)N3CCC(Cc4ccc(F)cc4)CC3)cc2)C[C@H](C)N1,44953.0,aryl-F without CF3/CF2,1.5305838596451178,1.100370545117563,0.938919840561437,1.734535813,0.40625,1.4267568253458056
OA35PAIR_02204,Cc1nc2ccc(F)c(-c3cc4c([nH]3)CCNC4=O)c2nc1NC(C)(C)C,114532.0,aryl-F without CF3/CF2,1.8877297972880305,2.5317343092765503,1.423592829490569,1.040087843,0.22988505747126436,0.6264518963854302
OA35PAIR_02206,Cc1cc(C(F)(F)F)cc(N2C(=O)[C@@H](O)[C@@H](O)[C@H]2C(=O)N(C)c2ccc(F)c(Cl)c2)n1,122972.0,CF3-containing,1.545307116465824,1.954242509439325,1.2725825932348438,1.602135986,0.25333333333333335,0.9407293536783186
OA35PAIR_02207,Fc1ccc(-c2noc(C3CCN(c4cnc5ccccc5c4)CC3)n2)c(Cl)c1,44059.0,aryl-F without CF3/CF2,2.031973689091717,2.1583624920952498,1.4812572991601538,2.771893804,0.3582089552238806,1.942902001779081
OA35PAIR_02209,Cc1cnc(Nc2ccc(C#N)cc2)nc1Nc1c(F)cc(-c2ccncc2)cc1F,121948.0,aryl-F without CF3/CF2,1.2325387175305988,1.7576996250877388,0.9793323718592468,2.79255697,0.3559322033898305,1.8315064152125176
OA35PAIR_02213,CN[C@@H](C)C(=O)N[C@H](C(=O)N1CCC[C@H]1c1nc(C(=O)c2ccc(F)cc2)cs1)C1CCN(C(=O)c2ccc(N3CCN(CCOc4cc5ncnc(Nc6[nH]nc(C)c6C)c5cc4S(=O)(=O)C(C)(C)C)CC3)nc2)CC1,120934.0,aryl-F without CF3/CF2,0.1363717234923232,-0.00436480540245,-0.15796525645113993,2.226256974,0.22297297297297297,2.0347863957615924
OA35PAIR_02216,O=C(c1cccc(F)c1)N1C[C@@H]2[C@H](CNc3nc(-c4ccccn4)cs3)[C@@H]2C1,52012.0,aryl-F without CF3/CF2,1.0224283711854865,1.100370545117563,0.6475262373744052,2.103919973,0.45714285714285713,1.345928349858962
OA35PAIR_02221,O=C(N[C@@H](c1cccc(C(F)(F)F)c1)c1ncccc1C(F)(F)F)c1ccc2cccnc2c1,109096.0,CF3-containing,1.4299136977637543,1.9628426812012425,1.4535276713597607,2.784010711,0.29411764705882354,2.2261459262909464
OA35PAIR_02224,Cn1cc(-c2ccnc(-n3ncc4cc(C(C)(C)C)cc(F)c4c3=O)c2CO)cc(NC(=O)C2CC2)c1=O,116462.0,aryl-F without CF3/CF2,0.505149978319906,1.1139433523068367,0.7858904352724579,1.027920136,0.35,0.7025772231009477
OA35PAIR_02225,Cc1onc(-c2ccc(F)cc2)c1COc1ccc2c(n1)CCN(C(C)C)C2=O,124666.0,aryl-F without CF3/CF2,1.2723058444020865,2.585686278452497,1.7791158088379389,3.251088983,0.2911392405063291,2.4331100611478558
OA35PAIR_02233,CC(=O)N[C@@H](Cc1ccc(F)c(C#N)c1)[C@H](O)CN[C@H]1CC2(CCC2)Oc2ncc(CC(C)(C)C)cc21,65507.0,aryl-F without CF3/CF2,2.3423437110098417,2.5224442335063197,2.0815363846612875,3.224952911,0.24528301886792453,2.7185116725418337
OA35PAIR_02234,O=C1O[C@]2(CC[C@H](c3nc4cc(OC(F)(F)F)ccc4[nH]3)CC2)CN1c1cccc(F)n1,53996.0,CF3-containing,-0.2328441339178195,-0.0457574905606751,-0.4557332032463103,2.835418497,0.3150684931506849,2.1105267131620558
OA35PAIR_02236,N#CC1(NC(=O)[C@@H]2CCCC[C@H]2C(=O)N2CCc3[nH]c4c(C(F)(F)F)cccc4c3C2)CC1,65822.0,CF3-containing,1.4831592097169797,2.3197304943302246,1.7418336454961536,1.027920136,0.3484848484848485,0.7403183105629811
OA35PAIR_02240,C[C@H]1C[C@@H](c2ccncc2NC(=O)c2nc(-c3c(F)cccc3F)ccc2N)C[C@@H](O)[C@]1(C)O,119055.0,aryl-F without CF3/CF2,1.8260748027008264,1.8750612633917,1.2280863107870874,2.119028122,0.27848101265822783,1.4934260406495152
OA35PAIR_02245,O=C1c2nc3cccc(C(F)(F)F)c3n2CCN1CC1CC2CCC1C2,121631.0,CF3-containing,-0.092965047516583,1.0858611737884505,0.721048186433942,2.500527371,0.2676056338028169,1.762256960013148
OA35PAIR_02248,CC(C)CNCc1c(C(=O)N[C@@H]2CCC[C@H](O)C2)noc1-c1ccc(C(F)(F)F)cc1,57127.0,CF3-containing,1.1473671077937864,2.2846562827885157,1.579136214412659,1.956379761,0.2727272727272727,1.2685483177220154
OA35PAIR_02254,COc1ncc(-c2c(C)ccc(F)c2CCNC(=O)c2ccc(OCCC(F)(F)F)nc2)cn1,65301.0,CF3-containing,5.068185861746161,5.617000341120899,4.526366478033473,1.027920136,0.31645569620253167,0.5778809098672688
OA35PAIR_02263,CCc1cnc(N2CCC(C(C)COC(=O)N3CCc4cc(S(C)(=O)=O)cc(F)c43)CC2)nc1,119097.0,aryl-F without CF3/CF2,2.585381759696136,2.8175653695597807,2.1516073635968906,2.072610128,0.26436781609195403,1.4651387181546105
OA35PAIR_02265,CNC(=O)Nc1ccc2c(c1)CC[C@@]21OC(=O)N(CC(=O)N2Cc3cc(F)ccc3OC[C@H]2C2CC2)C1=O,121619.0,aryl-F without CF3/CF2,1.6097651056927424,2.0780941504064105,1.4928875416278617,2.323165439,0.24742268041237114,1.7316791712052302
OA35PAIR_02274,COc1ccc(C(=O)N2CC[C@@H](C)[C@H](c3cc(C(F)F)nc4ncnn34)C2)cc1OC,117433.0,CF2-containing,1.2143138974243997,1.670245853074124,0.9730113167155575,1.938339566,0.3424657534246575,1.2093954969536478
OA35PAIR_02275,Cc1cc(-c2nc3c(Cl)cc(OCCNS(=O)(=O)c4ccc(C(F)(F)F)cc4)cc3s2)c2ncn(C)c(=O)c2c1,121328.0,CF3-containing,0.6134929782119857,1.143451999021631,0.8105922627761716,2.799987373,0.23076923076923078,2.328936830911518
OA35PAIR_02276,CC(=O)N[C@@H](Cc1ccccc1F)[C@H](O)CN[C@H]1CC2(CCC2)Oc2ncc(CC(C)(C)C)cc21,65507.0,aryl-F without CF3/CF2,2.602211967802297,2.5691397254724593,1.9905517451186856,2.705097036,0.2571428571428571,2.1265090556462267
OA35PAIR_02280,COc1cnc(-c2c(C)ccc(F)c2CCNC(=O)c2ccc(COCC(F)(F)F)nc2)cn1,65301.0,CF3-containing,4.853515696756928,5.199755177253475,4.201027189047968,1.969075613,0.32098765432098764,1.2295555276105943
OA35PAIR_02284,Cc1ncnc(C)c1C(=O)N1C[C@H]2CN(CC[C@H](NC(=O)CC3CCCC3)c3cccc(F)c3)C[C@H]2C1,51249.0,aryl-F without CF3/CF2,2.1787755720454105,1.48572142648158,0.8753741293290653,1.153387979,0.2840909090909091,0.8118244889937608
OA35PAIR_02285,FC1(F)CCN(Cc2nsc3cc(Nc4[nH]nc5cccnc45)cnc23)CC1,110470.0,CF2-containing,1.4393326938302626,3.0354297381845483,2.1412273043880927,2.834842076,0.28378378378378377,1.955023761632623
OA35PAIR_02288,C[C@@H]1Cc2c([nH]c3cccnc23)[C@@H](c2c(F)cc(OCCN3CC(CF)C3)cc2F)N1CC(C)(C)F,120738.0,aryl-F without CF3/CF2,1.2787536009528289,1.6434526764861874,1.200539297489593,2.712684208,0.2345679012345679,2.285430777753565
OA35PAIR_02289,Cc1onc(-c2ccc(F)cc2)c1COc1ccc2c(n1)CCN(C(=O)C1CC1)C2,124666.0,aryl-F without CF3/CF2,1.919444210465237,2.8441042306975133,2.1581075097999083,3.563233491,0.3333333333333333,2.8198767645962235
OA35PAIR_02292,C[C@@H]1Cc2c([nH]c3ccccc23)[C@@H](c2c(F)cc(OCCNCCCF)cc2F)N1CC(F)(F)CO,120738.0,CF2-containing,0.7781512503836436,1.0,0.6364075870224384,2.212283512,0.21428571428571427,1.6101451184773206
OA35PAIR_02297,C[C@@H](CN1CCC2(CC1)NC(=O)Nc1ccccc12)NC(=O)c1ccc(F)cc1,122085.0,aryl-F without CF3/CF2,1.146128035678238,1.8195439355418688,0.9304532957160039,2.493792531,0.4675324675324675,1.476555696788107
OA35PAIR_02301,O=C(NCc1ccc(OC(F)(F)F)cc1)c1c2ccccc2c(O)n1CCc1cccnc1,65828.0,CF3-containing,2.0681858617461617,1.7024305364455252,0.9178320907897123,1.419278183,0.37142857142857144,0.7406524974725979
OA35PAIR_02302,CCC(CN)=C1CN(c2nc(Oc3cnc(CO)nc3)nc3[nH]c4c(NC)cc(F)cc4c23)C1,122511.0,aryl-F without CF3/CF2,1.6316669471405725,2.501771085899107,1.5921140886238518,2.388197148,0.20192307692307693,1.4803134749472227
OA35PAIR_02304,Cn1nc(-c2ccnc(-n3ncc4cc(C(C)(C)C)cc(F)c4c3=O)c2CO)cc(NC(=O)[C@@H]2C[C@@H]2F)c1=O,116462.0,aryl-F without CF3/CF2,0.8692317197309762,1.2041199826559248,0.8452229173524495,1.027920136,0.2727272727272727,0.6931616980844619
OA35PAIR_02313,CC(=O)N[C@@H](Cc1cccc(F)c1)[C@H](O)CN[C@H]1CC2(CCC2)Oc2ncc(CC(C)(C)C)cc21,65507.0,aryl-F without CF3/CF2,2.8612774619227417,2.611298362296429,1.9806160539355278,2.992100431,0.25742574257425743,2.3426801729260474
OA35PAIR_02328,O=S(=O)(NCc1ccc(-n2nc(C(F)(F)F)c3c2CCCC3)cc1)C1CC1,54771.0,CF3-containing,0.2723058444020864,0.6532125137753437,0.2916428548647817,2.259804048,0.3333333333333333,1.3865542569735698
OA35PAIR_02329,CC1(C(F)(F)F)OC(=NC2C3CC4CC(C3)CC2C4)NC1=O,36898.0,CF3-containing,0.7671558660821804,1.717670503002262,0.8457414025221508,1.317143662,0.1864406779661017,0.710213055203452
OA35PAIR_02330,COc1cc2nccc(Oc3ccc4c(C(=O)Nc5ccc(Cl)cc5)cccc4c3F)c2cc1OC,39211.0,aryl-F without CF3/CF2,1.545307116465824,1.7323937598229686,1.1474286079117975,2.189032477,0.37681159420289856,1.5979191213675126
OA35PAIR_02336,CC(C)NC(=O)[C@H]1CC[C@@H](n2c(NC(=O)c3ccc(C#N)c(F)c3)nc3ccc(CN4CCC(C(C)(C)O)CC4)cc32)CC1,65939.0,aryl-F without CF3/CF2,2.1887597929520113,1.717670503002262,1.3737378736675443,3.224952911,0.2761904761904762,2.697522433507804
OA35PAIR_02339,Cc1onc(-c2ccc(F)cc2)c1COc1ccc2c(n1)CCN(CCS(C)(=O)=O)C2=O,124666.0,aryl-F without CF3/CF2,0.9132839017604184,2.204662511748219,1.3514325700293441,2.322562459,0.2696629213483146,1.4790401623279767
OA35PAIR_02340,CC(C)NC(=O)[C@H]1CC[C@@H](n2c(NC(=O)c3cccc(F)c3)nc3ccc(CN4CCC(C(C)(C)O)CC4)cc32)CC1,65939.0,aryl-F without CF3/CF2,2.076786033508079,1.255272505103306,0.9372940500424602,1.28688292,0.2857142857142857,0.9689044649391543
OA35PAIR_02359,N#Cc1ccc(C(=O)N[C@@H](c2ccc(C(F)(F)F)cc2)c2ncccc2C(F)(F)F)cc1,109096.0,CF3-containing,1.3469394626989906,1.577491799837225,1.101587908535318,2.217615529,0.3559322033898305,1.7215653485641147
OA35PAIR_02361,N#Cc1cccc(N2CCN(CCN3CCC(C(F)(F)F)CC3)C2=O)c1,47715.0,CF3-containing,0.7583819417746753,1.3159703454569178,0.7055576838626022,2.100518731,0.3442622950819672,1.0948078710425353
OA35PAIR_02365,CC(C)COc1ncc(-c2cc(F)c(C(=O)NS(C)(=O)=O)cc2F)cc1Cl,114173.0,aryl-F without CF3/CF2,1.7402837196818792,1.5976951859255124,0.8543419965430552,1.027920136,0.2638888888888889,0.610433797537314
OA35PAIR_02373,C[C@@H]1CN(c2sc(C(F)(F)F)nc2-c2nc3ccccc3[nH]2)CCN1C(=O)Cn1cnc2cccnc21,123547.0,CF3-containing,2.0175758683910745,-0.9829666607012196,-1.3092532346493173,1.525446506,0.2804878048780488,0.9410972120747007
OA35PAIR_02377,Cc1noc2c(F)cc(Nc3[nH]nc4cccnc34)cc12,110470.0,aryl-F without CF3/CF2,1.4927603890268375,1.8221680793680175,1.1014618878093736,1.044304519,0.29411764705882354,0.6233529152366037
OA35PAIR_02380,CC(=O)N[C@@H](Cc1cc(F)cc(F)c1)[C@H](O)CN[C@H]1CC2(CCC2)Oc2ncc(CC(C)(C)C)cc21,65507.0,aryl-F without CF3/CF2,3.0324454919430104,2.5247854493212225,2.077296144737116,2.219951086,0.22448979591836735,1.8175597733989224
