external_record_id,doc_id,fluorine_subgroup,cf3_count,cf2_count,aryl_f_count,LOG HLM_CLint (mL/min/kg),LOG RLM_CLint (mL/min/kg),lower_80,upper_80,width_80,lower_90,upper_90,width_90,cross_conformal_point_prediction,absolute_error
OA35PAIR_00001,65507.0,aryl-F without CF3/CF2,0.0,0.0,2.0,1.919444210465237,2.4933186082321015,1.336903214901469,2.5326105524211693,1.1957073375197003,1.1938068528973143,2.679215512915981,1.4854086600186667,1.9274983725915,0.008054162126263087
OA35PAIR_00011,110706.0,aryl-F without CF3/CF2,0.0,0.0,1.0,1.5305838596451178,1.534026106056135,0.5619769856776156,1.7693784869731932,1.2074015012955777,0.42493051432583995,1.9107846447085008,1.485854130382661,1.164837372986535,0.3657464866585829
OA35PAIR_00012,55806.0,CF3-containing,1.0,0.0,0.0,1.4814856258274134,2.114410802397837,0.7056975751291481,1.9248723460544022,1.219174770925254,0.5730022251179365,2.0760900185367084,1.5030877934187719,1.3229026206144137,0.15858300521299973
OA35PAIR_00018,58563.0,aryl-F without CF3/CF2,0.0,0.0,1.0,4.874365835730049,5.323458366849468,3.805574772907713,5.0452020797271615,1.2396273068194485,3.6787173314820367,5.182015578908095,1.5032982474260579,4.423808224879769,0.45055761085027957
OA35PAIR_00021,44059.0,aryl-F without CF3/CF2,0.0,0.0,1.0,2.400624321661767,2.9513165865183835,1.5019794135732103,2.7293715982921327,1.2273921847189224,1.373707146784711,2.870680644987276,1.496973498202565,2.1153937446115787,0.2852305770501884
OA35PAIR_00029,66601.0,aryl-F without CF3/CF2,0.0,0.0,1.0,1.404833716619938,1.6304278750250238,0.37228035097433365,1.5841220220595047,1.2118416710851712,0.25420680885605207,1.7295873840574996,1.4753805752014475,0.9903452790232471,0.41448843759669096
OA35PAIR_00030,124666.0,aryl-F without CF3/CF2,0.0,0.0,1.0,1.7213983755215052,2.7008767083769034,1.3065076855769642,2.5655509091055357,1.2590432235285716,1.1718281062216909,2.694396744246321,1.52256863802463,1.9450448192489773,0.2236464437274721
OA35PAIR_00032,119055.0,aryl-F without CF3/CF2,0.0,0.0,3.0,1.7853298350107671,2.0293837776852097,0.6797602657554576,1.8926304696983163,1.2128702039428587,0.529570227729079,2.0285657181791477,1.4989954904500686,1.2898357134966274,0.49549412151413974
OA35PAIR_00034,52507.0,aryl-F without CF3/CF2,0.0,0.0,1.0,1.1095785469043866,1.510545010206612,0.06395682364879351,1.2728337830925809,1.2088769594437874,-0.0679207359929388,1.392055212284631,1.4599759482775698,0.6563609874044607,0.4532175594999259
OA35PAIR_00037,122085.0,aryl-F without CF3/CF2,0.0,0.0,1.0,1.6232492903979006,2.4927603890268375,0.9168433586692406,2.125814610566289,1.2089712518970486,0.7886878040644225,2.2551850464619836,1.466497242397561,1.5230065967684583,0.10024269362944227
OA35PAIR_00041,65828.0,CF3-containing,1.0,0.0,0.0,2.3469394626989906,2.0261245167454502,0.7056973921355287,1.9329337183868143,1.2272363262512855,0.5451262416411746,2.0581976160314883,1.5130713743903137,1.3152504910269742,1.0316889716720163
OA35PAIR_00044,58353.0,aryl-F without CF3/CF2,0.0,0.0,1.0,1.636387585813157,2.074816440645175,0.875881484581575,2.087487779474653,1.2116062948930781,0.7295340045515781,2.215905740496233,1.4863717359446549,1.4687880495326144,0.16759953628054247
OA35PAIR_00046,110861.0,CF3-containing,1.0,0.0,1.0,1.0767860335080792,0.7466341989375788,-0.17018659023132487,1.0356806531328504,1.2058672433641753,-0.30460871053206345,1.1621569560999767,1.46676566663204,0.4264969588433206,0.6502890746647586
OA35PAIR_00047,121631.0,aryl-F without CF3/CF2,0.0,0.0,1.0,-0.092965047516583,0.6866362692622935,-0.29225185055202907,0.9159202974999028,1.2081721480519318,-0.4232617999645198,1.0490979029514518,1.4723597029159716,0.3167529328931785,0.4097179804097615
OA35PAIR_00048,53081.0,aryl-F without CF3/CF2,0.0,0.0,1.0,0.7671558660821804,1.48572142648158,0.4135265006736214,1.6101447121875754,1.1966182115139539,0.27550134560306994,1.7409640169476084,1.4654626713445384,1.0097188276862237,0.24256296160404323
OA35PAIR_00059,45050.0,CF3-containing,1.0,0.0,0.0,1.2143138974243997,1.4014005407815442,0.3046566287270843,1.5016969088441097,1.1970402801170255,0.1715157687458414,1.6371884040956373,1.465672635349796,0.9045591742891357,0.309754723135264
OA35PAIR_00068,124666.0,aryl-F without CF3/CF2,0.0,0.0,1.0,1.5733358400660675,2.4075608494863627,1.0398167396404792,2.2678250180079758,1.2280082783674966,0.9011907525885636,2.4051345832489197,1.503943830660356,1.6621030213683317,0.08876718130226413
OA35PAIR_00071,125892.0,aryl-F without CF3/CF2,0.0,0.0,1.0,1.9546765869186435,2.6281845080734128,0.9805591175164763,2.214539867252265,1.2339807497357886,0.8535100827151696,2.365947571833239,1.5124374891180692,1.6142629032367926,0.340413683681851
OA35PAIR_00075,65828.0,CF3-containing,1.0,1.0,0.0,1.4661258704181992,1.8350561017201164,0.5160578591684819,1.742843414286485,1.2267855551180031,0.35950568262623017,1.8834784696350897,1.5239727870088595,1.12391577781626,0.34221009260193913
OA35PAIR_00077,120738.0,CF2-containing,0.0,1.0,2.0,0.7781512503836436,1.0,0.16355689375672922,1.362324851640993,1.1987679578842636,0.006549159609068322,1.5021734225861705,1.4956242629771022,0.7515677057901785,0.026583544593465125
OA35PAIR_00078,53157.0,CF3-containing,1.0,0.0,0.0,-0.0287241512618947,-0.0457574905606751,-0.9227384452658743,0.29762706371563474,1.220365508981509,-1.0366800010170225,0.43626089747086566,1.4729408984878882,-0.30630747183652296,0.27758332057462826
OA35PAIR_00081,121787.0,aryl-F without CF3/CF2,0.0,0.0,1.0,1.896716868391263,2.560430333889792,0.7795218850897885,2.005367743665094,1.2258458585753056,0.6465420007554425,2.153375863592691,1.5068338628372486,1.39925695088133,0.497459917509933
OA35PAIR_00084,123562.0,aryl-F without CF3/CF2,0.0,0.0,1.0,1.670245853074124,2.0261245167454502,0.5474582374455286,1.758020678359107,1.2105624409135785,0.40258273448630644,1.8884099207524168,1.4858271862661103,1.1464238189482987,0.5238220341258253
OA35PAIR_00085,47715.0,CF3-containing,1.0,0.0,0.0,1.3136985295603114,1.6668922110665363,0.2291302726190253,1.440322373044653,1.2111921004256279,0.10165934120337095,1.600514726292479,1.498855385089108,0.8431715836069479,0.47052694595336353
OA35PAIR_00091,53099.0,CF3-containing,2.0,0.0,0.0,2.308735110028761,2.5563025007672873,1.2412715985067155,2.4528278880690357,1.2115562895623202,1.103846381493313,2.59607627083503,1.492229889341717,1.859776614953757,0.4489584950750043
OA35PAIR_00095,65939.0,aryl-F without CF3/CF2,0.0,0.0,1.0,2.548192804703312,2.9094490469812664,1.6768041644382867,2.882657644678006,1.2058534802397194,1.5196584830780824,3.0162553401336827,1.4965968570556003,2.2775666693725602,0.27062613533075197
OA35PAIR_00097,112708.0,aryl-F without CF3/CF2,0.0,0.0,1.0,2.0791812460476247,2.9020028913507296,1.4295965174242773,2.6495181003198702,1.219921582895593,1.2650811497094334,2.7892189882586385,1.524137838549205,2.0403125369398762,0.03886870910774842
OA35PAIR_00107,112300.0,aryl-F without CF3/CF2,0.0,0.0,1.0,0.8463371121298052,1.1583624920952498,0.10738822948033167,1.3191976237161775,1.2118093942358459,-0.02036499003064618,1.454612689787518,1.4749776798181642,0.7219581260380299,0.12437898609177533
OA35PAIR_00108,124411.0,aryl-F without CF3/CF2,0.0,0.0,1.0,2.134138842060031,3.3337293231565988,1.9054465942455467,3.107383379072444,1.2019367848268974,1.7735390432806466,3.242503323150623,1.4689642798699762,2.5010712422109043,0.36693240015087314
OA35PAIR_00110,124666.0,aryl-F without CF3/CF2,0.0,0.0,1.0,1.0681858617461617,1.8463371121298051,0.3845160114988019,1.5974396156916235,1.2129236041928215,0.2475244171768165,1.7309938920594354,1.483469474882619,0.9908874294412809,0.07729843230488076
OA35PAIR_00113,118548.0,CF3-containing,1.0,0.0,0.0,2.1250907130826344,1.8785217955012063,0.5837908256290771,1.7955204001755265,1.2117295745464494,0.44035380361479537,1.9240290501990596,1.4836752465842642,1.1817967156664075,0.9432939974162269
OA35PAIR_00116,67077.0,aryl-F without CF3/CF2,0.0,0.0,1.0,-2.2328441339178196,-2.4436974992327127,-3.564555521812546,-2.371966020423336,1.19258950138921,-3.722298417034879,-2.225701475829706,1.4965969412051732,-2.972695778837322,0.7398516449195025
OA35PAIR_00121,53897.0,aryl-F without CF3/CF2,0.0,0.0,1.0,1.7223624036241223,1.911370707116138,0.4656243764909149,1.6564344933977206,1.1908101169068057,0.30127481408292844,1.7922459575524805,1.490971143469552,1.052734364923733,0.6696280387003892
OA35PAIR_00126,51249.0,CF2-containing,0.0,1.0,0.0,2.3282572497312364,2.3005954838899636,1.229937887568382,2.4449531580554473,1.2150152704870654,1.091558001180931,2.597024355324133,1.505466354143202,1.8380343301790192,0.4902229195522172
OA35PAIR_00129,44953.0,aryl-F without CF3/CF2,0.0,0.0,1.0,0.7116385382323491,1.0681858617461617,0.2926517726428901,1.5008042530965398,1.2081524804536496,0.152558245925408,1.643669879126402,1.491111633200994,0.8959821118720968,0.18434357363974763
OA35PAIR_00130,57651.0,aryl-F without CF3/CF2,0.0,0.0,2.0,-0.0625824185228622,1.04766419460156,-0.06392842127906562,1.1580866090278998,1.2220150303069655,-0.20404729833184998,1.2988352953221143,1.5028825936539643,0.547829033751254,0.6104114522741162
OA35PAIR_00132,120738.0,aryl-F without CF3/CF2,0.0,0.0,1.0,1.1760912590556811,1.414973347970818,0.37551515359044596,1.584852207667905,1.209337054077459,0.23814356419207316,1.70748490515454,1.4693413409624667,0.9728667761856442,0.20322448287003692
OA35PAIR_00138,57127.0,CF3-containing,1.0,0.0,0.0,1.1473671077937864,1.8680563618230417,0.6605916484362366,1.8730978515599688,1.2125062031237321,0.5220480980606658,1.9991244388872493,1.4770763408265837,1.2623223213740986,0.11495521358031224
OA35PAIR_00139,44953.0,aryl-F without CF3/CF2,0.0,0.0,1.0,0.5996647787884168,0.8680563618230415,0.04478368284003387,1.2574881807581109,1.212704497918077,-0.09690799903200742,1.3855858500041671,1.4824938490361745,0.6423200490151573,0.04265527022674043
OA35PAIR_00150,67077.0,aryl-F without CF3/CF2,0.0,0.0,1.0,-1.9318141382538383,-1.2533658010624211,-2.31004599969444,-1.108969166869656,1.2010768328247838,-2.462559340315032,-0.9628621897526146,1.4996971505624173,-1.7145958713496383,0.21721826690419999
OA35PAIR_00153,107506.0,aryl-F without CF3/CF2,0.0,0.0,1.0,1.230448921378274,1.977723605288848,0.6871728262700667,1.907083141683846,1.2199103154137794,0.5611265665275083,2.0599819516166162,1.498855385089108,1.3076587575773595,0.07720983619908539
OA35PAIR_00156,122511.0,aryl-F without CF3/CF2,0.0,0.0,1.0,1.3604419331026378,2.51271107196312,0.9572148343602358,2.167350483943992,1.210135649583756,0.8249886702027627,2.292873238425142,1.4678845682223793,1.559175169113077,0.19873323601043924
OA35PAIR_00158,124666.0,aryl-F without CF3/CF2,0.0,0.0,1.0,1.824060717418653,2.8573324964312685,1.5427140491479157,2.7557325556389154,1.2130185064909997,1.3856500011019288,2.8887450398958383,1.5030950387939095,2.146074105496774,0.3220133880781211
OA35PAIR_00163,58563.0,aryl-F without CF3/CF2,0.0,0.0,1.0,4.721398375521505,5.158362492095249,3.6218835572741064,4.859584932737269,1.2377013754631623,3.4808898604703034,4.99641132257223,1.515521462101927,4.24209589655711,0.47930247896439493
OA35PAIR_00165,121631.0,CF3-containing,1.0,0.0,0.0,-0.1994203784308698,-0.4894549897933878,-1.481507021813631,-0.2705113386317173,1.2109956831819138,-1.6310680568567308,-0.13827014397155934,1.4927979128851714,-0.8808540893501096,0.6814337109192398
OA35PAIR_00167,107615.0,CF3-containing,1.0,0.0,0.0,1.5563025007672873,1.9731278535996983,0.6949797327715554,1.921142404582651,1.2261626718110956,0.5654544171426513,2.044111374800039,1.4786569576573876,1.3097169642503166,0.24658553651697068
OA35PAIR_00169,107616.0,aryl-F without CF3/CF2,0.0,0.0,2.0,1.2430380486862944,1.4828735836087537,0.3288875065418456,1.5459070637352297,1.217019557193384,0.17520076063917767,1.6768643742730123,1.5016636136338346,0.9269285327655588,0.31610951592073566
OA35PAIR_00176,123813.0,CF3-containing,1.0,0.0,0.0,0.9460581584358628,1.2799138276118738,0.2465019888799732,1.483069181150959,1.2365671922709858,0.12145541038404939,1.6190307560502808,1.4975753456662315,0.874409992300054,0.07164816613580882
OA35PAIR_00183,65828.0,CF3-containing,1.0,0.0,2.0,2.410608542568368,2.296665190261531,0.812306961376634,2.0540631769575937,1.2417562155809596,0.6531636331766542,2.1983702838742945,1.5452066506976403,1.4222959242281608,0.9883126183402071
OA35PAIR_00187,53996.0,CF3-containing,1.0,0.0,0.0,-0.1536628878701947,0.1003705451175628,-0.8199115259009011,0.37845074608210316,1.1983622719830043,-0.9558563186505542,0.5160719986003647,1.471928317250919,-0.21399910917553058,0.06033622130533589
OA35PAIR_00189,44059.0,aryl-F without CF3/CF2,0.0,0.0,1.0,1.758381941774675,2.355643050220869,0.8773533041038076,2.0763810177552577,1.19902771365145,0.7356364883628992,2.2400891708018142,1.504452682438915,1.4839919863262774,0.2743899554483977
OA35PAIR_00192,65939.0,aryl-F without CF3/CF2,0.0,0.0,1.0,2.7076723510147476,2.711638538232349,1.5095795820145788,2.731590534423063,1.2220109524084841,1.3694799452801913,2.8783580588393125,1.5088781135591212,2.1242228630157105,0.5834494879990371
OA35PAIR_00197,51390.0,aryl-F without CF3/CF2,0.0,0.0,1.0,2.105612359686785,2.100370545117563,0.5716130278583595,1.8097078805167046,1.238094852658345,0.4224503896652716,1.9411656238661839,1.5187152342009123,1.1883623795319758,0.9172499801548093
OA35PAIR_00207,117349.0,CF3-containing,1.0,0.0,0.0,1.7116385382323491,1.7737864449811935,0.6789140172069354,1.9028601875035405,1.223946170296605,0.5380767283092094,2.033188203773668,1.4951114754644588,1.2790765633391508,0.43256197489319836
OA35PAIR_00208,58353.0,aryl-F without CF3/CF2,0.0,0.0,1.0,1.9315087218666176,2.0187004986662433,0.8389918307555302,2.0513253490388488,1.2123335182833186,0.6929579566169599,2.187396196544165,1.4944382399272051,1.4306231450730569,0.5008855767935607
OA35PAIR_00210,124666.0,aryl-F without CF3/CF2,0.0,0.0,1.0,1.5305838596451178,2.398287305357401,0.9475508459342998,2.1828779108769103,1.2353270649426105,0.8184781026652856,2.311304382991574,1.4928262803262882,1.5727056546233111,0.04212179497819335
OA35PAIR_00211,124666.0,aryl-F without CF3/CF2,0.0,0.0,1.0,0.0681858617461616,0.8573324964312685,-0.11731334529617865,1.0847715761119572,1.2020849214081357,-0.238612441371931,1.219505703263907,1.458118144635838,0.49327364272438246,0.42508778097822086
OA35PAIR_00213,63001.0,other alkyl-F/nonfluorinated,0.0,0.0,0.0,2.250420002308894,2.322219294733919,0.4788464196241424,1.7233682331760216,1.2445218135518792,0.33292730179940677,1.8661238859998053,1.5331965842003985,1.09060178958014,1.159818212728754
OA35PAIR_00227,121595.0,aryl-F without CF3/CF2,0.0,0.0,2.0,1.515343893088381,1.8887409606828929,0.6162730229333924,1.8556529297747524,1.23937990684136,0.45108686238277473,1.9738368564126183,1.5227499940298435,1.2297588750057806,0.2855850180826003
OA35PAIR_00238,110470.0,aryl-F without CF3/CF2,0.0,0.0,1.0,1.7007037171450194,2.041392685158225,0.6388134058768604,1.8628337115694493,1.224020305692589,0.47474695984272464,2.0069257768071163,1.5321788169643917,1.2396455549476915,0.461058162197328
OA35PAIR_00240,121000.0,aryl-F without CF3/CF2,0.0,0.0,2.0,1.2260841159758238,2.214843848047698,0.678194273147368,1.9103216961361862,1.2321274229888182,0.5431612406616138,2.0370825576414586,1.4939213169798449,1.2832455633486535,0.05716144737282969
OA35PAIR_00241,117565.0,CF3-containing,1.0,0.0,0.0,1.3469394626989906,1.7993405494535817,0.4125686817350044,1.616320508646903,1.2037518269118985,0.293261942212779,1.7693714208163658,1.4761094786035867,1.0223497514009545,0.32458971129803604
OA35PAIR_00253,50787.0,aryl-F without CF3/CF2,0.0,0.0,3.0,1.515343893088381,4.9273703630390235,3.5622916373655986,4.79453547961241,1.2322438422468114,3.4155518968208636,4.921228710317299,1.5056768134964358,4.172303363302308,2.656959470213927
OA35PAIR_00256,113971.0,aryl-F without CF3/CF2,0.0,0.0,1.0,0.290034611362518,1.2430380486862944,0.24138291304420978,1.448875847395061,1.2074929343508511,0.11656865206030764,1.5777905757697859,1.4612219237094783,0.8492157806196727,0.5591811692571547
OA35PAIR_00257,120738.0,CF2-containing,0.0,1.0,3.0,1.0791812460476249,1.2787536009528289,0.3274270915963551,1.5334461430390516,1.2060190514426965,0.17156825059873249,1.669065768065689,1.4974975174669565,0.9192073277619158,0.15997391828570906
OA35PAIR_00258,124666.0,aryl-F without CF3/CF2,0.0,0.0,1.0,0.0681858617461616,1.209515014542631,0.09176064303281284,1.2908405222428236,1.1990798792100108,-0.044527830160229875,1.4265738190837145,1.4711016492439444,0.6976493511401649,0.6294634893940033
OA35PAIR_00262,119003.0,aryl-F without CF3/CF2,0.0,0.0,2.0,0.9194442104652368,1.100370545117563,0.22172893969196572,1.4188012589571593,1.1970723192651935,0.08076715371588394,1.5668836003764737,1.4861164466605898,0.8189726127950896,0.10047159767014724
OA35PAIR_00263,61468.0,aryl-F without CF3/CF2,0.0,0.0,1.0,2.316159128107968,2.54082981411108,0.8798716740613968,2.092408904524377,1.2125372304629802,0.7407923153968984,2.231315600739099,1.4905232853422006,1.4865399278054325,0.8296192003025356
OA35PAIR_00265,124666.0,aryl-F without CF3/CF2,0.0,0.0,1.0,1.0681858617461617,2.2237554536572413,1.0394154314822612,2.2522845280425114,1.2128690965602502,0.9138728112554675,2.399996060214245,1.4861232489587775,1.6550404577019944,0.5868545959558327
OA35PAIR_00266,124666.0,aryl-F without CF3/CF2,0.0,0.0,1.0,1.4483971034577676,2.4539295920577286,1.1457689008624206,2.3533334117245595,1.207564510862139,1.0113947227072606,2.4850758121448373,1.4736810894375767,1.753498120808069,0.3051010173503015
OA35PAIR_00284,44953.0,aryl-F without CF3/CF2,0.0,0.0,1.0,0.4831592097169795,0.7024305364455252,-0.09022608269641796,1.116289684656917,1.206515767353335,-0.2449028022359342,1.2521928115930685,1.4970956138290026,0.5058692051588406,0.022709995441861086
OA35PAIR_00286,122546.0,CF3-containing,1.0,0.0,1.0,1.3446476659194058,1.5247854493212225,0.44795243187838985,1.7125403472086635,1.2645879153302737,0.2991853512551672,1.8144600003140408,1.5152746490588735,1.0671646925781384,0.27748297334126737
OA35PAIR_00288,109235.0,aryl-F without CF3/CF2,0.0,0.0,1.0,1.4299136977637543,2.786751422145562,0.8933556721730547,2.1419961504654594,1.2486404782924048,0.7581148363669432,2.277837617677087,1.519722781310144,1.5246124777816485,0.09469878001789422
OA35PAIR_00289,65301.0,CF3-containing,1.0,0.0,0.0,5.161607546908397,5.365862215402555,3.806509653155842,5.023402979386536,1.2168933262306942,3.6644950327824892,5.147594250540157,1.483099217757668,4.401218972853398,0.7603885740549989
OA35PAIR_00292,65301.0,CF3-containing,1.0,0.0,1.0,4.730943693427736,5.0813473078041325,3.517729210604283,4.746379275038091,1.228650064433808,3.381690921708725,4.879208058906457,1.4975171371977316,4.125147393297954,0.6057963001297813
OA35PAIR_00294,118732.0,aryl-F without CF3/CF2,0.0,0.0,1.0,1.1821292140529984,0.1583624920952496,-0.6632444897951834,0.5426422767568929,1.2058867665520763,-0.7991361496557707,0.6890512871105141,1.4881874367662848,-0.06758665666427263,1.249715870717271
OA35PAIR_00307,124666.0,aryl-F without CF3/CF2,0.0,0.0,1.0,1.0681858617461617,1.8115750058705933,0.6428610744674272,1.834347867884084,1.1914867934166569,0.5030594967962614,1.9905514492678873,1.487491952471626,1.2437738418914164,0.17558798014525467
OA35PAIR_00311,119510.0,CF3-containing,1.0,0.0,0.0,1.2355031964943377,1.7724684030532805,0.6973230318820298,1.9429533867209001,1.2456303548388703,0.542587214898635,2.0658069967099184,1.5232197818112834,1.3082156595477545,0.07271246305341683
OA35PAIR_00313,117215.0,aryl-F without CF3/CF2,0.0,0.0,1.0,-2.5228787452803374,-1.3872161432802643,-2.2474457930245446,-1.0470209713254508,1.2004248216990938,-2.3863354952544977,-0.9071503119098066,1.4791851833446912,-1.6498985097206866,0.8729802355596508
OA35PAIR_00314,125935.0,CF3-containing,1.0,0.0,1.0,1.8605775512444156,1.7737864449811935,0.32543810009725826,1.5310810608343592,1.205642960737101,0.19400417770427136,1.6682489098243958,1.4742447321201244,0.9345401500425835,0.9260374012018321
OA35PAIR_00315,65822.0,aryl-F without CF3/CF2,0.0,0.0,1.0,1.8085485512404056,2.7480328941301435,1.3349997200738393,2.5596318375855653,1.224632117511726,1.1935999208132841,2.688463442671776,1.494863521858492,1.9412075873239485,0.1326590360835429
OA35PAIR_00318,120738.0,CF2-containing,0.0,1.0,3.0,1.0413926851582251,1.2041199826559248,0.31353158811446313,1.520252995732947,1.2067214076184838,0.15579959981028724,1.6629787409234333,1.507179141113146,0.9059181283008151,0.13547455685741006
OA35PAIR_00319,53099.0,CF3-containing,1.0,0.0,0.0,5.184691430817598,2.2143138974244,1.030840122455086,2.23944496064067,1.2086048381855838,0.8786368008519685,2.382458569627132,1.5038217687751634,1.6344214525904408,3.5502699782271576
OA35PAIR_00320,46976.0,CF3-containing,1.0,0.0,1.0,1.2442771208018428,1.1947917577219245,0.2939073360158927,1.5031774957066655,1.2092701596907727,0.15888201354984266,1.6377008764025036,1.4788188628526608,0.9017424347746148,0.34253468602722803
OA35PAIR_00327,54771.0,CF3-containing,1.0,0.0,0.0,-0.0287241512618947,0.6532125137753437,-0.28416863019677696,0.9189561754518705,1.2031248056486474,-0.41657110582930973,1.062775234804734,1.4793463406340437,0.31377156890943114,0.34249572017132585
OA35PAIR_00328,125935.0,CF3-containing,1.0,0.0,1.0,1.5595475555804343,1.8573324964312683,0.35939559405132737,1.5744702572006866,1.2150746631493592,0.23025014754089013,1.706661458770374,1.4764113112294837,0.9692290520030898,0.5903185035773445
OA35PAIR_00329,122976.0,aryl-F without CF3/CF2,0.0,0.0,1.0,0.8463371121298052,1.823474229170301,0.5227553953769284,1.7322847251827895,1.2095293298058611,0.3917505780389774,1.8567717981949254,1.465021220155948,1.1235647707417828,0.2772276586119776
OA35PAIR_00336,43814.0,CF3-containing,1.0,0.0,1.0,2.513790065019759,2.3344537511509307,1.3299061665843706,2.5367049073824983,1.2067987407981278,1.187119449029408,2.65535036086887,1.4682309118394623,1.9220527588789615,0.5917373061407976
OA35PAIR_00342,125936.0,aryl-F without CF3/CF2,0.0,0.0,1.0,0.5453071164658241,0.5563025007672873,-0.5594181890112535,0.6458131482460912,1.2052313372573447,-0.708824364815221,0.7770297655674399,1.485854130382661,0.03579416714592448,0.5095129493198995
OA35PAIR_00345,35229.0,aryl-F without CF3/CF2,0.0,0.0,2.0,-0.2518119729937995,0.3010299956639812,-0.5822895853754175,0.6348998663826902,1.2171894517581077,-0.7421547554367433,0.7740538474293108,1.5162086028660542,0.025499756904216513,0.277311729898016
OA35PAIR_00346,122511.0,aryl-F without CF3/CF2,0.0,0.0,1.0,1.296368878310683,2.093517341062794,0.7288420931634849,1.9351687780187068,1.2063266848552219,0.5963416521647154,2.0734587712816275,1.4771171191169121,1.3281101406270084,0.03174126231632535
OA35PAIR_00349,53897.0,aryl-F without CF3/CF2,0.0,0.0,1.0,1.6433737066738228,2.1805845966029556,0.447613946985687,1.6576781535027805,1.2100642065170935,0.3270877473614868,1.8117787193240795,1.4846909719625927,1.0615037526141482,0.5818699540596746
OA35PAIR_00353,65939.0,aryl-F without CF3/CF2,0.0,0.0,1.0,1.9872639541222352,1.8987251815894937,0.9805029993801044,2.195052914307353,1.2145499149272485,0.8418138034908992,2.3155791139315527,1.4737653104406534,1.577210098646169,0.4100538554760662
OA35PAIR_00357,120738.0,CF2-containing,0.0,1.0,2.0,1.1139433523068367,1.4313637641589874,0.4325628767445453,1.6493230901070857,1.2167602133625404,0.28191568407825685,1.7918056933447484,1.5098900092664915,1.0272320497127851,0.08671130259405158
OA35PAIR_00358,107506.0,aryl-F without CF3/CF2,0.0,0.0,1.0,0.7781512503836436,2.204119982655925,0.7624677740008862,1.9604997956318617,1.1980320216309757,0.6170589225001795,2.09900739617418,1.4819484736740005,1.3560615305658952,0.5779102801822515
OA35PAIR_00361,124411.0,aryl-F without CF3/CF2,0.0,0.0,1.0,3.1661369327403115,3.616622529455572,2.2908108550122415,3.5151803063039564,1.224369451291715,2.154551389623021,3.641148612677349,1.486597223054328,2.89826667342471,0.2678702593156017
OA35PAIR_00366,49014.0,aryl-F without CF3/CF2,0.0,0.0,2.0,1.7402837196818792,1.9795483747040952,0.5281328930622191,1.7367905090454787,1.2086576159832596,0.37864373166492693,1.867328812421183,1.4886850807562562,1.1175184175821031,0.6227653020997761
OA35PAIR_00368,109096.0,CF3-containing,1.0,0.0,0.0,1.2442771208018428,2.459392487759231,1.1395564941803042,2.3429355395421085,1.2033790453618043,0.9870216295767396,2.482274107556082,1.4952524779793426,1.7442638468539364,0.4999867260520936
OA35PAIR_00371,65822.0,CF3-containing,1.0,0.0,0.0,1.5866998016240492,2.1690863574870227,1.0598705260540437,2.2597493854527584,1.1998788593987146,0.9114508884789738,2.4140793695212497,1.5026284810422759,1.6647871821072857,0.07808738048323649
OA35PAIR_00372,123549.0,CF3-containing,1.0,0.0,0.0,1.545307116465824,1.9795483747040952,0.8910128817033114,2.1520337334250037,1.2610208517216923,0.7489077101406468,2.2906210517387846,1.5417133415981379,1.5142292897453506,0.031077826720473434
OA35PAIR_00378,74868.0,aryl-F without CF3/CF2,0.0,0.0,1.0,1.545307116465824,2.7918309476748364,1.3347688502516737,2.539134306891463,1.2043654566397894,1.1903870512219816,2.660872807220776,1.4704857559987943,1.932058879419234,0.38675176295340985
OA35PAIR_00379,63066.0,CF3-containing,2.0,0.0,0.0,0.8976270912904415,1.3138672203691537,0.2315266357515191,1.4426217373047592,1.21109510155324,0.10199145575373558,1.5823889164483458,1.4803974606946102,0.8444753788323066,0.05315171245813488
OA35PAIR_00382,65507.0,aryl-F without CF3/CF2,0.0,0.0,1.0,2.866145505483358,2.4727564493172123,1.3214193764656457,2.542754067037066,1.2213346905714204,1.1736767378864412,2.6768973421822,1.503220604295759,1.9182698856086098,0.947875619874748
OA35PAIR_00387,124382.0,CF2-containing,0.0,1.0,0.0,1.1212643052295814,1.4511721575125398,0.27395054925875406,1.4853575342338412,1.211406984975087,0.14886749831469925,1.6226611943768177,1.4737936960621183,0.8821581470788123,0.23910615815076908
OA35PAIR_00390,124666.0,aryl-F without CF3/CF2,0.0,0.0,1.0,1.0224283711854865,1.8987251815894937,0.5718758960338322,1.7900613554083291,1.218185459374497,0.44804625198167847,1.9157138732518693,1.467667621270191,1.1898809082867616,0.16745253710127517
OA35PAIR_00394,53081.0,CF2-containing,0.0,1.0,0.0,0.670245853074124,1.334453751150931,0.2907210438083865,1.4996433725800056,1.208922328771619,0.15853950044112408,1.6369101571956377,1.4783706567545136,0.9000006787651348,0.2297548256910108
OA35PAIR_00395,36898.0,CF3-containing,1.0,0.0,0.0,0.8463371121298052,1.0334237554869496,0.013479210276644782,1.215257836118715,1.2017786258420702,-0.11945589779186039,1.3602636946614886,1.4797195924533488,0.6180073753288337,0.22832973680097157
OA35PAIR_00406,44059.0,aryl-F without CF3/CF2,0.0,0.0,1.0,1.907034952483417,2.54082981411108,1.1420102746133565,2.355287840805289,1.2132775661919326,1.0081386041704772,2.4935759014155003,1.4854372972450232,1.7533155629785058,0.15371938950491115
OA35PAIR_00408,65507.0,aryl-F without CF3/CF2,0.0,0.0,1.0,2.097569639431371,2.510545010206612,1.3073594256900036,2.5028379711023225,1.195478545412319,1.1442350428334267,2.6291189605032628,1.484883917669836,1.895211102799466,0.20235853663190495
OA35PAIR_00409,121318.0,aryl-F without CF3/CF2,0.0,0.0,1.0,1.0791812460476249,1.505149978319906,0.11741419998713909,1.3240740604698464,1.2066598604827075,-0.015297237513369866,1.4609006475678918,1.4761978850812616,0.7277737823686922,0.3514074636789327
OA35PAIR_00418,65828.0,CF3-containing,1.0,0.0,0.0,1.839037873388306,1.255272505103306,0.18392013574442323,1.4063234257506625,1.2224032900062394,0.026253849426103426,1.5407732102763672,1.5145193608502638,0.7965034223569173,1.0425344510313885
OA35PAIR_00420,44953.0,aryl-F without CF3/CF2,0.0,0.0,2.0,1.0413137153458605,1.334453751150931,0.3860173137183589,1.5932764704969307,1.2072591567785718,0.24475946261458514,1.7279192273747985,1.4831597647602135,0.9891802686571178,0.052133446688742646
OA35PAIR_00422,53996.0,CF3-containing,1.0,0.0,1.0,-0.2328441339178195,-0.0457574905606751,-1.0273228986416316,0.17744616354188292,1.2047690621835145,-1.165969291706171,0.3049316034254419,1.470900895131613,-0.4224158246769026,0.1895716907590831
OA35PAIR_00426,57865.0,aryl-F without CF3/CF2,0.0,0.0,2.0,1.3469394626989906,1.7993405494535817,0.6434824474947185,1.8574354959074337,1.2139530484127152,0.4977445561286944,2.0097291895851797,1.5119846334564853,1.2444174619364783,0.10252200076251228
OA35PAIR_00427,72149.0,CF2-containing,0.0,1.0,2.0,1.1821292140529984,0.99563519459755,0.02139393463458039,1.2258028878231624,1.204408953188582,-0.11480579784758538,1.3577363468003225,1.472542144647908,0.6219084152054524,0.560220798847546
OA35PAIR_00428,122291.0,CF3-containing,1.0,0.0,0.0,1.6367886890343748,1.9294189257142929,0.6515275306297379,1.8556971025493887,1.2041695719196508,0.5117071387865442,1.986067098476521,1.4743599596899768,1.2614846949782628,0.37530399405611203
OA35PAIR_00433,122085.0,aryl-F without CF3/CF2,0.0,0.0,1.0,1.0791812460476249,1.6989700043360187,0.3163879777369438,1.5182891315004392,1.2019011537634954,0.1778837130230495,1.6491200034498048,1.4712362904267553,0.9162459653172924,0.16293528073033248
OA35PAIR_00435,121656.0,aryl-F without CF3/CF2,0.0,0.0,1.0,1.462397997898956,1.6901960800285136,0.23086753239997038,1.4370500432747062,1.206182510874736,0.08944350364868936,1.5702347981839269,1.4807912945352375,0.8320493971071177,0.6303486007918384
OA35PAIR_00439,125935.0,CF3-containing,1.0,0.0,1.0,1.499549625905149,2.0546130545568877,0.6065426228543593,1.8197342296093342,1.2131916067549748,0.4611626244007365,1.947379011375841,1.4862163869751044,1.2135721491374698,0.28597747676767926
OA35PAIR_00447,43814.0,CF3-containing,1.0,0.0,0.0,2.710650381988283,2.7993405494535817,1.6377659094488268,2.8919330818475033,1.2541671723986765,1.4722251443776955,3.0280051195300923,1.5557799751523969,2.268018606219802,0.442631775768481
OA35PAIR_00451,124666.0,aryl-F without CF3/CF2,0.0,0.0,1.0,1.0681858617461617,2.288696260590256,0.7161993734726539,1.9422867787393585,1.2260874052667046,0.5498671804593429,2.0747979195309005,1.5249307390715576,1.3231028898864539,0.25491702814029216
OA35PAIR_00456,109096.0,CF3-containing,2.0,0.0,1.0,1.5305838596451178,2.0111473607757975,0.7371491153758187,1.9810373422873047,1.243888226911486,0.5819409803221958,2.102319488444037,1.520378508121841,1.3585008950195305,0.17208296462558725
OA35PAIR_00457,117215.0,aryl-F without CF3/CF2,0.0,0.0,1.0,-1.408935392973501,-1.0087739243075051,-1.8646778411142935,-0.6650032277484483,1.1996746133658451,-2.0147857110314997,-0.5294972982503254,1.4852884127811743,-1.2637749327535082,0.14516046021999274
OA35PAIR_00458,54771.0,CF3-containing,1.0,0.0,1.0,0.5305838596451177,0.5563025007672873,-0.4652808129649224,0.7368428816949452,1.2021236946598677,-0.6035625367824445,0.8650544830626663,1.468617019845111,0.12822497156990592,0.40235888807521175
OA35PAIR_00461,123547.0,CF3-containing,1.0,0.0,0.0,1.8877297972880305,-1.2518119729937995,-2.232911955818147,-1.0251369173453733,1.2077750384727737,-2.3714141015636376,-0.8891766156738001,1.4822374858898375,-1.6276445185247759,3.5153743158128066
OA35PAIR_00462,121631.0,CF3-containing,1.0,0.0,0.0,-0.8526328922062136,-0.1426675035687315,-1.0765186058398477,0.1345250062634773,1.211043612103325,-1.2260025692172314,0.27585967734245953,1.501862246559691,-0.46997823019652846,0.3826546620096852
OA35PAIR_00471,51249.0,aryl-F without CF3/CF2,0.0,0.0,1.0,2.4410978647162684,2.9687630481972485,1.7574719781404629,2.9911848223776922,1.2337128442372294,1.6243591992447681,3.1165396527881604,1.4921804535433922,2.3696372171303217,0.07146064758594672
OA35PAIR_00478,54771.0,CF3-containing,1.0,0.0,0.0,1.0126685338963304,0.8887409606828927,-0.10985598865452234,1.086893172079024,1.1967491607335463,-0.24975920840338195,1.2184490155831285,1.4682082239865104,0.4851945385964024,0.527473995299928
OA35PAIR_00479,123547.0,CF3-containing,1.0,0.0,0.0,1.2723058444020865,-1.744727494896694,-2.706281082335507,-1.5060717395319112,1.2002093428035958,-2.852948715813318,-1.3747907887152133,1.4781579270981047,-2.1126822598959096,3.384988104297996
OA35PAIR_00480,119817.0,aryl-F without CF3/CF2,0.0,0.0,1.0,1.6851862028670606,2.413634997198556,1.04473353206255,2.258916887662135,1.2141833555995851,0.9019430832830022,2.3789117798152555,1.4769686965322533,1.653823326624181,0.03136287624287948
OA35PAIR_00481,120738.0,CF3-containing,1.0,0.0,2.0,1.0413926851582251,1.4313637641589874,0.3417467793854254,1.551602421531852,1.2098556421464266,0.20630156184355686,1.6875616030812202,1.4812600412376633,0.943208801290466,0.09818388386775911
OA35PAIR_00491,66794.0,aryl-F without CF3/CF2,0.0,0.0,2.0,2.316159128107968,2.2805783703680764,0.8253323136173387,2.0386496265286587,1.21331731291132,0.687089409226801,2.163139956010321,1.4760505467835199,1.4201896945182377,0.8959694335897304
OA35PAIR_00492,124666.0,aryl-F without CF3/CF2,0.0,0.0,1.0,1.9374175814771375,2.7338390006971496,1.2674623055245282,2.4797764988044495,1.2123141932799213,1.1220062704806892,2.614761176265219,1.4927549057845297,1.873232354965125,0.06418522651201242
OA35PAIR_00495,122017.0,aryl-F without CF3/CF2,0.0,0.0,1.0,1.3883321478572157,2.296665190261531,0.8729350192025942,2.0844490368360518,1.2115140176334576,0.7224710440131952,2.228880840206096,1.5064097961929008,1.4764882418435954,0.08815609398637969
OA35PAIR_00497,120787.0,aryl-F without CF3/CF2,0.0,0.0,1.0,0.930949031167523,1.8376515578463928,0.5392987829944484,1.7456553720768404,1.206356589082392,0.4087502369455902,1.8801716305426033,1.471421393597013,1.1456366856972091,0.21468765452968608
OA35PAIR_00501,65301.0,CF3-containing,1.0,0.0,2.0,4.711638538232349,4.9084850188786495,3.3550556673175493,4.574908490903644,1.2198528235860944,3.2091082097098473,4.693999096987277,1.4848908872774293,3.958206742493027,0.753431795739322
OA35PAIR_00505,65507.0,CF3-containing,1.0,0.0,0.0,2.556736578246606,2.5081255360831993,1.4752420953781797,2.685159662290271,1.2099175669120914,1.342752664220694,2.835109331872819,1.4923566676521252,2.0774157692707815,0.4793208089758245
OA35PAIR_00506,54771.0,CF3-containing,1.0,1.0,0.0,1.670245853074124,1.831613855309099,0.48454740170716315,1.6913925401884455,1.2068451384812824,0.34067994489767406,1.8196265327720296,1.4789465878743555,1.0870744580242293,0.5831713950498947
OA35PAIR_00512,74042.0,CF2-containing,0.0,1.0,0.0,1.0,0.3010299956639812,-0.6644125867440112,0.5480305643507475,1.2124431510947586,-0.7930722688964573,0.6788909285659764,1.4719631974624336,-0.0657989456658505,1.0657989456658505
OA35PAIR_00513,117215.0,aryl-F without CF3/CF2,0.0,0.0,1.0,-0.8996294548824371,-0.2380721615794709,-1.0310695089049546,0.20303302784558253,1.2341025367505372,-1.1801521303951752,0.33061604744802964,1.5107681778432047,-0.42048788751595784,0.4791415673664792
OA35PAIR_00522,123689.0,CF3-containing,1.0,0.0,0.0,2.499687082618404,3.0453229787866576,1.701951719747635,2.915567512186522,1.2136157924388868,1.579964977591146,3.0527776826058766,1.4728127050147306,2.3063594920662,0.19332759055220405
OA35PAIR_00523,65886.0,aryl-F without CF3/CF2,0.0,0.0,1.0,2.031973689091717,1.717670503002262,0.3525552157832681,1.5955999111857535,1.2430446954024854,0.18868636150460427,1.718109574181994,1.52942321267739,0.9679982569439775,1.0639754321477395
OA35PAIR_00525,54771.0,CF3-containing,1.0,0.0,0.0,0.7116385382323491,1.6652056284346006,0.41284581934189823,1.623429710779551,1.2105838914376528,0.2781875879049487,1.7605903665935354,1.4824027786885867,1.016611141118424,0.30497260288607486
OA35PAIR_00531,119963.0,CF3-containing,1.0,0.0,0.0,0.670245853074124,2.5716622561765012,0.9185660310964245,2.1295021509539973,1.2109361198575728,0.7834736531878719,2.2587212880664165,1.4752476348785446,1.521217110627647,0.8509712575535231
OA35PAIR_00532,121619.0,aryl-F without CF3/CF2,0.0,0.0,2.0,2.2750117377780112,2.230244499401375,1.0785547306519647,2.2883424445495075,1.2097877138975428,0.9452718318887479,2.4163497779435072,1.4710779460547594,1.6773182654969674,0.5976934722810439
OA35PAIR_00543,124666.0,aryl-F without CF3/CF2,0.0,0.0,1.0,1.1821292140529984,1.717670503002262,0.3029182302740939,1.5077268885086519,1.2048086582345578,0.1767149502784029,1.6428975104938686,1.4661825602154657,0.9111777277568172,0.27095148629618127
OA35PAIR_00546,122807.0,CF3-containing,1.0,0.0,0.0,1.7489628612561614,1.4742162640762553,0.2131164299248125,1.4129176882451195,1.199801258320307,0.07813513612424627,1.5726357039333645,1.4945005678091183,0.8154997845698718,0.9334630766862896
OA35PAIR_00547,54771.0,CF3-containing,1.0,0.0,0.0,0.4831592097169795,0.9876662649262749,0.09603910385207381,1.2887513513630924,1.1927122475110186,-0.04246119923810365,1.423201135888797,1.4656623351269007,0.6913493256570084,0.20819011594002884
OA35PAIR_00548,110706.0,aryl-F without CF3/CF2,0.0,0.0,1.0,1.3692158574101427,1.717670503002262,0.7245182629850813,1.9460902295060523,1.221571966520971,0.5894341169742336,2.0899983585023234,1.5005642415280898,1.328279478227856,0.040936379182286764
OA35PAIR_00550,125935.0,CF3-containing,1.0,0.0,1.0,1.390405156480081,2.2638726768652235,0.8158790638784401,2.0273259705205082,1.211446906642068,0.6868033003002969,2.1598665100839276,1.4730632097836307,1.4273425960375152,0.036937439557434226
OA35PAIR_00551,66794.0,aryl-F without CF3/CF2,0.0,0.0,2.0,1.839037873388306,1.91803033678488,0.4900638565890063,1.7043277180973,1.2142638615082937,0.3533006246143553,1.8281495480989172,1.4748489234845619,1.083569769282939,0.755468104105367
OA35PAIR_00553,117433.0,CF2-containing,0.0,1.0,0.0,1.6479694583629718,2.45117215751254,1.1362644832758382,2.3440410004349594,1.2077765171591213,1.0035194907884244,2.4849996370413603,1.481480146252936,1.7427473369572035,0.0947778785942317
OA35PAIR_00559,114532.0,aryl-F without CF3/CF2,0.0,0.0,1.0,1.6122539060964374,1.9712758487381052,0.3872352460914126,1.607498560117731,1.2202633140263184,0.2469683116817767,1.724368752305784,1.4774004406240073,0.9890671487157953,0.6231867573806421
OA35PAIR_00566,122291.0,CF3-containing,1.0,0.0,0.0,1.8750612633917,2.619792232630352,1.1233066700927754,2.3458320074005092,1.2225253373077338,0.9920643250802135,2.4737334545868572,1.4816691295066438,1.7314010629763863,0.1436602004153138
OA35PAIR_00567,120738.0,CF2-containing,0.0,1.0,2.0,1.0413926851582251,1.2787536009528289,0.3226513333976613,1.5363501612573094,1.213698827859648,0.17150704566919694,1.6777819224191766,1.5062748767499796,0.9223280065039328,0.11906467865429238
OA35PAIR_00568,123549.0,CF3-containing,1.0,0.0,0.0,1.545307116465824,1.8463371121298051,0.5380955764759243,1.7310744103438434,1.192978833867919,0.39662827995322547,1.8783927645552978,1.4817644846020723,1.132222196952841,0.4130849195129831
OA35PAIR_00572,122085.0,aryl-F without CF3/CF2,0.0,0.0,1.0,1.6232492903979006,2.4927603890268375,1.0318414557452908,2.2405143978364865,1.2086729420911957,0.8892715105311673,2.3851953696173145,1.4959238590861472,1.6343770429896025,0.011127752591701956
OA35PAIR_00573,36898.0,CF3-containing,1.0,0.0,0.0,0.8463371121298052,2.04766419460156,0.49364235933799994,1.7047358291670818,1.2110934698290818,0.35046745503863985,1.839729469117446,1.4892620140788062,1.0977497612823393,0.25141264915253403
OA35PAIR_00576,120738.0,CF2-containing,0.0,1.0,2.0,1.0413926851582251,1.414973347970818,0.4108467524128788,1.627375639512474,1.2165288870995954,0.2649533116421843,1.7614250978003696,1.4964717861581853,1.0147135657690152,0.02667911938920997
OA35PAIR_00577,65939.0,aryl-F without CF3/CF2,0.0,0.0,1.0,2.4355417827721806,2.087781417809542,1.0166119099438304,2.2408898105933663,1.224277900649536,0.8707647549567856,2.3634658777946713,1.4927011228378857,1.6197643214521569,0.8157774613200237
OA35PAIR_00580,124666.0,aryl-F without CF3/CF2,0.0,0.0,1.0,0.8463371121298052,1.717670503002262,0.3727980182860289,1.575984843135097,1.203186824849068,0.23290039934203,1.715264897360338,1.482364498018308,0.985350215941948,0.13901310381214282
OA35PAIR_00582,109096.0,CF3-containing,2.0,0.0,0.0,1.3692158574101427,1.4313637641589874,0.30062744283842946,1.508591878347243,1.2079644355088135,0.14020915982057103,1.6415741582143013,1.5013649983937303,0.9001156179728621,0.46910023943728063
OA35PAIR_00584,53996.0,CF3-containing,1.0,0.0,0.0,-0.2328441339178195,-0.0457574905606751,-0.9798745984168153,0.22437618429757322,1.2042507827143885,-1.115997199418443,0.3629252483807974,1.4789224477992404,-0.37208897769963983,0.13924484378182034
OA35PAIR_00585,107506.0,aryl-F without CF3/CF2,0.0,0.0,1.0,1.5563025007672873,1.9084850188786495,0.5829660881822784,1.7807417864273387,1.1977756982450605,0.42659363776517734,1.9099992036468532,1.4834055658816758,1.17462130360702,0.38168119716026716
OA35PAIR_00590,116627.0,aryl-F without CF3/CF2,0.0,0.0,1.0,-0.2075382686530493,0.1360860973840974,-1.0020409486654254,0.20299207776654382,1.2050330264319693,-1.1493068199640402,0.33800021822208437,1.4873070381861244,-0.4063497927908413,0.19881152413779202
OA35PAIR_00592,53996.0,CF3-containing,1.0,0.0,0.0,-0.2328441339178195,-0.0457574905606751,-1.0096197379126282,0.20038672860116236,1.2100064665137906,-1.1410026941051008,0.33769581656938363,1.4786985106744845,-0.40235537010972217,0.16951123619190267
OA35PAIR_00595,63001.0,CF3-containing,1.0,0.0,0.0,1.8864907251724816,2.7442929831226763,1.2933490578671707,2.51621050638677,1.2228614485195992,1.1612098536718167,2.6647780574063287,1.503568203734512,1.9104670238254156,0.023976298652933936
OA35PAIR_00598,65939.0,aryl-F without CF3/CF2,0.0,0.0,2.0,2.0077051143647804,1.9365137424788936,0.9789283573068426,2.1844742385982268,1.2055458812913842,0.8406674972648778,2.329348026535879,1.488680529271001,1.5784716339507308,0.42923348041404963
OA35PAIR_00605,121631.0,CF3-containing,1.0,0.0,0.0,-0.1994203784308698,-0.3829996588791011,-1.3809271609868121,-0.17014366360816657,1.2107834973786455,-1.5288862492877122,-0.03045229558370821,1.4984339537040041,-0.7758226473931408,0.576402268962271
OA35PAIR_00619,65828.0,CF3-containing,1.0,0.0,0.0,2.2986347831244354,1.5563025007672873,0.22213200662651456,1.4416458031682635,1.219513796541749,0.08125752658028429,1.5608112744651543,1.4795537478848702,0.8266677025054981,1.471967080618937
OA35PAIR_00621,47715.0,CF3-containing,1.0,0.0,1.0,1.0272272540672551,1.2723058444020865,0.117118908090168,1.351231506877402,1.234112598787234,-0.012792028242225917,1.4909652190859064,1.5037572473281324,0.7401813769600818,0.28704587710717333
OA35PAIR_00623,58837.0,aryl-F without CF3/CF2,0.0,0.0,2.0,-0.2328441339178195,0.8234742291703011,-0.12176275840148704,1.0948584174946199,1.216621175896107,-0.2772287157652524,1.2244099328506624,1.5016386486159148,0.4770787203766355,0.709922854294455
OA35PAIR_00624,54771.0,CF3-containing,1.0,0.0,0.0,0.9872639541222356,0.7737864449811935,-0.21088591044289806,1.0023215648302362,1.2132074752731343,-0.33271924316306717,1.12948073478276,1.4621999779458272,0.404629959636681,0.5826339944855545
OA35PAIR_00627,53996.0,CF3-containing,1.0,0.0,0.0,-0.2328441339178195,-0.0457574905606751,-1.0126116482296337,0.18590275622196095,1.1985144044515947,-1.1514136679287514,0.31802978112935454,1.4694434490581059,-0.4087661764304137,0.1759220425125942
OA35PAIR_00630,120738.0,other alkyl-F/nonfluorinated,0.0,0.0,0.0,1.0791812460476249,1.57978359661681,0.5298699233810353,1.758119856988072,1.2282499336070367,0.39042947370139514,1.8664889518549914,1.4760594781535963,1.1347549380231663,0.055573691975541406
OA35PAIR_00648,54003.0,aryl-F without CF3/CF2,0.0,0.0,1.0,0.2723058444020864,0.6170003411208989,-0.2686691595950368,0.9534863230483972,1.222155482643434,-0.41025699515117764,1.0668149769705058,1.4770719721216834,0.33533339079410684,0.06302754639202046
OA35PAIR_00649,45988.0,aryl-F without CF3/CF2,0.0,0.0,1.0,1.624488362513449,1.255272505103306,0.1431989013415189,1.3687519891476139,1.225553087806095,-0.004558469321937153,1.5084924219695732,1.5130508912915104,0.7478684623298774,0.8766199001835716
OA35PAIR_00654,118534.0,aryl-F without CF3/CF2,0.0,0.0,2.0,0.9374175814771378,1.4196253608877432,0.15525147003662876,1.3746224483759717,1.219370978339343,0.03598350376613513,1.5238799907468277,1.4878964869806925,0.7741043070249584,0.16331327445217947
OA35PAIR_00655,123549.0,CF3-containing,1.0,0.0,1.0,1.3234583668494675,1.8785217955012063,0.6543135756867606,1.8898416738569555,1.2355280981701948,0.5112827623624108,2.009162695853766,1.4978799334913553,1.2625464309133096,0.060911935936157846
OA35PAIR_00656,121318.0,aryl-F without CF3/CF2,0.0,0.0,1.0,0.4623979978989561,0.8573324964312685,-0.061118147438749326,1.145714019532592,1.2068321669713415,-0.1803308689702694,1.3026822737737702,1.4830131427440396,0.5574586780581742,0.09506068015921809
OA35PAIR_00659,63009.0,CF3-containing,1.0,0.0,0.0,1.624488362513449,1.8115750058705933,0.2745063169298838,1.4849344878881348,1.210428170958251,0.1456275766057179,1.637363278683915,1.4917357020781972,0.8815883220328427,0.7429000404806063
OA35PAIR_00660,35229.0,aryl-F without CF3/CF2,0.0,0.0,3.0,-0.1079053973095195,0.146128035678238,-0.7563875477443811,0.4537067990997113,1.2100943468440923,-0.9043573444520543,0.5946193812540876,1.498976725706142,-0.14251569175167522,0.03461029444215573
OA35PAIR_00662,124289.0,aryl-F without CF3/CF2,0.0,0.0,1.0,1.7972675408307164,2.0211892990699383,0.5692367673955374,1.7698941876417342,1.2006574202461968,0.43322094049726023,1.9236668155270669,1.4904458750298066,1.1704387739368907,0.6268287668938257
OA35PAIR_00665,120934.0,aryl-F without CF3/CF2,0.0,0.0,1.0,-0.0625824185228622,-0.0634862575211067,-0.772922045390568,0.4351739981970857,1.2080960435876538,-0.9235695856101213,0.5818399428344218,1.505409528444543,-0.17058947752657064,0.10800705900370844
OA35PAIR_00667,120738.0,CF2-containing,0.0,2.0,2.0,1.0791812460476249,1.3979400086720375,0.3743679886612955,1.5930287957952751,1.2186608071339795,0.2242520894664014,1.7347212280049127,1.5104691385385114,0.9694609175556461,0.10972032849197877
OA35PAIR_00675,125935.0,CF2-containing,0.0,1.0,1.0,1.5733358400660675,2.1065308538223815,0.5531063632953073,1.7760789798860983,1.222972616590791,0.4089692363021502,1.8879583695443563,1.478989133242206,1.1538929045063608,0.4194429355597067
OA35PAIR_00678,110861.0,CF3-containing,1.0,0.0,0.0,2.2355031964943377,2.3823773034681137,1.2168490916556307,2.4522973201247886,1.235448228469158,1.0881832040872594,2.5739862048804847,1.4858030007932252,1.8305075713052052,0.40499562518913246
OA35PAIR_00693,124666.0,aryl-F without CF3/CF2,0.0,0.0,1.0,1.0224283711854865,1.6532125137753435,0.146479373915818,1.3541211003326579,1.2076417264168398,0.02154860607736908,1.5019894300369865,1.4804408239596174,0.7560097404539965,0.26641863073148997
OA35PAIR_00698,120738.0,CF2-containing,0.0,1.0,3.0,1.0,1.146128035678238,0.2861474778423966,1.4919919415274063,1.2058444636850099,0.1387528307109528,1.631722798205536,1.492969967494583,0.8831009861305334,0.11689901386946655
OA35PAIR_00700,118560.0,aryl-F without CF3/CF2,0.0,0.0,2.0,1.0319736890917168,2.401400540781544,1.302721111732237,2.5131168723610724,1.2103957606288354,1.153573994484192,2.6524293795733,1.498855385089108,1.9016124251059636,0.8696387360142468
OA35PAIR_00713,51249.0,CF2-containing,0.0,1.0,1.0,2.121264305229581,1.6354837468149122,0.5222644208091887,1.737787392652127,1.2155229718429383,0.37481244638169164,1.8728818387447084,1.4980693923630168,1.1187832223853733,1.002481082844208
OA35PAIR_00720,65939.0,aryl-F without CF3/CF2,0.0,0.0,1.0,1.9872639541222352,1.8887409606828929,0.9399028936742155,2.1557990266833467,1.2158961330091311,0.8008150866931372,2.271496463626565,1.470681376933428,1.538085453973125,0.4491785001491102
OA35PAIR_00741,65828.0,CF3-containing,1.0,0.0,0.0,2.3234583668494677,2.0187004986662433,0.6934803671692648,1.9254666126695832,1.2319862455003183,0.5404117845267005,2.0501454467937763,1.5097336622670758,1.3028201069037209,1.0206382599457469
OA35PAIR_00744,122976.0,CF2-containing,0.0,1.0,0.0,0.670245853074124,2.45117215751254,1.1035392344320614,2.303556221421393,1.2000169869893318,0.9771634452086577,2.450836847492531,1.4736734022838733,1.7119627124269563,1.0417168593528323
OA35PAIR_00746,120738.0,aryl-F without CF3/CF2,0.0,0.0,2.0,1.230448921378274,1.6434526764861874,0.6217197712590059,1.8499469392191257,1.2282271679601198,0.461852700854247,1.9648795093129716,1.5030268084587246,1.2195618252280365,0.01088709615023764
OA35PAIR_00749,39450.0,aryl-F without CF3/CF2,0.0,0.0,1.0,0.7671558660821804,1.534026106056135,0.248323438217393,1.4515505333993024,1.2032270951819095,0.11628985822282956,1.5860188897158816,1.469729031493052,0.8509315023605017,0.0837756362783213
OA35PAIR_00751,54775.0,aryl-F without CF3/CF2,0.0,0.0,1.0,1.3469394626989906,1.4313637641589874,0.3115875247615747,1.5187994840450307,1.207211959283456,0.1784500226732666,1.6649074851475139,1.4864574624742473,0.9224723404039835,0.42446712229500705
OA35PAIR_00761,51249.0,CF2-containing,0.0,1.0,0.0,1.545307116465824,1.7466341989375789,0.6789582849207831,1.8754695078563188,1.1965112229355357,0.5372404740635863,2.0224610479116185,1.4852205738480322,1.2736703228416943,0.27163679362412974
OA35PAIR_00762,51249.0,CF2-containing,0.0,1.0,1.0,1.515343893088381,1.717670503002262,0.595142948183582,1.8086827866509256,1.2135398384673435,0.45394020443699357,1.9591664833032099,1.5052262788662163,1.1919655969924303,0.3233782960959506
OA35PAIR_00763,106636.0,aryl-F without CF3/CF2,0.0,0.0,1.0,2.379939722801916,3.0246498311794445,1.4878083324742795,2.698252640866664,1.2104443083923844,1.3472782160494936,2.8242159951998556,1.476937779150362,2.0939890125118823,0.2859507102900336
OA35PAIR_00764,54771.0,CF3-containing,1.0,0.0,0.0,1.3924683170438543,1.5541255815130126,0.22387206423307593,1.4547577283264752,1.2308856640933992,0.0915143528081045,1.586639540762207,1.4951251879541023,0.842602116662318,0.5498662003815363
OA35PAIR_00767,51249.0,CF2-containing,0.0,1.0,0.0,1.8463371121298051,2.040602340114073,0.921934774973709,2.14246554512693,1.2205307701532209,0.7806229205126543,2.2855850992276574,1.5049621787150032,1.531338859983515,0.3149982521462902
OA35PAIR_00770,65939.0,aryl-F without CF3/CF2,0.0,0.0,1.0,1.0224283711854865,1.9084850188786495,0.9145142401420479,2.1222738977006186,1.2077596575585707,0.7718147632751398,2.2505055770774107,1.478690813802271,1.511868780206699,0.48944040902121255
OA35PAIR_00773,58512.0,CF3-containing,1.0,0.0,0.0,2.1095785469043866,1.7737864449811935,0.5123795312230659,1.7319779891735543,1.2195984579504884,0.3658009489656776,1.8599860708490827,1.494185121883405,1.1155627660137866,0.9940157808906
OA35PAIR_00789,120738.0,aryl-F without CF3/CF2,0.0,0.0,2.0,1.0791812460476249,1.462397997898956,0.39856164076866785,1.6064378122389273,1.2078761714702595,0.25647232739251646,1.7362601099783102,1.4797877825857937,0.9924736677524905,0.08670757829513442
OA35PAIR_00790,61874.0,CF3-containing,1.0,0.0,0.0,2.1509712320626115,2.184691430817599,0.6193662799573749,1.831921181395797,1.212554901438422,0.48663183022074397,1.978298544426765,1.491666714206021,1.2379705869286317,0.9130006451339798
OA35PAIR_00791,65828.0,CF3-containing,1.0,0.0,0.0,2.0549575960124065,1.823474229170301,0.47404821374679207,1.721112325076122,1.24706411132933,0.3139509028145737,1.8333407077197177,1.519389804905144,1.0937577698789702,0.9611998261334362
OA35PAIR_00794,112300.0,aryl-F without CF3/CF2,0.0,0.0,2.0,1.515343893088381,2.8429834701222174,1.302149032697639,2.5066104185940397,1.2044613858964006,1.162661143981525,2.65470747946363,1.4920463354821047,1.9075087827763393,0.3921648896879584
OA35PAIR_00797,109096.0,CF3-containing,2.0,0.0,1.0,1.8535156967569288,1.7466341989375789,0.6092467777134362,1.824037490161095,1.214790712447659,0.44847850329053074,1.954864908180108,1.5063864048895772,1.213146554353375,0.6403691424035538
OA35PAIR_00798,53996.0,CF3-containing,1.0,0.0,0.0,-0.2328441339178195,-0.0457574905606751,-0.9722828113997734,0.22923441091563068,1.201517222315404,-1.1066298334870082,0.36793657685691394,1.4745664103439222,-0.36879099738947463,0.13594686347165513
OA35PAIR_00803,124666.0,aryl-F without CF3/CF2,0.0,0.0,1.0,1.2442771208018428,1.91803033678488,0.5103400878981648,1.7186290137805937,1.208288925882429,0.37692776424461516,1.846380804836355,1.4694530405917399,1.1104270495667456,0.13385007123509718
OA35PAIR_00806,65939.0,aryl-F without CF3/CF2,0.0,0.0,1.0,3.151688481576429,3.3264177955543888,2.0951300216439277,3.2955815220875406,1.200451500443613,1.9603986831151992,3.4456870958963735,1.4852884127811743,2.6970595910889505,0.45462889048747845
OA35PAIR_00807,124351.0,aryl-F without CF3/CF2,0.0,0.0,1.0,-2.9318141382538383,-1.8416375079047504,-2.9801008639749953,-1.7618138706054878,1.2182869933695075,-3.1030421068504728,-1.627526671758484,1.4755154350919888,-2.3698491002979094,0.5619650379559289
OA35PAIR_00808,110470.0,aryl-F without CF3/CF2,0.0,0.0,1.0,1.3729120029701063,1.5943925503754266,0.3243965288613031,1.51145543422326,1.187058905361957,0.15308929526812853,1.6397387927648914,1.4866494974967628,0.9098878705463427,0.4630241324237636
OA35PAIR_00813,124411.0,aryl-F without CF3/CF2,0.0,0.0,1.0,3.385413210922582,3.76835686556845,2.33588450499393,3.574355188276466,1.2384706832825363,2.2232060431806366,3.7129857083043882,1.4897796651237516,2.9521046819358787,0.43330852898670313
OA35PAIR_00815,120738.0,aryl-F without CF3/CF2,0.0,0.0,2.0,1.1139433523068367,1.505149978319906,0.46055019046695134,1.671255959629542,1.2107057691625907,0.3208242796435876,1.8007570024383945,1.479932722794807,1.0578640231584537,0.056079329148382984
OA35PAIR_00826,52012.0,aryl-F without CF3/CF2,0.0,0.0,2.0,1.2986347831244356,1.2966651902615312,0.10537579829434551,1.3103204716376537,1.2049446733433082,-0.018599398495825925,1.4691649028046438,1.4877643013004698,0.7155529288748808,0.5830818542495548
OA35PAIR_00827,119055.0,aryl-F without CF3/CF2,0.0,0.0,2.0,1.6434526764861874,1.8864907251724816,0.6239991156988178,1.8333524601848552,1.2093533444860374,0.4788810456395012,1.974753315416418,1.495872269776917,1.2320983745535212,0.4113543019326662
OA35PAIR_00829,111412.0,CF2-containing,0.0,1.0,0.0,1.6809697184658972,2.2638726768652235,0.9475935914710516,2.155630277618009,1.2080366861469574,0.792509432680314,2.2701482437546443,1.4776388110743301,1.5466104976759971,0.13435922078990004
OA35PAIR_00831,119055.0,aryl-F without CF3/CF2,0.0,0.0,1.0,1.792391689498254,2.123851640967086,0.8870530259569847,2.088903951286477,1.2018509253294922,0.76052931617546,2.224906587109574,1.464377270934114,1.4918427226643778,0.3005489668338761
OA35PAIR_00835,50186.0,aryl-F without CF3/CF2,0.0,0.0,2.0,0.0681858617461616,0.2966651902615311,-0.6329438841844657,0.5722483616992582,1.2051922458837239,-0.7900506818475863,0.6898820409472206,1.479932722794807,-0.03729165463203184,0.10547751637819344
OA35PAIR_00844,57127.0,CF3-containing,1.0,0.0,0.0,1.1473671077937864,2.2237554536572413,1.0775383137057146,2.2979343578786313,1.2203960441729167,0.9329659721796904,2.4233407145127277,1.4903747423330374,1.6861345709350715,0.5387674631412851
OA35PAIR_00854,53897.0,aryl-F without CF3/CF2,0.0,0.0,1.0,1.7252417146032657,2.0497605517624757,0.6797681054620541,1.8706104624132684,1.1908423569512143,0.5379319209860941,2.0092168354175914,1.4712849144314974,1.2764789201850317,0.44876279441823397
OA35PAIR_00855,53996.0,CF3-containing,1.0,0.0,0.0,-0.2328441339178195,-0.0457574905606751,-1.0253197588176364,0.1736636980644054,1.1989834568820417,-1.1618590360008512,0.31211452895588765,1.4739735649567387,-0.4187116073342397,0.18586747341642018
OA35PAIR_00859,65828.0,CF3-containing,1.0,0.0,1.0,2.545307116465824,2.296665190261531,0.9069527131839248,2.1408309422013616,1.2338782290174368,0.7448731897286847,2.2721124086856137,1.527239218956929,1.5222825779263036,1.0230245385395202
OA35PAIR_00861,119914.0,aryl-F without CF3/CF2,0.0,0.0,2.0,1.4299136977637543,2.0384611961785635,0.7635310426794892,1.9792142623923052,1.215683219712816,0.627212591888272,2.1199677051881713,1.4927551132998993,1.3788901991652627,0.051023498598491646
OA35PAIR_00866,109096.0,CF3-containing,1.0,0.0,1.0,1.4483971034577676,2.040602340114073,0.7721422478248436,2.014574585067848,1.2424323372430044,0.6146689609872793,2.138482255674077,1.5238132946867975,1.3897766649023118,0.058620438555455845
OA35PAIR_00867,65939.0,aryl-F without CF3/CF2,0.0,0.0,2.0,1.8463371121298051,1.534026106056135,0.5340198938200222,1.73387381720051,1.1998539233804877,0.3863134856896133,1.8760774530353055,1.4897639673456922,1.1262515962060875,0.7200855159237176
OA35PAIR_00873,53996.0,aryl-F without CF3/CF2,0.0,0.0,1.0,0.9132839017604184,-0.0457574905606751,-1.0910638261045358,0.11009771962246895,1.2011615457270048,-1.2234596892678296,0.24535321908783525,1.4688129083556647,-0.4948813942701464,1.4081652960305648
OA35PAIR_00886,122291.0,CF2-containing,0.0,1.0,1.0,0.8939281265426069,1.7269715836828767,0.3065059043806174,1.509936047178258,1.2034301427976404,0.1660910041251652,1.6392613422311375,1.4731703381059722,0.9016496322662972,0.007721505723690347
OA35PAIR_00889,65939.0,aryl-F without CF3/CF2,0.0,0.0,1.0,2.823298128141233,2.913283901760418,1.73011771159151,2.9306877317723248,1.2005700201808147,1.5902641719380777,3.0791525969121243,1.4888884249740466,2.337958433661812,0.4853396944794208
OA35PAIR_00890,65301.0,CF3-containing,1.0,0.0,0.0,4.881099218389017,4.760422483423212,3.1882109183223184,4.405726092642784,1.2175151743204653,3.048965049609751,4.525629308973414,1.4766642593636634,3.787750249989805,1.0933489683992121
OA35PAIR_00893,65301.0,CF3-containing,1.0,0.0,1.0,4.9374175814771375,4.799340549453582,3.1540259545838887,4.3522116522771555,1.1981856976932668,2.998196457273224,4.490515990503031,1.4923195332298071,3.7461641779092645,1.191253403567873
OA35PAIR_00894,123052.0,aryl-F without CF3/CF2,0.0,0.0,2.0,1.0681858617461617,1.4014005407815442,0.16732627257735166,1.3749440683053455,1.2076177957279939,0.016053990907131555,1.518834032495096,1.5027800415879644,0.7707542656536055,0.2974315960925562
OA35PAIR_00898,57865.0,aryl-F without CF3/CF2,0.0,0.0,1.0,1.2723058444020865,1.4014005407815442,0.2831702569112403,1.4807335922533347,1.1975633353420942,0.15289037895672442,1.6432928630113786,1.4904024840546541,0.8856394100984172,0.3866664343036693
OA35PAIR_00901,120738.0,CF2-containing,0.0,1.0,1.0,1.0,1.0,0.1309075566539617,1.3456377677028912,1.2147302110489295,-0.0057906014836834885,1.4936850991592683,1.4994757006429518,0.7349166009716115,0.2650833990283885
OA35PAIR_00911,65828.0,CF3-containing,1.0,0.0,0.0,2.3469394626989906,1.8785217955012063,0.5466890342528488,1.7925750118076538,1.245885977554805,0.38882726129906553,1.905759801917367,1.5169325406183014,1.1634857238723455,1.183453738826645
OA35PAIR_00914,62085.0,aryl-F without CF3/CF2,0.0,0.0,2.0,1.2143138974243997,0.5563025007672873,-0.4267966107670348,0.7733969616638144,1.2001935724308492,-0.5646676796480962,0.9199220784401013,1.4845897580881975,0.17751117839400293,1.0368027190303968
OA35PAIR_00924,65939.0,aryl-F without CF3/CF2,0.0,0.0,1.0,2.647969458362972,2.73814608871206,1.5837462117065055,2.7940246532801742,1.2102784415736687,1.430348907558853,2.9271374321758685,1.4967885246170156,2.184270022372602,0.46369943599036967
OA35PAIR_00928,54771.0,CF3-containing,1.0,0.0,0.0,0.2723058444020864,1.404491617758686,0.2603094758220553,1.4539070986014058,1.1935976227793503,0.1159033542434349,1.5871717689201923,1.4712684146767574,0.855450473552106,0.5831446291500196
OA35PAIR_00932,120738.0,CF2-containing,0.0,1.0,0.0,0.7781512503836436,1.3617278360175928,0.32779538483750525,1.5337792452763033,1.205983860438798,0.184639305661488,1.6726760602744366,1.4880367546129487,0.9249936108450904,0.14684236046144672
OA35PAIR_00933,44059.0,aryl-F without CF3/CF2,0.0,0.0,1.0,1.6479694583629718,1.760422483423212,0.4862776646038085,1.6809178345369185,1.19464016993311,0.35319226258216974,1.830358106635257,1.4771658440530873,1.0879964942593008,0.559972964103671
OA35PAIR_00935,119963.0,CF3-containing,1.0,0.0,0.0,0.9658129530366032,2.4139364859172954,0.7640879933846605,1.9956092358467117,1.2315212424620512,0.6433279681111805,2.119288788765731,1.4759608206545505,1.382303965927899,0.41649101289129586
OA35PAIR_00940,53996.0,CF3-containing,1.0,0.0,0.0,-0.1536628878701947,0.1003705451175628,-0.8237819753627645,0.3712828126245151,1.1950647879872798,-0.9561997230173871,0.5107339395704892,1.4669336625878762,-0.22275829393106744,0.06909540606087275
OA35PAIR_00947,124540.0,CF3-containing,1.0,0.0,0.0,0.9712758487381052,1.670245853074124,0.6197496131118423,1.8386485808023658,1.2188989676905235,0.47655011868202735,1.9833052805924078,1.5067551619103805,1.2276964037559703,0.2564205550178651
OA35PAIR_00950,107506.0,aryl-F without CF3/CF2,0.0,0.0,1.0,1.0791812460476249,1.568201724066995,0.30871733629508724,1.5240168795411573,1.21529954324607,0.18562383079400813,1.6709618029847073,1.4853379721906992,0.9295833338695424,0.1495979121780825
OA35PAIR_00951,54771.0,CF3-containing,1.0,0.0,1.0,0.907034952483417,1.385606273598312,0.13225654566611655,1.3303682644500283,1.1981117187839119,0.00018541474263211732,1.488589132254174,1.4884037175115419,0.73746243519188,0.169572517291537
OA35PAIR_00961,120738.0,CF2-containing,0.0,1.0,2.0,1.0791812460476249,1.414973347970818,0.29578030295869917,1.5174093850382406,1.2216290820795415,0.14295604418325603,1.6507759520516867,1.5078199078684307,0.8895010029817074,0.18968024306591746
OA35PAIR_00978,119055.0,aryl-F without CF3/CF2,0.0,0.0,1.0,0.9030899869919436,1.6127838567197357,0.30836390909569256,1.534244376503799,1.2258804674081065,0.17686121437917668,1.6720009623115675,1.4951397479323907,0.9305987508408078,0.027508763848864137
OA35PAIR_00984,122807.0,CF3-containing,1.0,1.0,1.0,2.6456187382426952,2.712481337801919,1.709947967025956,2.9183386880675926,1.2083907210416365,1.5874110474853635,3.0618055023214374,1.474394454836074,2.3254973299499717,0.3201214082927235
OA35PAIR_00988,57127.0,CF3-containing,1.0,0.0,0.0,1.7494270991217489,1.99563519459755,0.6830293218262706,1.87163719318644,1.1886078713601693,0.5419007264131099,2.0307668346738383,1.4888661082607284,1.2843859878059445,0.4650411113158044
OA35PAIR_00998,125935.0,CF3-containing,1.0,0.0,0.0,1.7671558660821804,2.3344537511509307,0.8879962281248561,2.1056457975071954,1.2176495693823393,0.7637599165903333,2.233841647419114,1.4700817308287806,1.5030338060094164,0.26412206007276406
OA35PAIR_01002,39450.0,aryl-F without CF3/CF2,0.0,0.0,1.0,1.0681858617461617,1.1583624920952498,0.16334028147767166,1.3685962636461775,1.2052559821685058,0.02083594047774784,1.498011503985641,1.4771755635078931,0.7647316124225731,0.30345424932358855
OA35PAIR_01008,123562.0,aryl-F without CF3/CF2,0.0,0.0,1.0,1.4661258704181992,1.7737864449811935,0.42178336172492614,1.6269709154887066,1.2051875537637806,0.2886979597032874,1.7501925010593355,1.461494541356048,1.018130283429271,0.4479955869889283
OA35PAIR_01026,53996.0,aryl-F without CF3/CF2,0.0,0.0,1.0,0.9132839017604184,0.9542425094393248,0.038691062378771734,1.2484144300067102,1.2097233676279384,-0.10591082927211093,1.3956335221731273,1.5015443514452382,0.6496161563620031,0.2636677453984153
OA35PAIR_01028,119055.0,aryl-F without CF3/CF2,0.0,0.0,2.0,1.462397997898956,1.9822712330395684,0.6930666236095628,1.9059827558213047,1.2129161322117419,0.5504966783954393,2.031313752955618,1.4808170745601785,1.3025979634094005,0.1598000344895556
OA35PAIR_01030,65939.0,aryl-F without CF3/CF2,0.0,0.0,1.0,2.6060049568194357,2.848558572123763,1.515484881236203,2.7259939424043966,1.2105090611681937,1.364038215591643,2.8588652501542224,1.4948270345625794,2.1142042087357624,0.49180074808367324
OA35PAIR_01037,117433.0,CF2-containing,0.0,1.0,0.0,1.2143138974243997,1.2966651902615312,0.13734410719212675,1.3474252981631905,1.2100811909710636,0.017170254022910836,1.4903017924742996,1.4731315384513888,0.7529376000733377,0.461376297351062
OA35PAIR_01041,120738.0,CF2-containing,0.0,1.0,2.0,1.1139433523068367,1.3424226808222062,0.313132664161925,1.531215241794614,1.2180825776326891,0.1661953948298862,1.6742884664520865,1.5080930716222003,0.9107253310446595,0.20321802126217725
OA35PAIR_01042,116329.0,aryl-F without CF3/CF2,0.0,0.0,2.0,1.3234583668494675,2.3234583668494677,0.6114274426650967,1.8501458260392774,1.2387183833741806,0.47908252484960034,1.9962840887737174,1.5172015639241172,1.2353267802888173,0.08813158656065023
OA35PAIR_01045,53996.0,CF3-containing,1.0,0.0,1.0,-0.2328441339178195,-0.0457574905606751,-1.0501054076616545,0.15864808241495443,1.2087534900766088,-1.1847738134964831,0.2965615952863673,1.4813354087828503,-0.43678470813657083,0.20394057421875134
OA35PAIR_01049,114197.0,CF2-containing,0.0,1.0,2.0,1.1821292140529984,0.99563519459755,0.047977797309752046,1.2487200146655442,1.200742217355792,-0.08262807468152034,1.3857340459047902,1.4683621205863107,0.6528908284501581,0.5292383856028403
OA35PAIR_01052,124666.0,aryl-F without CF3/CF2,0.0,0.0,1.0,1.9976047874604543,2.8175653695597807,1.3522493386040058,2.5992562267520616,1.2470068881480558,1.2112484041166844,2.737601554212227,1.5263531500955425,1.9873867810946073,0.010218006365847021
OA35PAIR_01056,65828.0,CF3-containing,1.0,0.0,0.0,2.6363875858131567,2.189770956346874,0.7586219995027039,1.9843583394331619,1.225736339930458,0.6079143721168698,2.1083959345244923,1.5004815624076224,1.3697070548985644,1.2666805309145923
OA35PAIR_01071,109235.0,aryl-F without CF3/CF2,0.0,0.0,1.0,1.515343893088381,2.547528576459782,0.6881958362485004,1.9151368342236266,1.226940997975126,0.5562658973262089,2.0547137837893477,1.4984478864631388,1.3062541837830703,0.20908970930531057
OA35PAIR_01073,45867.0,aryl-F without CF3/CF2,0.0,0.0,1.0,1.5563025007672873,2.5563025007672873,0.8470168799761253,2.053890078073676,1.2068731980975507,0.7155064562946538,2.2022435153471953,1.4867370590525415,1.4666446821449306,0.08965781862235667
OA35PAIR_01075,65822.0,aryl-F without CF3/CF2,0.0,0.0,1.0,1.624488362513449,2.204662511748219,0.8919379629482096,2.0964134601031787,1.2044754971549692,0.7551057087600219,2.2303928067547316,1.4752870979947097,1.4946862987049219,0.1298020638085271
OA35PAIR_01077,122085.0,aryl-F without CF3/CF2,0.0,0.0,1.0,1.4471580313422192,1.919078092376074,0.4957902376638408,1.6876139339709113,1.1918236963070705,0.357613851226144,1.8238614046905204,1.4662475534643764,1.0953845816819894,0.35177344966022983
OA35PAIR_01084,91932.0,CF3-containing,1.0,0.0,0.0,0.3234583668494676,0.401400540781544,-0.525040314557065,0.6719900268204304,1.1970303413774954,-0.6823965981391054,0.822645575651411,1.5050421737905164,0.07492624890320942,0.24853211794625818
OA35PAIR_01085,113971.0,aryl-F without CF3/CF2,0.0,0.0,1.0,1.5587085705331658,1.7596678446896306,0.541306153731378,1.7521978846204078,1.21089173088903,0.3983509213420102,1.8750182213205322,1.476667299978522,1.1412868500704438,0.41742172046272197
OA35PAIR_01086,125892.0,aryl-F without CF3/CF2,0.0,0.0,1.0,1.1473671077937864,1.510545010206612,0.1629158568496657,1.385520982157432,1.222605125307766,0.008989648951344353,1.5040625581225013,1.495072909171157,0.7602586097001995,0.38710849809358683
OA35PAIR_01088,112300.0,aryl-F without CF3/CF2,0.0,0.0,1.0,0.670245853074124,2.8691143269793753,1.2058326684779876,2.475035106671828,1.2692024381938403,1.0766785910836496,2.6144583212799364,1.5377797301962868,1.8562664033252632,1.1860205502511392
OA35PAIR_01091,63001.0,aryl-F without CF3/CF2,0.0,0.0,1.0,1.7853298350107671,2.615950051656401,0.9068196520764502,2.1090106369961257,1.2021909849196755,0.7483511872954943,2.2465582255177847,1.4982070382222905,1.4956712607012026,0.28965857430956454
OA35PAIR_01093,120643.0,aryl-F without CF3/CF2,0.0,0.0,1.0,1.5866998016240492,1.6532125137753435,0.2690812678707236,1.4776140513490787,1.208532783478355,0.13623554996898868,1.6113367019050013,1.4751011519360127,0.8800362693346317,0.7066635322894175
OA35PAIR_01098,62030.0,aryl-F without CF3/CF2,0.0,0.0,2.0,2.1473671077937864,2.2764618041732443,0.8563541457899946,2.0623587643590753,1.2060046185690807,0.7120516212600945,2.181504661851834,1.4694530405917396,1.4566577559264708,0.6907093518673155
OA35PAIR_01100,125935.0,CF3-containing,1.0,0.0,1.0,1.2442771208018428,1.7323937598229686,0.28245647586771516,1.4871205145038284,1.2046640386361132,0.14971762852883275,1.623573282072298,1.473855653543465,0.8812478832825054,0.36302923751933747
OA35PAIR_01102,110470.0,CF2-containing,0.0,1.0,0.0,1.390935107103379,1.0413926851582251,0.05572596846050404,1.2524461906806215,1.1967202222201174,-0.08631751197796644,1.3876531519930349,1.4739706639710013,0.6564535252878478,0.7344815818155312
OA35PAIR_01104,119055.0,aryl-F without CF3/CF2,0.0,0.0,2.0,1.0413926851582251,2.173186268412274,0.8967609311179701,2.115841808300777,1.219080877182807,0.7612541090562011,2.236826822329041,1.47557271327284,1.5115148579592546,0.4701221728010294
OA35PAIR_01108,124540.0,CF3-containing,1.0,0.0,0.0,1.3469394626989906,2.0941215958405612,1.1249571318174938,2.3217495452877026,1.1967924134702088,0.9761211034284887,2.466566978458295,1.4904458750298064,1.7231532050571121,0.37621374235812155
OA35PAIR_01110,63001.0,aryl-F without CF3/CF2,0.0,0.0,3.0,1.724275869600789,2.447158031342219,0.8867997848312827,2.103530704448393,1.2167309196171103,0.7437235028356908,2.234909493830711,1.4911859909950202,1.4845292930165601,0.23974657658422882
OA35PAIR_01112,117433.0,CF2-containing,0.0,1.0,0.0,1.758381941774675,2.1245042248342823,0.6813221026799945,1.8893818215981224,1.208059718918128,0.5499420835964792,2.0269512493285657,1.4770091657320865,1.291635699799075,0.4667462419756001
OA35PAIR_01115,35214.0,aryl-F without CF3/CF2,0.0,0.0,1.0,0.7213983755215053,1.6263403673750425,0.3331568933709518,1.6091909267571705,1.2760340333862188,0.20207500810947543,1.7194847970435005,1.517409788934025,0.9750225060622633,0.25362413054075794
OA35PAIR_01120,113971.0,aryl-F without CF3/CF2,0.0,0.0,1.0,0.8254261177678232,1.919078092376074,0.49456239881052544,1.7036945800669887,1.2091321812564633,0.35817220727179766,1.8341573372232225,1.4759851299514248,1.0938202296000872,0.268394111832264
OA35PAIR_01121,125935.0,CF2-containing,0.0,1.0,1.0,1.5996647787884168,2.0546130545568877,0.5172166046804068,1.7354178991838594,1.2182012945034526,0.36281330518229193,1.8612040508858942,1.4983907457036023,1.1161254058290868,0.48353937295933
OA35PAIR_01125,111412.0,CF2-containing,0.0,1.0,0.0,2.0077051143647804,2.0111473607757975,0.7116383094524927,1.9353297650315675,1.2236914555790748,0.569247115611639,2.0774551275603916,1.5082080119487526,1.3307745947251706,0.6769305196396098
OA35PAIR_01128,44059.0,aryl-F without CF3/CF2,0.0,0.0,1.0,2.321038892726055,3.043440876244474,1.4985156164462505,2.7303245509071323,1.2318089344608818,1.3586749437377073,2.85691751855941,1.4982425748217025,2.120458188253607,0.2005807044724479
OA35PAIR_01130,124610.0,other alkyl-F/nonfluorinated,0.0,0.0,0.0,2.502427119984433,3.248218561190075,1.5367643083826756,2.796349740501565,1.2595854321188895,1.4034054924028738,2.938454421277002,1.535048928874128,2.164056132725936,0.338370987258497
OA35PAIR_01131,118560.0,aryl-F without CF3/CF2,0.0,0.0,2.0,2.0681858617461617,3.170672340315576,2.028795842342017,3.2421334541067637,1.2133376117647465,1.8797515946076953,3.372081475314472,1.4923298807067766,2.638735323293063,0.5705494615469013
OA35PAIR_01133,110470.0,CF2-containing,0.0,1.0,0.0,1.7323937598229686,2.5943925503754266,1.073910964267693,2.300359219097047,1.226448254829354,0.9186592309933665,2.425606075525456,1.5069468445320893,1.686454113086611,0.04593964673635753
OA35PAIR_01135,124676.0,aryl-F without CF3/CF2,0.0,0.0,1.0,2.1280760126687155,2.188928483760854,1.0125259853671724,2.2268639298487996,1.2143379444816271,0.8535799896847045,2.3404352555604433,1.4868552658757388,1.6028258961981525,0.525250116470563
OA35PAIR_01136,65939.0,aryl-F without CF3/CF2,0.0,0.0,1.0,1.691435152144062,1.8887409606828929,0.8838365424695913,2.1125191469420517,1.2286826044724604,0.7336894067144679,2.2287373104046635,1.4950479036901956,1.4808444938049503,0.21059065833911172
OA35PAIR_01143,112300.0,aryl-F without CF3/CF2,0.0,0.0,2.0,0.0681858617461616,0.8573324964312685,-0.19554632234443042,1.0108559652995397,1.2064022876439702,-0.32524194713411364,1.1432561405603192,1.468498087694433,0.41373124532656613,0.34554538358040454
OA35PAIR_01145,114197.0,CF2-containing,0.0,1.0,0.0,1.636387585813157,1.6866362692622934,0.444769108898325,1.6538410559478085,1.2090719470494835,0.31246327253331696,1.784786574108002,1.472323301574685,1.0464524764201968,0.5899351093929601
OA35PAIR_01146,120738.0,CF2-containing,0.0,1.0,2.0,1.1760912590556811,1.5440680443502757,0.47775801545112273,1.6912628417148412,1.2135048262637185,0.33286717449536085,1.8162110357712802,1.4833438612759193,1.0725777799613048,0.10351347909437636
OA35PAIR_01149,65507.0,CF3-containing,1.0,0.0,1.0,2.1952906601109694,2.3197304943302246,1.3010195304895114,2.5067447346574574,1.205725204167946,1.155604782512566,2.6357542248065426,1.4801494422939767,1.8964350758007236,0.29885558431024584
OA35PAIR_01152,118732.0,aryl-F without CF3/CF2,0.0,0.0,1.0,0.9546765869186437,0.5563025007672873,-0.2656842335223299,0.9457941756652578,1.2114784091875876,-0.40491963658060515,1.0820237694708104,1.4869434060514155,0.32784870559233564,0.626827881326308
OA35PAIR_01153,63009.0,aryl-F without CF3/CF2,0.0,0.0,2.0,1.624488362513449,2.1583624920952498,0.5857594167813214,1.7942380915416893,1.208478674760368,0.46700022842739064,1.937028540321237,1.4700283118938464,1.1930375623980856,0.4314508001153634
OA35PAIR_01155,117725.0,aryl-F without CF3/CF2,0.0,0.0,1.0,0.3692158574101428,0.0334237554869497,-0.9687593426084551,0.23189694566874475,1.2006562882771998,-1.10047952466018,0.37804631460500737,1.4785258392651874,-0.36224215542304294,0.7314580128331858
OA35PAIR_01157,120738.0,aryl-F without CF3/CF2,0.0,0.0,2.0,1.073064017839119,1.4231685560649026,0.36062766067543583,1.5873196261495637,1.226691965474128,0.20985320695323928,1.720235515153189,1.5103823081999497,0.9574679886832413,0.11559602915587774
OA35PAIR_01158,65828.0,CF3-containing,1.0,0.0,0.0,2.647969458362972,2.1126050015345745,0.8011805027994297,2.0261161735085143,1.2249356707090846,0.6403515829559032,2.150530323285182,1.5101787403292788,1.4087458992081061,1.2392235591548657
OA35PAIR_01162,57563.0,aryl-F without CF3/CF2,0.0,0.0,1.0,1.545307116465824,1.9876662649262744,0.6698456388622978,1.8884666209466798,1.218620982084382,0.5357300299755992,2.0172488023699326,1.4815187723943335,1.2704956240152483,0.2748114924505758
OA35PAIR_01169,123746.0,aryl-F without CF3/CF2,0.0,0.0,1.0,1.0755469613925308,1.569373909615046,0.22981420418927279,1.428678095989326,1.1988638918000531,0.08789004654619936,1.5651570566522925,1.4772670101060932,0.8270587411991194,0.24848822019341144
OA35PAIR_01173,117215.0,aryl-F without CF3/CF2,0.0,0.0,1.0,-0.1804560644581313,-0.3893398369101201,-1.2135463865156064,-0.000850398268094632,1.212695988247512,-1.34816809416303,0.13907406656080434,1.4872421607238344,-0.6027186920388136,0.4222626275806822
OA35PAIR_01176,120738.0,CF2-containing,0.0,1.0,3.0,0.9542425094393248,1.1760912590556811,0.3117101203180702,1.521692561829173,1.209982441511103,0.1724300660928293,1.6539102123457654,1.4814801462529361,0.9085941339716175,0.04564837546770728
OA35PAIR_01186,124666.0,aryl-F without CF3/CF2,0.0,0.0,1.0,1.758381941774675,2.8067225030761813,1.3301366161391799,2.5403472493734887,1.2102106332343088,1.1991453033963397,2.681391590267281,1.4822462868709412,1.9399889707112188,0.18160702893654368
OA35PAIR_01198,73675.0,aryl-F without CF3/CF2,0.0,0.0,1.0,1.775756037844098,2.1947917577219247,1.0734809763128836,2.2840506553126545,1.2105696789997709,0.9215097459975166,2.41392152180501,1.4924117758074935,1.6742544296011896,0.10150160824290833
OA35PAIR_01209,57127.0,CF3-containing,2.0,0.0,0.0,1.8877297972880305,1.9454685851318196,0.5810366753991956,1.796393327279951,1.2153566518807555,0.45503636004614556,1.9203511993282425,1.465314839282097,1.1939650380452238,0.6937647592428067
OA35PAIR_01211,54021.0,aryl-F without CF3/CF2,0.0,0.0,1.0,-0.0287241512618947,0.9628426812012424,-0.16644431901221385,1.0369772646378101,1.203421583650024,-0.3114252548220776,1.1750322076521695,1.486457462474247,0.4287730864969748,0.4574972377588695
OA35PAIR_01212,122085.0,aryl-F without CF3/CF2,0.0,0.0,1.0,1.591064607026499,2.012837224705172,0.5729702472708671,1.7774114115522779,1.2044411642814108,0.4346401981791841,1.9171445351786178,1.4825043369994337,1.1756309279296429,0.41543367909685625
OA35PAIR_01214,111412.0,CF2-containing,0.0,1.0,0.0,1.2986347831244356,1.255272505103306,0.2233601220199366,1.4306192787985084,1.2072591567785718,0.07992310000565483,1.5539505281612302,1.4740274281555754,0.8229125054483628,0.4757222776760728
OA35PAIR_01215,65507.0,CF3-containing,1.0,0.0,1.0,2.714589587969231,2.3380578754197563,1.3012976651456458,2.4939359235801386,1.1926382584344928,1.1450083510250595,2.632676185995816,1.4876678349707566,1.8945404925921772,0.8200490953770541
OA35PAIR_01216,122291.0,CF3-containing,1.0,0.0,0.0,1.426023015689876,1.9294189257142929,0.4428277763812125,1.645528548847594,1.2027007724663814,0.29753027968898715,1.7935469664266153,1.496016686737628,1.0443876394909064,0.3816353761989697
OA35PAIR_01220,65939.0,aryl-F without CF3/CF2,0.0,0.0,1.0,2.2500294496909343,2.359076226059263,1.3229135427245011,2.540961531611833,1.218047988887332,1.1670485363346799,2.675114020579616,1.5080654842449361,1.9336872107142966,0.3163422389766377
OA35PAIR_01222,44642.0,aryl-F without CF3/CF2,0.0,0.0,1.0,0.2986347831244356,0.2966651902615311,-0.6180452631467255,0.5924267321995142,1.2104719953462397,-0.7661761960693818,0.7218423439438408,1.4880185400132226,-0.019893954390286274,0.3185287375147219
OA35PAIR_01225,63001.0,CF2-containing,0.0,1.0,0.0,2.4913616938342726,2.59659709562646,0.8269223325088308,2.076213819883826,1.249291487374995,0.6652081585619405,2.2208520721543215,1.555643913592381,1.4443181264274738,1.0470435674067988
OA35PAIR_01226,52012.0,aryl-F without CF3/CF2,0.0,0.0,2.0,0.7671558660821804,1.8463371121298051,0.5266466447523515,1.7386706663106595,1.212024021558308,0.3938913391066472,1.8823059774500788,1.4884146383434316,1.1290089895083173,0.36185312342613685
OA35PAIR_01241,113971.0,aryl-F without CF3/CF2,0.0,0.0,1.0,1.0791812460476249,1.3560258571931227,0.20163972070409553,1.4121064040100675,1.210466683305972,0.0750990993222026,1.544706624255392,1.4696075249331892,0.8006754067925226,0.2785058392551023
OA35PAIR_01244,65301.0,CF3-containing,1.0,0.0,0.0,4.721398375521505,4.48572142648158,2.836660257197157,4.038869964317645,1.2022097071204882,2.6955454191560193,4.173126728603718,1.4775813094476984,3.435805499113178,1.285592876408327
OA35PAIR_01247,110470.0,CF2-containing,0.0,1.0,0.0,1.2787536009528289,1.534026106056135,0.3078246169298301,1.5088030564952555,1.2009784395654255,0.16825200804145457,1.6369542741980543,1.4687022661565998,0.9097635443696216,0.36899005658320727
OA35PAIR_01249,50227.0,aryl-F without CF3/CF2,0.0,0.0,1.0,1.2041199826559248,1.4771212547196624,0.12077763108374728,1.3303246292326771,1.2095469981489297,-0.013583258689344513,1.4541234777333423,1.4677067364226868,0.7199433505641324,0.4841766320917924
OA35PAIR_01251,112300.0,aryl-F without CF3/CF2,0.0,0.0,1.0,0.670245853074124,1.100370545117563,0.059364688934430365,1.246844239874985,1.1874795509405547,-0.07882861447932821,1.3912942418328145,1.4701228563121427,0.6558376037329288,0.014408249341195223
OA35PAIR_01261,65828.0,CF3-containing,1.0,0.0,0.0,1.7671558660821804,1.7024305364455252,0.33557938791768627,1.534811056297411,1.1992316683797248,0.19943230793315347,1.664767756737894,1.4653354488047405,0.9316123045691412,0.8355435615130392
OA35PAIR_01267,43814.0,CF3-containing,1.0,0.0,0.0,2.7036696085610736,2.7085908451503435,1.6480921897858116,2.8609373747416442,1.2128451849558326,1.4764427979753556,3.000592413681771,1.5241496157064156,2.2541687027641193,0.44950090579695434
OA35PAIR_01270,121656.0,aryl-F without CF3/CF2,0.0,0.0,1.0,1.8808135922807911,1.9637878273455551,0.4972551026444467,1.7017206027893574,1.2044655001449107,0.3652249020088323,1.8440601426968095,1.4788352406879772,1.1063815341683925,0.7744320581123987
OA35PAIR_01283,124666.0,aryl-F without CF3/CF2,0.0,0.0,1.0,0.670245853074124,1.2966651902615312,0.13488369254740973,1.3619915514158847,1.227107858868475,0.013623512912806057,1.5073111829056907,1.4936876699928847,0.7552119171326763,0.08496606405855234
OA35PAIR_01291,116822.0,CF2-containing,0.0,1.0,0.0,2.1920375027132475,2.4983105537896004,0.6417659058721372,1.9026396908206629,1.2608737849485256,0.49126179232728306,2.027778078333106,1.5365162860058228,1.265671635058053,0.9263658676551945
OA35PAIR_01296,46217.0,aryl-F without CF3/CF2,0.0,0.0,1.0,0.5394775728051002,0.8115750058705934,-0.21394281825798,1.0030888224801366,1.2170316407381168,-0.3513329648678247,1.1309215576615101,1.4822545225293349,0.3923222454473413,0.14715532735775894
OA35PAIR_01298,65828.0,CF3-containing,2.0,0.0,0.0,1.6592504687726608,1.7993405494535817,0.5344274175473767,1.7737428750532218,1.2393154575058452,0.36239577694554903,1.9140631456531305,1.5516673687075815,1.1459063396587694,0.5133441291138914
OA35PAIR_01299,57865.0,aryl-F without CF3/CF2,0.0,0.0,1.0,1.6122539060964374,1.9084850188786495,0.7497704809671035,1.9548896195190668,1.2051191385519633,0.6001819598023823,2.091940061124149,1.4917581013217667,1.3469328387974155,0.26532106729902183
OA35PAIR_01307,57865.0,aryl-F without CF3/CF2,0.0,0.0,1.0,1.4299136977637543,1.8350561017201164,0.5910907426282515,1.7982513823779844,1.207160639749733,0.4470563449375954,1.939450016584864,1.4923936716472688,1.1958095688608086,0.23410412890294574
OA35PAIR_01308,65828.0,CF3-containing,1.0,0.0,0.0,2.5996647787884166,2.0813473078041325,0.8136091727008758,2.0522531417845955,1.2386439690837197,0.6742298447141926,2.165416652771999,1.4911868080578066,1.428801248536833,1.1708635302515835
OA35PAIR_01312,107502.0,CF2-containing,0.0,1.0,1.0,0.6720978579357175,1.354108439147401,0.18301038249767032,1.3903924281502436,1.2073820456525732,0.054123437444635436,1.5261577089927039,1.4720342715480683,0.7861379834554751,0.11404012551975762
OA35PAIR_01314,65939.0,aryl-F without CF3/CF2,0.0,0.0,1.0,2.3258644366153463,2.0111473607757975,1.1020584146300543,2.3067074699230545,1.2046490552930003,0.950802811229691,2.4206022580787403,1.4697994468490494,1.6928571518441942,0.6330072847711521
OA35PAIR_01315,114173.0,aryl-F without CF3/CF2,0.0,0.0,1.0,1.3234583668494675,1.510545010206612,0.1772917253918871,1.3837795214992539,1.2064877961073668,0.025543176477433538,1.5139119647693913,1.4883687882919578,0.7746790009677562,0.5487793658817113
OA35PAIR_01316,109096.0,CF3-containing,2.0,0.0,0.0,1.2442771208018428,1.510545010206612,0.31965282494196945,1.5385897900399448,1.2189369650979753,0.178317505192781,1.6537056703355124,1.4753881651427314,0.9177265876303686,0.3265505331714742
OA35PAIR_01324,65828.0,CF3-containing,1.0,0.0,0.0,2.3469394626989906,1.8463371121298051,0.4308148279851469,1.6930242209397555,1.2622093929546085,0.2660072974893195,1.8097510228706881,1.5437437253813686,1.0542903634562424,1.2926490992427482
OA35PAIR_01325,46750.0,aryl-F without CF3/CF2,0.0,0.0,1.0,1.3234583668494675,1.7867514221455612,0.6365092674699655,1.8507099216233112,1.2142006541533457,0.4932082878446039,1.9871734297733148,1.4939651419287108,1.2470337365913378,0.07642463025812973
OA35PAIR_01326,120738.0,CF2-containing,0.0,1.0,2.0,1.1139433523068367,1.414973347970818,0.38017248033763185,1.5921941209876387,1.2120216406500068,0.22862803058268488,1.7352774150733274,1.5066493844906426,0.9736922462352556,0.1402511060715811
OA35PAIR_01329,109096.0,CF3-containing,1.0,0.0,0.0,1.775756037844098,2.1065308538223815,0.9814607917108549,2.1954583653858784,1.2139975736750235,0.818922190277082,2.316356482250925,1.4974342919738428,1.5814703011380264,0.19428573670607152
OA35PAIR_01331,112708.0,aryl-F without CF3/CF2,0.0,0.0,1.0,2.4653828514484184,2.837588438235511,1.3896068270618152,2.6019240063692046,1.2123171793073895,1.2312075528818631,2.746484642655648,1.5152770897737848,1.9991319911713492,0.4662508602770692
OA35PAIR_01337,44953.0,aryl-F without CF3/CF2,0.0,0.0,2.0,0.8085485512404055,1.0681858617461617,0.25280269329530336,1.459944872536061,1.2071421792407577,0.11820707337376646,1.5936199646881752,1.475412891314409,0.8540720608726782,0.045523509632272696
OA35PAIR_01351,120934.0,aryl-F without CF3/CF2,0.0,0.0,1.0,0.6292872453952176,0.0748164406451747,-0.6297220369145239,0.5821221141719175,1.2118441510864413,-0.7786589677914637,0.724279737556183,1.5029387053476468,-0.026675293107014754,0.6559625385022324
OA35PAIR_01353,124666.0,aryl-F without CF3/CF2,0.0,0.0,1.0,1.7924617313469506,2.250907699700856,0.8593305015053705,2.0655444452775003,1.2062139437721298,0.7287351167814298,2.2075539796340906,1.4788188628526608,1.4648343467553488,0.3276273845916018
OA35PAIR_01356,120847.0,aryl-F without CF3/CF2,0.0,0.0,3.0,0.2143138974243995,1.5563025007672873,0.187535157591324,1.3755345277204678,1.1879993701291438,0.04341677500322083,1.525341016435522,1.481924241432301,0.7813276615293219,0.5670137641049224
OA35PAIR_01362,121860.0,aryl-F without CF3/CF2,0.0,0.0,1.0,1.2041199826559248,1.568201724066995,0.2660470735706796,1.4768560636842045,1.210808990113525,0.1373025052733704,1.6132163891280606,1.4759138838546901,0.8757697098913937,0.3283502727645311
OA35PAIR_01363,65886.0,aryl-F without CF3/CF2,0.0,0.0,1.0,0.5453071164658241,1.0334237554869496,0.029104414542188373,1.244996921957751,1.2158925074155627,-0.12898196859019195,1.3835395153009769,1.512521483891169,0.6373524579817804,0.09204534151595634
OA35PAIR_01365,53996.0,CF3-containing,1.0,0.0,0.0,-0.2328441339178195,-0.0457574905606751,-1.0002156414711985,0.20236141266913488,1.2025770541403333,-1.135072875104389,0.34589521021289005,1.480968085317279,-0.39388629545655673,0.16104216153873724
OA35PAIR_01368,120738.0,CF2-containing,0.0,1.0,2.0,1.146128035678238,1.505149978319906,0.4057094054263638,1.6185727361349482,1.2128633307085845,0.24457439281115712,1.7509141443880283,1.506339751576871,0.9986551396567259,0.14747289602151203
OA35PAIR_01369,54771.0,CF3-containing,1.0,0.0,0.0,1.0272272540672551,0.6354837468149122,-0.35499964576469434,0.8468567688119027,1.201856414576597,-0.4935052860467676,0.9753170497207616,1.4688223357675292,0.24368352226436368,0.7835437318028915
OA35PAIR_01372,65939.0,aryl-F without CF3/CF2,0.0,0.0,1.0,2.0224283711854865,1.7323937598229686,0.8017333398472564,1.9976771179881374,1.195943778140881,0.6596733736301665,2.128724793226807,1.4690514195966404,1.395808939146847,0.6266194320386396
OA35PAIR_01375,53445.0,aryl-F without CF3/CF2,0.0,0.0,1.0,1.8463371121298051,1.8573324964312683,0.6705675489611629,1.8808033841553236,1.2102358351941607,0.5229526621100145,2.0389399847002685,1.515987322590254,1.2728520654293705,0.5734850467004347
OA35PAIR_01376,58850.0,CF2-containing,0.0,1.0,0.0,0.9712758487381052,2.040602340114073,0.5657995857040561,1.7697440572389347,1.2039444715348786,0.41301547267569116,1.9230333565904874,1.5100178839147962,1.1661417039388524,0.19486585520074717
OA35PAIR_01377,122511.0,aryl-F without CF3/CF2,0.0,0.0,1.0,1.7145895879692312,2.181614951728961,0.8667577241013866,2.0795477555462063,1.2127900314448197,0.7463043332862882,2.22169249842902,1.4753881651427316,1.4811354028503545,0.23345418511887672
OA35PAIR_01386,54771.0,CF3-containing,1.0,0.0,0.0,1.464385208841898,1.4196253608877432,0.1504484944156418,1.3560885192405814,1.2056400248249397,0.02736519107878921,1.5191303701300571,1.491765179051268,0.7631134325991279,0.7012717762427702
OA35PAIR_01389,114197.0,CF2-containing,0.0,1.0,0.0,0.6479694583629718,0.8887409606828927,-0.030182120256826206,1.178853382520804,1.2090355027776303,-0.16125923455525282,1.3070159363059632,1.468275170861216,0.5797063685910824,0.06826308977188944
OA35PAIR_01392,58837.0,aryl-F without CF3/CF2,0.0,0.0,2.0,-0.2328441339178195,0.3344537511509309,-0.6727715910167253,0.5418604856112619,1.2146320766279872,-0.8190745658702556,0.6733244596821903,1.492399025552446,-0.07084224546527877,0.1620018884525407
OA35PAIR_01393,65507.0,CF3-containing,1.0,0.0,1.0,2.624488362513449,2.597695185925512,1.4865261980817293,2.7113765250267585,1.2248503269450293,1.3444365532320404,2.831331486611938,1.4868949333798975,2.0939718747178073,0.5305164877956416
OA35PAIR_01397,49850.0,aryl-F without CF3/CF2,0.0,0.0,1.0,1.1821292140529984,1.3692158574101427,0.20770055919861852,1.403246450819962,1.1955458916213435,0.07073549185242856,1.5436613510754142,1.4729258592229857,0.8061712572724804,0.375957956780518
OA35PAIR_01401,114173.0,aryl-F without CF3/CF2,0.0,0.0,1.0,1.499549625905149,1.5976951859255124,0.22015576878215892,1.4318167637309742,1.2116609949488153,0.06809942171329053,1.5593551760652318,1.4912557543519411,0.8231163144286266,0.6764333114765224
OA35PAIR_01402,44059.0,aryl-F without CF3/CF2,0.0,0.0,1.0,2.7006431539308857,3.144574207609616,1.6893287287080268,2.912883435628605,1.2235547069205783,1.5603246560798838,3.0543696686873365,1.4940450126074527,2.310001572045388,0.3906415818854976
OA35PAIR_01409,53099.0,CF3-containing,1.0,0.0,0.0,1.2986347831244356,2.141763230275788,0.8563388559678238,2.0806334644245936,1.2242946084567699,0.7208023780740314,2.2125387522294293,1.491736374155398,1.45984204686165,0.1612072637372144
OA35PAIR_01410,61468.0,CF3-containing,1.0,0.0,0.0,1.670245853074124,2.250907699700856,0.8488118691681887,2.066869833773722,1.2180579646055334,0.7397464332748283,2.217297789660189,1.4775513563853608,1.4637976146616956,0.20644823841242843
OA35PAIR_01411,36898.0,CF3-containing,1.0,0.0,0.0,1.4299136977637543,1.4313637641589874,0.13417171260409322,1.3273683927007067,1.1931966800966136,-0.015668896630169016,1.4646258071032707,1.4802947037334397,0.7282752836083886,0.7016384141553658
OA35PAIR_01412,44059.0,aryl-F without CF3/CF2,0.0,0.0,1.0,2.0459094670350093,2.369215857410143,1.0527418532078703,2.266356824281107,1.2136149710732367,0.9068375502725551,2.4013346114665177,1.4944970611939628,1.6536877266276917,0.3922217404073176
OA35PAIR_01421,35229.0,aryl-F without CF3/CF2,0.0,0.0,2.0,-0.0604807473813814,0.255272505103306,-0.6390524276770795,0.5695229320535586,1.2085753597306381,-0.7933083300927428,0.7181487307094534,1.5114570608021962,-0.025587783804761323,0.03489296357662008
OA35PAIR_01432,114197.0,CF3-containing,1.0,1.0,0.0,1.2723058444020865,1.2966651902615312,0.25601332809105637,1.4603410457813524,1.204327717690296,0.1330938444110743,1.6240252337770584,1.4909313893659841,0.8663181255919978,0.40598771881008866
OA35PAIR_01433,39450.0,aryl-F without CF3/CF2,0.0,0.0,2.0,0.5453071164658241,1.7466341989375789,0.3567892923926881,1.5839122732806006,1.2271229808879125,0.22279344697468773,1.72395634039595,1.5011628934212622,0.9752737924613635,0.4299666759955394
OA35PAIR_01437,114197.0,CF3-containing,2.0,1.0,0.0,1.3469394626989906,0.94546858513182,0.061606684527350186,1.262739645401719,1.2011329608743688,-0.07714270284899605,1.3978564697384692,1.4749991725874652,0.6665966566021071,0.6803428060968835
OA35PAIR_01439,74042.0,CF2-containing,0.0,1.0,0.0,1.5440680443502757,1.99563519459755,0.746052271026062,1.950978402831866,1.204926131805804,0.6278561422582234,2.1102660362731696,1.4824098940149462,1.3540639318385015,0.19000411251177418
OA35PAIR_01440,111412.0,CF2-containing,0.0,1.0,0.0,1.8463371121298051,1.625453849850428,0.468365476777302,1.6788281369884424,1.2104626602111404,0.3378067563208276,1.8052116096455597,1.4674048533247321,1.075476978973422,0.7708601331563831
OA35PAIR_01442,110861.0,aryl-F without CF3/CF2,0.0,0.0,1.0,1.5958157626175005,1.8659326681931856,0.7591771638098748,1.9624377662717136,1.2032606024618389,0.6232323710602217,2.1016030278147353,1.4783706567545136,1.363309551088011,0.23250621152948936
OA35PAIR_01445,125935.0,CF3-containing,1.0,0.0,1.0,1.4483971034577676,2.0111473607757975,0.6058245638830086,1.8030053191634896,1.197180755280481,0.45917565201212807,1.9320688612250183,1.4728932092128901,1.201817329040735,0.2465797744170326
OA35PAIR_01448,120785.0,aryl-F without CF3/CF2,0.0,0.0,1.0,-0.0604807473813814,-0.2291479883578558,-1.0534505861333447,0.1465382117730728,1.1999887979064177,-1.1939680435646678,0.29605145858043813,1.490019502145106,-0.453017247424589,0.3925365000432076
OA35PAIR_01450,111412.0,CF2-containing,0.0,1.0,0.0,1.107776484769974,1.662062999387402,0.387846407371659,1.5931849842017907,1.2053385768301317,0.23575187292023525,1.7249456538893078,1.4891937809690725,0.9909704787023561,0.11680600606761793
OA35PAIR_01451,54117.0,CF3-containing,1.0,0.0,0.0,0.3234583668494676,0.1583624920952496,-0.7001341572276865,0.5004364273070433,1.2005705845347299,-0.8362912748772301,0.6450208241816601,1.4813120990588902,-0.09909129507264088,0.42254966192210847
OA35PAIR_01454,35229.0,aryl-F without CF3/CF2,0.0,0.0,1.0,-0.0222763947111522,1.1398790864012365,0.1571289846563806,1.3770569111269062,1.2199279264705256,0.021333474305489708,1.5131379809403844,1.4918045066348946,0.7718680382172189,0.7941444329283711
OA35PAIR_01458,117614.0,CF3-containing,1.0,0.0,0.0,0.7201593034059569,1.1760912590556811,0.2289131741831817,1.4537482332721394,1.2248350590889578,0.10643039324204218,1.599433598206549,1.493003204964507,0.8511450959880363,0.13098579258207943
OA35PAIR_01462,44642.0,aryl-F without CF3/CF2,0.0,0.0,1.0,0.4106085425683679,0.8987251815894935,-0.14957220866433113,1.0584551737525238,1.208027382416855,-0.27889091113018893,1.1931029305051917,1.4719938416353806,0.4522963483053567,0.041687805736988826
OA35PAIR_01467,44059.0,CF3-containing,1.0,0.0,1.0,1.4299136977637543,1.9876662649262744,0.7967269375110826,2.0104485303486257,1.213721592837543,0.655457577566458,2.146888051062062,1.4914304734956039,1.4125064762298671,0.017407221533887185
OA35PAIR_01480,123821.0,aryl-F without CF3/CF2,0.0,0.0,1.0,1.2227164711475833,1.383815365980431,0.30419865447510164,1.5132137085875288,1.2090150541124272,0.1806994937921691,1.6606656830150257,1.4799661892228566,0.913113598861858,0.30960287228572536
OA35PAIR_01484,117215.0,aryl-F without CF3/CF2,0.0,0.0,1.0,-0.3381873144627387,-0.8961962790440431,-1.728269393704238,-0.5228907138545771,1.2053786798496609,-1.8642852206025151,-0.3847305535878228,1.4795546670146922,-1.121641426273754,0.7834541118110152
OA35PAIR_01489,117215.0,aryl-F without CF3/CF2,0.0,0.0,1.0,-0.9546770212133424,-0.7670038896078462,-1.528521734277834,-0.31801497603043605,1.210506758247398,-1.68102660399455,-0.17035558148233232,1.5106710225122177,-0.9241101385278501,0.030566882685492347
OA35PAIR_01490,122085.0,aryl-F without CF3/CF2,0.0,0.0,2.0,1.57978359661681,2.595496221825574,1.1955600529532469,2.4033428821386096,1.2077828291853627,1.048126725012157,2.526453834672814,1.478327109660657,1.7878046558586203,0.20802105924181036
OA35PAIR_01491,58512.0,CF3-containing,1.0,0.0,0.0,1.7924617313469506,1.91803033678488,0.7314602588850891,1.9451260672327901,1.213665808347701,0.5869790322789024,2.0773546789493826,1.4903756466704803,1.332614378053591,0.4598473532933596
OA35PAIR_01498,122085.0,aryl-F without CF3/CF2,0.0,0.0,1.0,1.591064607026499,2.0530784434834195,0.6595264064039077,1.8784179774469547,1.218891571043047,0.5208253964914566,2.0108665840583893,1.4900411875669326,1.2707951231883012,0.32026948383819787
OA35PAIR_01500,121348.0,aryl-F without CF3/CF2,0.0,0.0,1.0,0.9819997141298782,1.3624824747511743,0.17656269620594944,1.37993418870543,1.2033714924994805,0.02731472175823657,1.5155159013087625,1.4882011795505259,0.7740579955310414,0.2079417185988368
OA35PAIR_01501,125369.0,aryl-F without CF3/CF2,0.0,0.0,1.0,1.3222192947339193,1.8388490907372552,0.2984377752141508,1.5090734966861215,1.2106357214719705,0.1681599342021204,1.636913829796939,1.4687538955948187,0.9031752733566971,0.4190440213772222
OA35PAIR_01516,113971.0,aryl-F without CF3/CF2,0.0,0.0,1.0,1.3323209877780626,1.844507839010325,0.5420298899971385,1.7305214447980082,1.1884915548008697,0.3891755994696324,1.8778184934778073,1.4886428940081748,1.1351089650192367,0.19721202275882588
OA35PAIR_01525,124566.0,aryl-F without CF3/CF2,0.0,0.0,1.0,-0.8711162979002267,-1.1112590393171071,-2.020638991868574,-0.7888100641845728,1.231828927684001,-2.1497451156660903,-0.6511622403027544,1.498582875363336,-1.3987080508418668,0.5275917529416401
OA35PAIR_01526,124411.0,aryl-F without CF3/CF2,0.0,0.0,1.0,3.301689622087296,3.724505247609918,2.3075344110347555,3.5210918551820574,1.2135574441473018,2.160717407178959,3.657057178571247,1.4963397713922881,2.9155428097926928,0.38614681229460324
OA35PAIR_01530,110861.0,aryl-F without CF3/CF2,0.0,0.0,1.0,2.117403884416343,2.666892211066536,1.4880670138085896,2.692494743972083,1.2044277301634934,1.3327510464838164,2.8319460524536213,1.499195005969805,2.0909821653218295,0.02642171909451374
OA35PAIR_01531,119055.0,aryl-F without CF3/CF2,0.0,0.0,1.0,1.4771212547196624,1.5440680443502757,0.26600076855785904,1.4754440987237643,1.209443330165905,0.13767486133415985,1.617050522057162,1.4793756607230022,0.8791919093602083,0.5979293453594541
OA35PAIR_01534,123689.0,aryl-F without CF3/CF2,0.0,0.0,1.0,1.9084850188786495,2.4885507165004443,1.1129098708554908,2.3203498586690063,1.2074399878135156,0.9785778337120581,2.4752124839411858,1.4966346502291277,1.7145817760475375,0.19390324283111204
OA35PAIR_01538,109096.0,CF3-containing,2.0,0.0,0.0,1.3692158574101427,1.6532125137753435,0.484225084776686,1.7140891477839748,1.2298640630072888,0.31192875463070235,1.8359349927298982,1.5240062380991959,1.0922337919433633,0.2769820654667794
OA35PAIR_01539,110861.0,CF3-containing,1.0,0.0,1.0,2.2750117377780112,2.230244499401375,1.1254054684444335,2.3523383762198518,1.2269329077754183,0.9909372413079023,2.473638275797796,1.4827010344898937,1.733759340322544,0.5412523974554673
OA35PAIR_01542,109096.0,CF3-containing,1.0,0.0,0.0,2.232538717530599,2.780317312140151,1.4722005635035487,2.694679803000131,1.2224792394965824,1.309500784300302,2.822845751736835,1.5133449674365331,2.082133213673007,0.15040550385759177
OA35PAIR_01543,124666.0,aryl-F without CF3/CF2,0.0,0.0,1.0,1.515343893088381,2.861653870213911,1.2182293659939154,2.447514389209316,1.2292850232154005,1.0819394295578677,2.5765953975756806,1.4946559680178129,1.8362061951656141,0.3208623020772332
OA35PAIR_01550,125936.0,aryl-F without CF3/CF2,0.0,0.0,1.0,0.3692158574101428,1.99563519459755,0.3708005832222654,1.5740296778407006,1.2032290946184352,0.2141120312188649,1.694070172266829,1.479958141047964,0.964604001034054,0.5953881436239112
OA35PAIR_01551,124411.0,aryl-F without CF3/CF2,0.0,0.0,1.0,2.69246795758183,3.423180315104786,1.972232360258285,3.2084303227328808,1.2361979624745958,1.8371538284412288,3.3446073324701624,1.5074535040289336,2.5831365710956318,0.10933138648619822
OA35PAIR_01555,65886.0,aryl-F without CF3/CF2,0.0,0.0,2.0,1.1985196302411678,1.255272505103306,0.11835745538904185,1.3540788638074825,1.2357214084184407,-0.05375865397414592,1.476486765548596,1.530245419522742,0.7325840100497919,0.4659356201913759
OA35PAIR_01560,119817.0,aryl-F without CF3/CF2,0.0,0.0,2.0,1.6570175873403687,3.093491727010932,1.6835952211146124,2.884844208837441,1.2012489877228285,1.5387589889230833,3.017800041729175,1.4790410528060918,2.278196858528846,0.6211792711884774
OA35PAIR_01564,124411.0,CF2-containing,0.0,1.0,0.0,3.311223910432456,3.6213217149035417,2.3643679722116624,3.591129633155129,1.2267616609434664,2.22266283168761,3.7142682038940134,1.4916053722064033,2.9695466000820825,0.34167731035037363
OA35PAIR_01567,53996.0,CF3-containing,1.0,0.0,0.0,-0.2328441339178195,-0.0457574905606751,-1.0398078335624816,0.15618928198845583,1.1959971155509375,-1.1971943998519565,0.2873534910038198,1.4845478908557763,-0.44906284038567723,0.21621870646785774
OA35PAIR_01576,123562.0,aryl-F without CF3/CF2,0.0,0.0,1.0,1.8605775512444156,2.3121773564397787,0.7632352878492342,1.9746137939089339,1.2113785060596998,0.619275250975792,2.1088694064777913,1.4895941555019994,1.3620676231085374,0.49850992813587824
OA35PAIR_01578,65301.0,CF3-containing,1.0,0.0,0.0,4.068185861746161,5.3692158574101425,3.9035857366187114,5.117630365691089,1.2140446290723776,3.757767779443602,5.237146532514825,1.4793787530712232,4.50129122347097,0.4331053617248086
OA35PAIR_01583,123746.0,aryl-F without CF3/CF2,0.0,0.0,1.0,1.0413926851582251,1.3654879848908996,0.10042419446202733,1.3180485803610875,1.21762438589906,-0.038256857475705286,1.4511677852543645,1.4894246427300697,0.7049858285495217,0.3364068566087034
OA35PAIR_01585,121000.0,aryl-F without CF3/CF2,0.0,0.0,2.0,1.488973524726508,1.7805333253164044,0.4279570188294022,1.6324557988649153,1.2044987800355131,0.27644503352850747,1.7601166326412907,1.4836715991127831,1.0219948824907206,0.46697864223578733
OA35PAIR_01586,36898.0,CF3-containing,1.0,0.0,0.0,2.3537431707539356,2.7221401254574156,1.431197449243374,2.646057410131754,1.21485996088838,1.2819348818226177,2.7975821491649637,1.515647267342346,2.0442500558422223,0.3094931149117133
OA35PAIR_01588,110470.0,CF2-containing,0.0,1.0,0.0,0.414973347970818,0.919078092376074,-0.07349869518160546,1.149955905952067,1.2234546011336724,-0.21899260806630055,1.2832888797176976,1.502281487783998,0.5366797123153948,0.12170636434457682
OA35PAIR_01593,44953.0,aryl-F without CF3/CF2,0.0,0.0,1.0,1.2723058444020865,1.4593924877592308,0.47428832520406905,1.686289245502472,1.212000920298403,0.33012739492715637,1.8257588800113917,1.4956314850842354,1.0745160849840136,0.19778975941807286
OA35PAIR_01599,45642.0,aryl-F without CF3/CF2,0.0,0.0,1.0,1.1139433523068367,1.2041199826559248,0.22568105164795704,1.4147351182954542,1.1890540666474971,0.08745553384731819,1.5577551106619816,1.4702995768146634,0.8224824856022928,0.29146086670454396
OA35PAIR_01602,52507.0,CF3-containing,1.0,0.0,0.0,0.7583819417746753,2.0187004986662433,0.7147604516197275,1.9366053426110588,1.2218448909913313,0.5818410038691173,2.073718182245381,1.4918771783762637,1.3278532691929523,0.569471327418277
OA35PAIR_01610,108451.0,aryl-F without CF3/CF2,0.0,0.0,1.0,1.839037873388306,1.7867514221455612,0.3722731558393886,1.6062590081246233,1.2339858522852347,0.22683229857470566,1.7412817731476355,1.5144494745729298,0.981338740387554,0.857699133000752
OA35PAIR_01613,46976.0,CF3-containing,1.0,0.0,1.0,1.2143138974243997,1.1360860973840974,0.32732002545708894,1.5280838457059078,1.200763820248819,0.18381773836361193,1.6530502557107252,1.4692325173471132,0.9243942159361872,0.28991968148821246
OA35PAIR_01614,61468.0,aryl-F without CF3/CF2,0.0,0.0,1.0,1.919444210465237,2.601625479553945,0.9136414839066646,2.1238436619430425,1.2102021780363779,0.7835364493231123,2.2531869414519634,1.4696504921288511,1.5144393530331346,0.40500485743210235
OA35PAIR_01616,65507.0,aryl-F without CF3/CF2,0.0,0.0,1.0,2.2777008762887925,2.666892211066536,1.4439824245042765,2.661695279354349,1.2177128548500724,1.3001507820045535,2.7816309282574894,1.481480146252936,2.0362003399205832,0.24150053636820923
OA35PAIR_01622,65828.0,CF3-containing,1.0,0.0,1.0,2.244277120801843,1.255272505103306,0.14234329866838713,1.390061654008876,1.247718355340489,-0.017952324119006713,1.5025353063046476,1.5204876304236543,0.7619173204561298,1.4823598003457132
OA35PAIR_01628,57127.0,CF3-containing,1.0,0.0,0.0,1.390405156480081,2.413634997198556,1.1556454198079595,2.3718847393268385,1.216239319518879,1.0058549954259786,2.5155902703979534,1.5097352749719748,1.7622404938356173,0.3718353373555363
OA35PAIR_01634,122085.0,aryl-F without CF3/CF2,0.0,0.0,2.0,1.8325089127062364,2.3979400086720375,0.9040455199089863,2.1122405904264783,1.208195070517492,0.7669097794761492,2.2487755999395205,1.4818658204633712,1.5039998224980429,0.3285090902081935
OA35PAIR_01645,124666.0,aryl-F without CF3/CF2,0.0,0.0,1.0,1.5866998016240492,2.8361974807789254,1.2177308431197378,2.4136704747860667,1.1959396316663289,1.074600922017832,2.5476741275488703,1.4730732055310383,1.821394042918299,0.23469424129424987
OA35PAIR_01646,119963.0,CF3-containing,1.0,0.0,0.0,1.036668810300097,2.675063091209669,1.0536334923755133,2.266209924907814,1.2125764325323005,0.913199464820105,2.407875157926293,1.4946756931061882,1.666842117558943,0.630173307258846
OA35PAIR_01650,116462.0,aryl-F without CF3/CF2,0.0,0.0,1.0,0.8217263382430937,1.0937603604182315,0.19025662056349746,1.4009269763313767,1.2106703557678793,0.06752618099102303,1.5507833892250007,1.4832572082339777,0.8046520603501455,0.017074277892948242
OA35PAIR_01653,110470.0,aryl-F without CF3/CF2,0.0,0.0,1.0,1.383815365980431,1.5237464668115646,0.29497198009593684,1.490549809535041,1.1955778294391042,0.13601795112658677,1.6286072477721247,1.492589296645538,0.8913182483846922,0.4924971175957389
OA35PAIR_01654,110861.0,aryl-F without CF3/CF2,0.0,0.0,1.0,2.4747260421801167,2.678518379040114,1.3846837100684524,2.613576343063529,1.2288926329950765,1.2349319800085405,2.751305576248853,1.5163735962403124,1.9978026362376753,0.4769234059424414
OA35PAIR_01659,120934.0,aryl-F without CF3/CF2,0.0,0.0,1.0,0.4145388361968002,0.0406023401140731,-0.666098008944291,0.5424780810662387,1.2085760900105298,-0.8142427190130905,0.6907088351469998,1.5049515541600904,-0.06461910899473892,0.47915794519153915
OA35PAIR_01665,43814.0,CF3-containing,1.0,0.0,1.0,2.542402125822417,2.315970345456918,1.3130035217601017,2.521059697613003,1.2080561758529014,1.1648106656537813,2.6427962538928065,1.4779855882390251,1.9152121400542448,0.6271899857681722
OA35PAIR_01666,122085.0,aryl-F without CF3/CF2,0.0,0.0,1.0,1.3617278360175928,2.496929648073215,0.958104159527511,2.1750013955957206,1.2168972360682095,0.8248015263037201,2.3155001003831455,1.4906985740794254,1.5709251017227202,0.2091972657051273
OA35PAIR_01668,121656.0,aryl-F without CF3/CF2,0.0,0.0,1.0,1.6334684555795864,1.462397997898956,0.15765395771328505,1.36526670432324,1.2076127466099549,0.02498884729690165,1.5081513218413254,1.4831624745444238,0.7654217008267723,0.8680467547528141
OA35PAIR_01670,125935.0,CF2-containing,0.0,1.0,1.0,1.2442771208018428,1.823474229170301,0.29936459466866516,1.5239821850606445,1.2246175903919794,0.16375045950426226,1.6369581510395868,1.4732076915353245,0.9010614168152682,0.34321570398657464
OA35PAIR_01671,65301.0,CF3-containing,1.0,1.0,0.0,5.390405156480081,5.686636269262293,4.123732279595358,5.3787982321588315,1.2550659525634735,3.9837273217300644,5.5088954829697006,1.5251681612396362,4.747896913171403,0.6425082433086775
OA35PAIR_01675,121631.0,aryl-F without CF3/CF2,0.0,0.0,1.0,-0.1122702027119696,0.6151079874431941,-0.3391071319630432,0.868443046444507,1.2075501784075502,-0.47276145655200313,0.9998609190030909,1.472622375555094,0.2703953011946969,0.3826655039066665
OA35PAIR_01676,109096.0,CF3-containing,1.0,0.0,0.0,1.701654317325748,2.2723058444020863,0.9639434937175053,2.1787448463947294,1.2148013526772241,0.8043850268157697,2.306475091656095,1.5020900648403253,1.5704414040760117,0.13121291324973616
OA35PAIR_01678,52714.0,CF3-containing,1.0,0.0,0.0,0.1095785469043867,0.0334237554869497,-0.7833246872392455,0.4442025373966464,1.227527224635892,-0.9331792034181153,0.5816370698683152,1.5148162732864305,-0.17103678918391768,0.28061533608830436
OA35PAIR_01679,39450.0,aryl-F without CF3/CF2,0.0,0.0,1.0,1.2442771208018428,1.6170003411208989,0.24336195481686607,1.458456580232655,1.215094625415789,0.0923160437636733,1.5896867068687741,1.4973706631051007,0.8462512395775119,0.3980258812243309
OA35PAIR_01680,124666.0,aryl-F without CF3/CF2,0.0,0.0,1.0,1.3234583668494675,1.670245853074124,0.213418951744332,1.4100197837749424,1.1966008320306103,0.07686408678674161,1.546876415105845,1.4700123283191033,0.8120701045060306,0.5113882623434369
OA35PAIR_01689,109096.0,CF3-containing,1.0,0.0,0.0,1.824060717418653,2.6549462265843444,1.3936130927117911,2.6365907815756104,1.2429776888638193,1.2232287449070784,2.753333430650415,1.5301046857433365,2.008769994790956,0.18470927737230292
OA35PAIR_01691,58092.0,CF3-containing,1.0,0.0,0.0,2.1326438509730803,2.061452479087193,0.8382516640280107,2.049904772131706,1.2116531081036952,0.6777170861671755,2.175758578779864,1.4980414926126886,1.4387425078152152,0.6939013431578651
OA35PAIR_01695,66601.0,aryl-F without CF3/CF2,0.0,0.0,1.0,1.385606273598312,1.6551384348113822,0.36160578251406883,1.5502623543756453,1.1886565718615765,0.22977002634289878,1.7152789118182585,1.4855088854753598,0.9658807193063443,0.41972555429196756
OA35PAIR_01698,58353.0,aryl-F without CF3/CF2,0.0,0.0,1.0,1.6479694583629718,2.0187004986662433,0.8293067133968848,2.043401141185389,1.2140944277885042,0.6726762162871878,2.167318697176512,1.4946424808893242,1.4191711594176553,0.22879829894531656
OA35PAIR_01699,46450.0,aryl-F without CF3/CF2,0.0,0.0,1.0,0.5733358400660676,0.1583624920952496,-0.7924675104643087,0.4146657737693598,1.2071332842336686,-0.9350527770957198,0.5543583721744559,1.4894111492701758,-0.19015049038066031,0.763486330446728
OA35PAIR_01706,58512.0,CF3-containing,1.0,0.0,0.0,2.2640855141553953,1.8350561017201164,0.6356122292499562,1.8438603289224034,1.2082480996724472,0.49316415012954984,1.9739446220834915,1.4807804719539417,1.2352121403667944,1.0288733737886009
OA35PAIR_01709,109758.0,aryl-F without CF3/CF2,0.0,0.0,1.0,2.185457157401926,2.3308194664958366,1.406945347750407,2.6195255096624517,1.2125801619120447,1.269474834698217,2.7417157512362706,1.4722409165380537,2.003820708669736,0.1816364487321902
OA35PAIR_01710,111412.0,CF2-containing,0.0,1.0,0.0,1.5733358400660675,1.91803033678488,0.6878049536446311,1.9027768500213735,1.2149718963767424,0.5561534835877444,2.046452293046795,1.4902988094590508,1.299120203490687,0.2742156365753805
OA35PAIR_01715,107615.0,aryl-F without CF3/CF2,0.0,0.0,2.0,2.110589710299249,2.3654879848909,0.8529069661945465,2.0624082402195945,1.209501274025048,0.7186146998329836,2.1948976713770803,1.4762829715440966,1.4549364077195748,0.655653302579674
OA35PAIR_01716,107989.0,aryl-F without CF3/CF2,0.0,0.0,1.0,0.9138138523837168,1.3269499941659988,0.18749610031377228,1.4073129256147023,1.21981682530093,0.059676585293524154,1.540589340983133,1.480912755689609,0.8024230846335918,0.11139076775012502
OA35PAIR_01729,110861.0,aryl-F without CF3/CF2,0.0,0.0,1.0,1.0413137153458605,1.2190603324488611,0.2727484035857901,1.4826023675141293,1.2098539639283392,0.14162832435685724,1.608956753849515,1.4673284294926578,0.8745050956788594,0.1668086196670011
OA35PAIR_01731,120738.0,CF2-containing,0.0,1.0,2.0,0.9542425094393248,1.1760912590556811,0.36511009183324017,1.5746601711900126,1.2095500793567724,0.23003183542031413,1.7106092587166564,1.4805774232963422,0.9668216351479803,0.012579125708655492
OA35PAIR_01733,125655.0,aryl-F without CF3/CF2,0.0,0.0,1.0,1.8316138553090988,1.4593924877592308,0.360244200327713,1.5661258854136006,1.2058816850858878,0.23406166909190063,1.7120884122746003,1.4780267431826997,0.9666567897921535,0.8649570655169453
OA35PAIR_01742,65828.0,CF3-containing,1.0,0.0,0.0,1.1095785469043866,1.4593924877592308,0.1728137912858072,1.3797652602517259,1.2069514689659187,0.02768022510056012,1.51361110581307,1.4859308807125098,0.7692689140044431,0.34030963289994354
OA35PAIR_01745,124666.0,aryl-F without CF3/CF2,0.0,0.0,1.0,1.7494270991217489,2.219060332448861,0.8104901908639968,2.023852300896924,1.2133621100329273,0.6862359324071376,2.1587121228469206,1.472476190439783,1.4166578176344538,0.3327692814872951
OA35PAIR_01752,120738.0,CF2-containing,0.0,1.0,2.0,1.0791812460476249,1.3979400086720375,0.3601092184630239,1.5676589335449564,1.2075497150819325,0.20408116275862875,1.7103644314129394,1.5062832686543106,0.9506368257330562,0.1285444203145687
OA35PAIR_01754,111412.0,other alkyl-F/nonfluorinated,0.0,0.0,0.0,1.390405156480081,1.6170003411208989,0.29208046808601484,1.4959390564440302,1.2038585883580155,0.16083335738804883,1.625849992776424,1.4650166353883751,0.8961736771118407,0.4942314793682403
OA35PAIR_01764,121318.0,CF3-containing,1.0,0.0,0.0,1.3323209877780626,1.595725507232448,0.20305373182248976,1.4201243261460004,1.2170705943235105,0.06980961365449079,1.5641577978455103,1.4943481841910196,0.8160353599299288,0.5162856278481338
OA35PAIR_01768,44059.0,CF3-containing,1.0,0.0,1.0,1.515343893088381,1.510545010206612,0.35093799539488,1.5590291524827466,1.2080911570878667,0.21430284673459798,1.6890676302402419,1.4747647835056439,0.9535987261785787,0.5617451669098023
OA35PAIR_01772,110861.0,CF3-containing,1.0,0.0,1.0,1.6122539060964374,2.017200343523835,0.9662917983283406,2.1857734787230223,1.2194816803946817,0.8251249957324953,2.304404525723049,1.4792795299905537,1.5684914560338943,0.04376245006254309
OA35PAIR_01773,124869.0,aryl-F without CF3/CF2,0.0,0.0,1.0,1.2143138974243997,2.0187004986662433,0.6156641959544333,1.8282993027516572,1.2126351067972239,0.4848545845397103,1.9705996411568147,1.4857450566171044,1.2250815580546222,0.010767660630222498
OA35PAIR_01776,54771.0,CF3-containing,1.0,0.0,0.0,0.6122539060964373,1.3590762260592628,0.17356831925079907,1.377968737228739,1.20440041797794,0.0481506156791458,1.512691175437129,1.4645405597579833,0.7788915219827629,0.16663761588632564
OA35PAIR_01783,120738.0,CF2-containing,0.0,1.0,2.0,0.9542425094393248,1.0,0.13765075478611766,1.3379638199581065,1.2003130651719889,-0.013132339507308521,1.482770961662366,1.4959033011696747,0.7298767264913455,0.22436578294797926
OA35PAIR_01784,54003.0,aryl-F without CF3/CF2,0.0,0.0,1.0,-0.0287241512618947,0.1003705451175628,-0.7390033603943467,0.4682941974466721,1.2072975578410188,-0.8928049982257901,0.5942945127997221,1.4870995110255123,-0.14234763228889213,0.11362348102699743
OA35PAIR_01793,66605.0,aryl-F without CF3/CF2,0.0,0.0,1.0,1.187520720836463,1.7759743311293692,0.5355517769803693,1.7409066491897307,1.2053548722093614,0.4026276057826992,1.888790370110651,1.4861627643279518,1.139567107786388,0.04795361305007506
OA35PAIR_01800,65939.0,aryl-F without CF3/CF2,0.0,0.0,1.0,2.3559875916763877,1.9084850188786495,0.8828678539048898,2.0902364609830486,1.2073686070781589,0.733373987196108,2.219165581554659,1.485791594358551,1.4745750562467999,0.8814125354295879
OA35PAIR_01808,65828.0,CF3-containing,1.0,0.0,0.0,2.3778160291720605,1.9454685851318196,0.642413784067355,1.9598480142196801,1.3174342301523252,0.5069057276775196,2.0764372326118545,1.5695315049343348,1.3052479707525533,1.0725680584195072
OA35PAIR_01811,124666.0,aryl-F without CF3/CF2,0.0,0.0,1.0,1.894260664446988,2.6444385894678386,1.1969425505322415,2.4114469979305126,1.2145044473982711,1.0697005130863533,2.552008797282775,1.482308284196422,1.8073321074098214,0.08692855703716651
OA35PAIR_01817,121656.0,aryl-F without CF3/CF2,0.0,0.0,1.0,1.2479732663618066,1.4593924877592308,0.16697940127060018,1.3719322683837227,1.2049528671131227,0.03101332415579383,1.5088973357299127,1.477884011574119,0.7707255101301286,0.47724775623167803
OA35PAIR_01819,58512.0,CF3-containing,1.0,0.0,0.0,2.036668810300097,1.9795483747040952,0.8318781867441638,2.0470666239366135,1.2151884371924497,0.7085338334856006,2.183242422566006,1.4747085890804055,1.442528126779043,0.5941406835210539
OA35PAIR_01821,51249.0,CF2-containing,0.0,1.0,0.0,1.9872639541222352,1.91803033678488,0.8372460566339133,2.0490103513832425,1.2117642947493292,0.6923653847415598,2.1826381260615326,1.4902727413199728,1.432219715798844,0.5550442383233911
OA35PAIR_01829,65828.0,CF3-containing,1.0,0.0,1.0,2.3234583668494677,1.7024305364455252,0.33100038007690047,1.5535265315212792,1.2225261514443786,0.19107221968775334,1.690409106364099,1.4993368866763457,0.9375245671399257,1.385933799709542
OA35PAIR_01833,123052.0,aryl-F without CF3/CF2,0.0,0.0,1.0,0.3692158574101428,0.5563025007672873,-0.45603053687763545,0.7470436718302649,1.2030742087079003,-0.5825968935279826,0.8853385575136696,1.4679354510416522,0.14734672946200425,0.22186912794813854
OA35PAIR_01838,124869.0,aryl-F without CF3/CF2,0.0,0.0,2.0,1.499549625905149,1.7323937598229686,0.3995842585636411,1.6130928334003596,1.2135085748367185,0.27449995236174907,1.7398621155899794,1.4653621632282303,1.0071661697994205,0.49238345610572853
OA35PAIR_01839,65822.0,aryl-F without CF3/CF2,0.0,0.0,1.0,2.0638210563437114,2.545307116465824,1.3915636672554155,2.6247376432696203,1.2331739760142049,1.2581662898869272,2.7432771630276926,1.4851108731407654,2.013251310602352,0.050569745741359196
OA35PAIR_01844,120934.0,aryl-F without CF3/CF2,0.0,0.0,1.0,0.5553242372233481,0.1795517911651877,-0.5889991965978019,0.615764755027097,1.204763951624899,-0.730173260121477,0.7478144930709567,1.4779877531924337,0.006555142559088356,0.5487690946642597
OA35PAIR_01845,122807.0,CF2-containing,0.0,1.0,1.0,2.1795517911651876,2.1997551772534747,1.2600543911237354,2.4668663835054527,1.2068119923817173,1.1159856248295714,2.5902303569496956,1.4742447321201242,1.859931972187304,0.3196198189778836
OA35PAIR_01849,117565.0,CF3-containing,1.0,0.0,0.0,1.2723058444020865,1.4313637641589874,0.17256023572017898,1.3736030700123631,1.2010428342921842,0.029460775522857308,1.522540000889303,1.4930792253664458,0.7675640326899538,0.5047418117121327
OA35PAIR_01852,123562.0,aryl-F without CF3/CF2,0.0,0.0,1.0,1.5996647787884168,2.100370545117563,0.5851951204644672,1.7992344372136222,1.214039316749155,0.44124510347296075,1.924200108967858,1.4829550054948972,1.1827564454850044,0.4169083333034125
OA35PAIR_01854,53996.0,aryl-F without CF3/CF2,0.0,0.0,1.0,-0.2328441339178195,-0.0457574905606751,-1.0104363761166486,0.18336652376142237,1.193802899878071,-1.1543042954174123,0.32814302090476566,1.4824473163221779,-0.40914453449020305,0.17630040057238355
OA35PAIR_01858,61468.0,CF3-containing,1.0,0.0,0.0,1.4483971034577676,1.6170003411208989,0.2444340408038238,1.4500268283669744,1.2055927875631505,0.11357983229761015,1.587540006399597,1.473960174101987,0.845979796989133,0.6024173064686347
OA35PAIR_01866,125935.0,CF3-containing,1.0,0.0,1.0,1.1095785469043866,1.6532125137753435,0.21994118533138718,1.4320847439420308,1.2121435586106437,0.08530116178361036,1.564575640211664,1.4792744784280536,0.824123002321777,0.2854555445826096
OA35PAIR_01868,54771.0,CF3-containing,1.0,0.0,0.0,1.4184338800803244,1.3234583668494675,0.21323675464513792,1.424461680802953,1.2112249261578152,0.08213934902004705,1.5563840811401715,1.4742447321201244,0.8228794825128226,0.5955543975675018
OA35PAIR_01870,119263.0,CF3-containing,1.0,0.0,0.0,0.8005796215691302,1.675228253593064,0.25163966750177824,1.4523635406106763,1.200723873108898,0.11492925283715227,1.5894873630686501,1.4745581102314977,0.8498154992072141,0.0492358776380839
OA35PAIR_01874,58244.0,CF3-containing,1.0,0.0,0.0,0.9132839017604184,1.534026106056135,0.21230146168054376,1.4164130300057365,1.2041115683251928,0.08417599552473598,1.554620998860556,1.4704450033358198,0.8105784815801705,0.10270542018024786
OA35PAIR_01876,121906.0,aryl-F without CF3/CF2,0.0,0.0,1.0,1.4653828514484182,2.24551266781415,0.883153895600922,2.087429442470588,1.204275546869666,0.7367369819856595,2.2131723225513884,1.476435340565729,1.4744913600390557,0.009108508590637499
OA35PAIR_01877,110861.0,CF3-containing,1.0,0.0,1.0,1.3282572497312364,1.7698202577635922,0.7200816241856638,1.9248102112517882,1.2047285870661244,0.5633395942760999,2.037245553889055,1.4739059596129551,1.3152683129698368,0.012988936761399561
OA35PAIR_01882,124666.0,aryl-F without CF3/CF2,0.0,0.0,1.0,1.691435152144062,2.5774917998372255,1.2734069375981063,2.4942968998486954,1.220889962250589,1.1361781717829267,2.6100368349858387,1.473858663202912,1.8839504213513039,0.19251526920724182
OA35PAIR_01887,61468.0,CF3-containing,1.0,0.0,0.0,1.499549625905149,1.48572142648158,0.13071120952102822,1.3407658796305952,1.210054670109567,0.0035040406085425913,1.4761097882723773,1.4726057476638346,0.7429738629898354,0.7565757629153137
OA35PAIR_01890,65828.0,CF3-containing,1.0,1.0,0.0,1.824060717418653,1.7323937598229686,0.46742957535249796,1.7692089964214246,1.3017794210689266,0.28417248910252113,1.8894883521108228,1.6053158630083018,1.112389501934309,0.7116712154843439
OA35PAIR_01891,120738.0,aryl-F without CF3/CF2,0.0,0.0,2.0,1.1760912590556811,1.568201724066995,0.5424265460750444,1.755595216949366,1.2131686708743217,0.39955927883969466,1.8694920519846472,1.4699327731449525,1.1400878433245722,0.03600341573110888
OA35PAIR_01893,65822.0,CF3-containing,1.0,0.0,0.0,1.3469394626989906,1.9795483747040952,0.8816044003885217,2.09558232213098,1.2139779217424582,0.7392965728893198,2.2186753600657436,1.4793787871764237,1.4791673111296801,0.13222784843068958
OA35PAIR_01896,123699.0,CF3-containing,1.0,0.0,0.0,1.2041199826559248,1.7481880270062005,0.5402360679365441,1.7343270669760773,1.1940909990395332,0.4009642216235665,1.8708006390894352,1.4698364174658687,1.1400003771412424,0.06411960551468243
OA35PAIR_01904,106299.0,CF3-containing,1.0,0.0,0.0,2.52837798283534,2.759789629723924,1.5648246208269956,2.768448832254532,1.2036242114275366,1.4182106320285734,2.8977898727883558,1.4795792407597823,2.1670131216209576,0.3613648612143825
OA35PAIR_01905,53996.0,CF3-containing,1.0,0.0,0.0,-0.2328441339178195,-0.0457574905606751,-0.9931661204567562,0.1984505225558416,1.1916166430125978,-1.1347880801178016,0.33481987992022255,1.469607960038024,-0.39421713233127464,0.16137299841345515
OA35PAIR_01908,123929.0,other alkyl-F/nonfluorinated,0.0,0.0,0.0,0.92551835817743,1.8887409606828929,0.878619756096729,2.1024869985397743,1.2238672424430452,0.7336371671497016,2.2406157099650943,1.5069785428153928,1.4848127633340549,0.5592944051566249
OA35PAIR_01928,65507.0,CF3-containing,1.0,0.0,0.0,2.3258644366153463,2.2595938788859486,1.161937955031218,2.399033501760937,1.2370955467297189,1.0210188532692548,2.539197181842579,1.5181783285733241,1.7638997159721774,0.5619647206431688
OA35PAIR_01929,124540.0,CF3-containing,1.0,0.0,0.0,2.2265483538414115,1.9876662649262744,1.041680196606054,2.2479649321508286,1.2062847355447746,0.906654874140004,2.382285731773074,1.4756308576330701,1.6410501342114685,0.585498219629943
OA35PAIR_01931,124882.0,CF3-containing,1.0,0.0,0.0,1.0334237554869496,1.7867514221455612,0.45271902319144885,1.6545903652925193,1.2018713421010705,0.30194440204564643,1.7818519769763441,1.4799075749306976,1.047194362777019,0.013770607290069403
OA35PAIR_01932,107616.0,aryl-F without CF3/CF2,0.0,0.0,2.0,1.825426117767823,2.1360860973840974,0.9100254243695356,2.1265852146218656,1.21655979025233,0.7565251643328379,2.255980786624291,1.4994556222914532,1.5079632987681617,0.31746281899966133
OA35PAIR_01933,109096.0,CF3-containing,2.0,0.0,0.0,1.670245853074124,1.7024305364455252,0.5782029523104707,1.8019105381226308,1.2237075858121602,0.4132529177772648,1.9292268372552177,1.515973919477953,1.1790097067341363,0.4912361463399877
OA35PAIR_01939,60604.0,aryl-F without CF3/CF2,0.0,0.0,1.0,0.7671558660821804,1.3692158574101427,0.20194058466093223,1.4178265003758135,1.2158859157148814,0.06516371713360514,1.541385164961244,1.4762214478276388,0.8032832519941433,0.03612738591196285
OA35PAIR_01941,54021.0,aryl-F without CF3/CF2,0.0,0.0,1.0,-0.1536628878701947,0.8115750058705934,-0.26367939972486126,0.9537837049009726,1.217463104625834,-0.3988305498562515,1.0838303112112215,1.482660861067473,0.33620047343203574,0.4898633613022304
OA35PAIR_01947,124666.0,aryl-F without CF3/CF2,0.0,0.0,1.0,2.097569639431371,2.810366953681626,1.4865249564077783,2.731949306474273,1.2454243500664945,1.3556960915712841,2.8608711067216186,1.5051750151503345,2.1193242511107617,0.021754611679390745
OA35PAIR_01957,124666.0,aryl-F without CF3/CF2,0.0,0.0,1.0,1.2143138974243997,2.611298362296429,0.9634439697983757,2.198366803049765,1.2349228332513893,0.828528660244088,2.3487797640981594,1.5202511038540714,1.5921468627602278,0.3778329653358281
OA35PAIR_01958,53996.0,CF3-containing,1.0,0.0,0.0,-0.2328441339178195,-0.0457574905606751,-0.9805678594344878,0.22761397517210769,1.2081818346065956,-1.122181515806604,0.3605167379498275,1.4826982537564315,-0.37870987396441114,0.14586574004659164
OA35PAIR_01959,65828.0,CF3-containing,1.0,0.0,0.0,1.4831592097169797,1.6170003411208989,0.3284736569283617,1.5521714443774624,1.2236977874491006,0.16750966987299232,1.6755192291321725,1.5080095592591802,0.9357354474399122,0.5474237622770675
OA35PAIR_01961,120934.0,aryl-F without CF3/CF2,0.0,0.0,1.0,-0.099305225547602,0.1126050015345745,-0.6031751354689098,0.6084096166498413,1.211584752118751,-0.7496737240351058,0.7493480811002283,1.4990218051353341,0.005444113481772314,0.10474933902937432
OA35PAIR_01970,121631.0,aryl-F without CF3/CF2,0.0,0.0,1.0,-0.4546928835341759,0.527114111639805,-0.4460735977154348,0.7682700696054532,1.214343667320888,-0.6027970548383534,0.8967559012782598,1.4995529561166132,0.15296976610187998,0.6076626496360559
OA35PAIR_01971,117565.0,aryl-F without CF3/CF2,0.0,0.0,1.0,2.4299136977637548,2.9628426812012423,1.5921304171747215,2.794834822715942,1.2027044055412204,1.4581656992201597,2.931828338488771,1.4736626392686114,2.1980746506970243,0.23183904706673042
OA35PAIR_01977,107506.0,aryl-F without CF3/CF2,0.0,0.0,1.0,0.9030899869919436,1.5185139398778875,0.25348354827106045,1.4624831191123757,1.2089995708413153,0.11777075435047468,1.6135858407647403,1.4958150864142656,0.8652055012163096,0.03788448577563408
OA35PAIR_01986,57865.0,aryl-F without CF3/CF2,0.0,0.0,1.0,1.2442771208018428,1.6866362692622934,0.5142469215827221,1.719461277716751,1.205214356134029,0.37459005410626545,1.8783393700876716,1.5037493159814062,1.1199536082285382,0.12432351257330465
OA35PAIR_01991,122546.0,CF3-containing,1.0,0.0,0.0,1.3306369514765912,1.4831592097169797,0.3967126178691074,1.6512848591691656,1.2545722413000582,0.2459442818336326,1.7583312566988187,1.5123869748651861,1.010267776460999,0.32036917501559214
OA35PAIR_01995,50787.0,aryl-F without CF3/CF2,0.0,0.0,2.0,1.7213983755215052,5.033423755486949,3.6943363058606287,4.951174346474325,1.256838040613696,3.5555633557889657,5.073171547140619,1.5176081913516537,4.311201477952667,2.589803102431162
OA35PAIR_01996,49850.0,aryl-F without CF3/CF2,0.0,0.0,1.0,1.0681858617461617,1.100370545117563,0.08505995143275702,1.28320545362105,1.198145502188293,-0.052749850021694744,1.4160724857458344,1.4688223357675292,0.6819387114894735,0.3862471502566882
OA35PAIR_01997,120934.0,aryl-F without CF3/CF2,0.0,0.0,1.0,2.1719895827021185,0.1473671077937864,-0.5608663539096861,0.6443158364862844,1.2051821903959705,-0.7175697178844745,0.7923082359353402,1.5098779538198146,0.03903536559695829,2.1329542171051603
OA35PAIR_02004,54771.0,CF3-containing,1.0,0.0,0.0,1.2174049744015416,1.529430354366986,0.26160036894732963,1.46150526620593,1.1999048972586004,0.11743613012509291,1.6030228225197058,1.4855866923946128,0.8614259283219772,0.35597904607956443
OA35PAIR_02006,119055.0,aryl-F without CF3/CF2,0.0,0.0,3.0,1.6812412373755872,2.2624510897304293,1.007568104499309,2.209044469914749,1.20147636541544,0.8650637634993852,2.3431899063531505,1.4781261428537653,1.6120873691144708,0.06915386826111636
OA35PAIR_02009,116449.0,CF3-containing,1.0,0.0,0.0,1.7494270991217489,1.8785217955012063,0.5355136961713067,1.73367469346024,1.1981609972889333,0.3898757645048745,1.879325430716586,1.4894496662117116,1.1260036780873732,0.6234234210343756
OA35PAIR_02011,109096.0,CF3-containing,2.0,0.0,0.0,1.3469394626989906,1.954242509439325,0.7226234890482286,1.9654240916822474,1.2428006026340188,0.5586000245458695,2.0817873661342206,1.523187341588351,1.3340806889442656,0.012858773754724995
OA35PAIR_02013,120738.0,CF2-containing,0.0,1.0,2.0,1.0413926851582251,1.414973347970818,0.30538405229060517,1.5099281860244607,1.2045441337338554,0.15949700687647694,1.6473443366617566,1.4878473297852797,0.9022627959622183,0.13912988919600688
OA35PAIR_02017,39450.0,aryl-F without CF3/CF2,0.0,0.0,1.0,0.3692158574101428,1.6354837468149122,0.2707530186793784,1.4867340950474328,1.2159810763680543,0.1256918624757275,1.6217381013583936,1.496046238882666,0.8792711574158817,0.5100553000057388
OA35PAIR_02020,122085.0,aryl-F without CF3/CF2,0.0,0.0,1.0,1.1139433523068367,1.6812412373755872,0.26288881709377054,1.4635462373399672,1.2006574202461966,0.12210934640631688,1.5988499960970404,1.4767406496907234,0.8653392172436899,0.24860413506314682
OA35PAIR_02023,54021.0,aryl-F without CF3/CF2,0.0,0.0,1.0,-0.0287241512618947,1.0034605321095065,-0.05418583154914425,1.155596276952429,1.2097821085015732,-0.20533877452908844,1.2834514528647816,1.48879022739387,0.5419086120294002,0.5706327632912949
OA35PAIR_02029,122511.0,aryl-F without CF3/CF2,0.0,0.0,1.0,1.8101249394753605,2.3282572497312364,1.0228179685896537,2.2308855091789246,1.208067540589271,0.8801690499689014,2.3671466199736857,1.4869775700047843,1.6230599697764574,0.18706496969890307
OA35PAIR_02035,44953.0,aryl-F without CF3/CF2,0.0,0.0,1.0,0.7924617313469506,1.0261245167454502,0.20311952886462625,1.42695214721987,1.2238326183552437,0.05598470181458515,1.5566211584471392,1.500636456632554,0.8139858783929237,0.021524147045973052
OA35PAIR_02045,65939.0,aryl-F without CF3/CF2,0.0,0.0,1.0,1.775756037844098,1.4313637641589874,0.4053768401445831,1.602911740580834,1.197534900436251,0.2672302001607276,1.7365264706636117,1.469296270502884,1.0015826129133945,0.7741734249307035
OA35PAIR_02050,124540.0,CF3-containing,1.0,0.0,0.0,1.824060717418653,2.0034605321095063,1.0595305227777636,2.2505748530304444,1.1910443302526807,0.9013822130857176,2.3870357181716106,1.485653505085893,1.6476801614592322,0.1763805559594207
OA35PAIR_02051,118560.0,aryl-F without CF3/CF2,0.0,0.0,2.0,1.1821292140529984,2.693023067923694,1.4444985776740844,2.662195041800809,1.2176964641267247,1.2908157053587077,2.8041189108026625,1.5133032054439548,2.048170982195357,0.8660417681423584
OA35PAIR_02056,119055.0,aryl-F without CF3/CF2,0.0,0.0,3.0,2.546542663478131,2.574031267727719,1.1394604843938445,2.3571724736232187,1.2177119892293742,1.0087568362993247,2.483001568419449,1.4742447321201244,1.7520207748967547,0.7945218885813765
OA35PAIR_02057,121656.0,aryl-F without CF3/CF2,0.0,0.0,1.0,2.383815365980431,2.9912260756924947,1.3426740785995386,2.5720780200708266,1.229403941471288,1.1952227304382366,2.712811336076563,1.5175886056383263,1.9623319684418934,0.4214833975385377
OA35PAIR_02059,124411.0,aryl-F without CF3/CF2,0.0,0.0,1.0,3.333946778463772,3.766353350642425,2.2785712624127674,3.5038303154431993,1.225259053030432,2.142696278780601,3.647318458025953,1.5046221792453518,2.8937449301736984,0.4402018482900738
OA35PAIR_02065,123689.0,aryl-F without CF3/CF2,0.0,0.0,1.0,2.907948521612272,3.5658478186735176,2.185833512203188,3.3938364735729145,1.2080029613697265,2.051022700041488,3.544583536583036,1.493560836541548,2.793309205029935,0.11463931658233673
OA35PAIR_02068,122511.0,aryl-F without CF3/CF2,0.0,0.0,1.0,1.7791489807414371,2.663682083571736,1.1487062575821976,2.3618717893510834,1.2131655317688859,1.0194530510742936,2.5141090190921065,1.4946559680178129,1.7710558612156402,0.008093119525796943
OA35PAIR_02072,122511.0,aryl-F without CF3/CF2,0.0,0.0,1.0,1.6525170861136924,2.3964085952240453,1.025389336426076,2.2359538709599853,1.2105645345339093,0.9003649508875413,2.3834778435561406,1.4831128926685992,1.640492971313759,0.012024114799933372
OA35PAIR_02074,106299.0,CF3-containing,1.0,0.0,0.0,2.889043851185862,3.040602340114073,1.7502808495427504,2.970455080495113,1.2201742309523627,1.6184376334024795,3.115618071464986,1.4971804380625064,2.3732529282713513,0.5157909229145106
OA35PAIR_02077,63001.0,CF3-containing,1.0,0.0,1.0,1.8864907251724816,2.285557309007774,0.8520534931638262,2.0655112757010357,1.2134577825372095,0.7273376712430129,2.2057083279975265,1.4783706567545136,1.4650175995313386,0.42147312564114303
OA35PAIR_02086,65828.0,CF3-containing,1.0,0.0,1.0,1.691435152144062,1.8115750058705933,0.43076719502283733,1.6534466433862187,1.2226794483633814,0.2698856662255328,1.790402387543295,1.5205167213177622,1.035453770404334,0.655981381739728
OA35PAIR_02094,123944.0,CF3-containing,1.0,0.0,1.0,3.971275848738105,0.7160033436347992,-0.3843668487699231,0.8388625928193316,1.2232294415892548,-0.5279681751978962,0.9764821721036173,1.5044503473015136,0.22207480862753365,3.7492010401105715
OA35PAIR_02108,109096.0,CF3-containing,2.0,0.0,1.0,1.7671558660821804,1.9365137424788936,0.7962107400447822,2.0271181462425503,1.230907406197768,0.6412501756633733,2.14642761916013,1.5051774434967566,1.4074369436958645,0.359718922386316
OA35PAIR_02110,65822.0,aryl-F without CF3/CF2,0.0,0.0,1.0,1.824060717418653,2.763128376799137,1.361402478816929,2.580424610006697,1.219022131189768,1.2247366225666974,2.722759020333454,1.4980223977667566,1.9698377783053167,0.14577706088666376
OA35PAIR_02114,58978.0,aryl-F without CF3/CF2,0.0,0.0,1.0,1.4299136977637543,1.534026106056135,0.2912099452376796,1.5117856470286044,1.2205757017909247,0.14204428873919428,1.649967154792542,1.507922866053348,0.9084992885194634,0.5214144092442909
OA35PAIR_02116,110861.0,aryl-F without CF3/CF2,0.0,0.0,1.0,1.9793434704861383,2.3380578754197563,1.2638640702403938,2.486314959285009,1.222450889044615,1.126968685191191,2.6061071856897677,1.4791385004985766,1.869496857462994,0.10984661302314436
OA35PAIR_02118,65828.0,CF3-containing,1.0,0.0,0.0,2.2986347831244354,2.204662511748219,1.0363362999141672,2.262896114489849,1.226559814575682,0.8891332574212585,2.405190721200046,1.5160574637787876,1.645893955040797,0.6527408280836384
OA35PAIR_02132,65828.0,CF3-containing,1.0,0.0,1.0,2.2986347831244354,1.4593924877592308,0.2096339196991328,1.44537631499943,1.2357423953002973,0.0404733622043838,1.5543005199509117,1.5138271577465279,0.8171013748129419,1.4815334083114935
OA35PAIR_02146,54771.0,CF3-containing,1.0,0.0,0.0,0.680969718465897,0.94546858513182,-0.02089900355546015,1.1766299750958633,1.1975289786513235,-0.16859058022838846,1.3033098744944835,1.471900454722872,0.5729551627014982,0.10801455576439889
OA35PAIR_02148,65301.0,CF3-containing,1.0,0.0,0.0,4.670245853074124,5.431363764158987,3.810131668863727,5.011240116356366,1.2011084474926395,3.6491889348867455,5.140160078356297,1.4909711434695518,4.400013049930118,0.27023280314400555
OA35PAIR_02155,125783.0,CF3-containing,1.0,0.0,0.0,1.1139433523068367,1.57978359661681,0.27263170991013885,1.4809416618908398,1.2083099519807008,0.13335447334177586,1.611312353672754,1.4779578803309783,0.8834726883220076,0.23047066398482907
OA35PAIR_02158,110861.0,CF3-containing,1.0,0.0,1.0,1.5609462507729992,1.934700401715425,0.7126150613426909,1.922310371472094,1.209695310129403,0.5774690854836084,2.045437474402462,1.4679683889188535,1.3129090883487806,0.24803716242421858
OA35PAIR_02161,120738.0,CF2-containing,0.0,1.0,0.0,1.0,1.230448921378274,0.3318254850820692,1.5440091349330882,1.212183649851019,0.18733082820163505,1.6943463406558426,1.5070155124542075,0.9367260693720441,0.06327393062795594
OA35PAIR_02172,74402.0,aryl-F without CF3/CF2,0.0,0.0,1.0,0.919078092376074,2.0086001717619175,0.5088377963653239,1.7290561261334823,1.2202183297681584,0.3713825856863814,1.8533196796874587,1.4819370940010774,1.1131545103282914,0.19407641795221742
OA35PAIR_02175,44953.0,aryl-F without CF3/CF2,0.0,0.0,2.0,0.9132839017604184,1.0261245167454502,0.25680376665030247,1.4611118359766795,1.204308069326377,0.1129339507416317,1.5949021291035566,1.481968178361925,0.8530457452065067,0.06023815655391174
OA35PAIR_02177,61468.0,CF3-containing,1.0,0.0,0.0,1.499549625905149,1.8115750058705933,0.4195999074420962,1.6263618345083786,1.2067619270662824,0.2957714283670849,1.7687013744158306,1.4729299460487457,1.0316572428039887,0.4678923831011603
OA35PAIR_02187,120738.0,aryl-F without CF3/CF2,0.0,0.0,2.0,1.0,1.462397997898956,0.3922176785604454,1.6024852821711602,1.2102676036107147,0.24292779723584745,1.7381963751820189,1.4952685779461714,0.9943534716829883,0.005646528317011734
OA35PAIR_02190,117565.0,CF3-containing,1.0,0.0,0.0,1.1821292140529984,1.534026106056135,0.22240188152549067,1.4259724215319143,1.2035705400064236,0.08768731235729565,1.5777483026482746,1.490060990290979,0.8208295871232849,0.3612996269297135
OA35PAIR_02191,120738.0,CF2-containing,0.0,1.0,2.0,0.7781512503836436,1.0,0.023417264033820828,1.2329684145092124,1.2095511504753915,-0.10905159225376326,1.3651596160788997,1.474211208332663,0.625597555004883,0.15255369537876062
OA35PAIR_02192,110470.0,CF2-containing,0.0,1.0,0.0,2.4742162640762553,3.4680517914542377,1.9021472763294167,3.1327519409861235,1.2306046646567068,1.7470165344260176,3.2516650672391414,1.5046485328131238,2.514931366325693,0.04071510224943786
OA35PAIR_02194,121318.0,aryl-F without CF3/CF2,0.0,0.0,1.0,1.0413926851582251,1.591064607026499,0.10065884453028684,1.3095643123567724,1.2089054678264857,-0.03378841604097793,1.4443109602159616,1.4780993762569397,0.7054307469243686,0.33596193823385656
OA35PAIR_02195,44953.0,aryl-F without CF3/CF2,0.0,0.0,1.0,1.5305838596451178,1.100370545117563,0.3444041427414535,1.563468395363243,1.2190642526217894,0.20515175662993612,1.7019881602531521,1.496836403623216,0.9557373682157543,0.5748464914293635
OA35PAIR_02204,114532.0,aryl-F without CF3/CF2,0.0,0.0,1.0,1.8877297972880305,2.5317343092765503,0.8897639562667725,2.1103090361525902,1.2205450798858177,0.7383039383669909,2.223581710629631,1.48527777226264,1.4917001340816056,0.39602966320642485
OA35PAIR_02206,122972.0,CF3-containing,1.0,0.0,1.0,1.545307116465824,1.954242509439325,0.7001872381549292,1.8974532269374185,1.1972659887824892,0.5471391906276486,2.0513110812844433,1.5041718906567947,1.3011322759633068,0.24417484050251725
OA35PAIR_02207,44059.0,aryl-F without CF3/CF2,0.0,0.0,1.0,2.031973689091717,2.1583624920952498,0.8458164765899887,2.055514151758268,1.209697675168279,0.7126388711384397,2.1965471099859233,1.4839082388474836,1.448990460647137,0.5829832284445797
OA35PAIR_02209,121948.0,aryl-F without CF3/CF2,0.0,0.0,2.0,1.2325387175305988,1.7576996250877388,0.39972326996724983,1.6365272873651229,1.2368040173978732,0.2620564186634219,1.7544843956160197,1.4924279769525977,1.0135248780192303,0.21901383951136855
OA35PAIR_02213,120934.0,aryl-F without CF3/CF2,0.0,0.0,1.0,0.1363717234923232,-0.00436480540245,-0.7060314846700577,0.4981043641668474,1.2041358488369052,-0.8600213525262974,0.6406750094073259,1.5006963619336233,-0.10344588624407766,0.23981760973640087
OA35PAIR_02216,52012.0,aryl-F without CF3/CF2,0.0,0.0,1.0,1.0224283711854865,1.100370545117563,0.09573028309476683,1.3021473233857523,1.2064170402909855,-0.03450371081185377,1.4390039547166549,1.4735076655285086,0.6932487089863199,0.3291796621991666
OA35PAIR_02221,109096.0,CF3-containing,2.0,0.0,0.0,1.4299136977637543,1.9628426812012425,0.8350233875171904,2.048398364708479,1.2133749771912887,0.6750375672677372,2.181537536398843,1.5064999691311058,1.4423855416464786,0.012471843882724265
OA35PAIR_02224,116462.0,aryl-F without CF3/CF2,0.0,0.0,1.0,0.505149978319906,1.1139433523068367,0.19001916014709685,1.4208748646689964,1.2308557045218995,0.07979026728468108,1.562313067306396,1.482522800021715,0.8143632765801397,0.3092132982602337
OA35PAIR_02225,124666.0,aryl-F without CF3/CF2,0.0,0.0,1.0,1.2723058444020865,2.585686278452497,1.1827129732117436,2.4005186169768287,1.217805643765085,1.049373039780537,2.5440856659922075,1.4947126262116706,1.7997676926146682,0.5274618482125817
OA35PAIR_02233,65507.0,aryl-F without CF3/CF2,0.0,0.0,1.0,2.3423437110098417,2.5224442335063197,1.4679172921659192,2.669977998521748,1.202060706355829,1.331297354759133,2.8019546787773026,1.4706573240181697,2.062393103290136,0.2799506077197056
OA35PAIR_02234,53996.0,CF3-containing,1.0,0.0,1.0,-0.2328441339178195,-0.0457574905606751,-1.0380300629966155,0.1758744351223802,1.2139044981189957,-1.1758048227003806,0.31362942500960156,1.489434247709982,-0.4213835921705285,0.188539458252709
OA35PAIR_02236,65822.0,CF3-containing,1.0,0.0,0.0,1.4831592097169797,2.3197304943302246,1.2015578109143887,2.404277864813979,1.2027200538995904,1.0652466169052148,2.544213424509354,1.4789668076041391,1.8035055567605958,0.3203463470436161
OA35PAIR_02240,119055.0,aryl-F without CF3/CF2,0.0,0.0,2.0,1.8260748027008264,1.8750612633917,0.6658956183817228,1.8596962811088302,1.1938006627271074,0.5328102163600841,2.0071102358373762,1.4743000194772922,1.266059611102382,0.5600151915984444
OA35PAIR_02245,121631.0,CF3-containing,1.0,0.0,0.0,-0.092965047516583,1.0858611737884505,0.09985806361454186,1.3124358635745073,1.2125777999599654,-0.04639848969832361,1.4464277906279646,1.4928262803262882,0.7024884679168528,0.7954535154334358
OA35PAIR_02248,57127.0,CF3-containing,1.0,0.0,0.0,1.1473671077937864,2.2846562827885157,1.0161940104465204,2.2184623042845444,1.202268293838024,0.8666893489502416,2.346307321528494,1.4796179725782523,1.6169395854540052,0.4695724776602188
OA35PAIR_02254,65301.0,CF3-containing,1.0,0.0,1.0,5.068185861746161,5.617000341120899,3.960128967423156,5.172195758926636,1.2120667915034797,3.799756899028578,5.298463589370336,1.4987066903417574,4.55560807987719,0.5125777818689716
OA35PAIR_02263,119097.0,aryl-F without CF3/CF2,0.0,0.0,1.0,2.585381759696136,2.8175653695597807,1.5846110096948924,2.795396545749819,1.2107855360549264,1.454986591087946,2.9275877473195058,1.4726011562315597,2.194659648707509,0.39072211098862697
OA35PAIR_02265,121619.0,aryl-F without CF3/CF2,0.0,0.0,1.0,1.6097651056927424,2.0780941504064105,0.8922459757346148,2.1140419211630936,1.2217959454284788,0.748364797854446,2.235303329663696,1.4869385318092498,1.4974959551788563,0.1122691505138862
OA35PAIR_02274,117433.0,CF2-containing,0.0,1.0,0.0,1.2143138974243997,1.670245853074124,0.28095010377350016,1.4857574117586956,1.2048073079851953,0.15003704860087408,1.640469377782052,1.490432329181178,0.8896738783052381,0.3246400191191615
OA35PAIR_02275,121328.0,CF3-containing,1.0,0.0,0.0,0.6134929782119857,1.143451999021631,0.2592271249618969,1.4712251301192496,1.2119980051573527,0.11689125516254384,1.6068303705863256,1.4899391154237818,0.8632838404739536,0.2497908622619679
OA35PAIR_02276,65507.0,aryl-F without CF3/CF2,0.0,0.0,1.0,2.602211967802297,2.5691397254724593,1.3794385397093163,2.587174625364687,1.2077360856553705,1.2402643310647428,2.7061961225468134,1.4659317914820706,1.9719059941633303,0.6303059736389667
OA35PAIR_02280,65301.0,CF3-containing,1.0,0.0,1.0,4.853515696756928,5.199755177253475,3.679393562358374,4.889102514738633,1.2097089523802596,3.5286796061701615,5.025718314410282,1.4970387082401206,4.273986065188884,0.579529631568044
OA35PAIR_02284,51249.0,aryl-F without CF3/CF2,0.0,0.0,1.0,2.1787755720454105,1.48572142648158,0.32107524801816023,1.516230250420647,1.1951550024024868,0.1778171713535378,1.6620478951815731,1.4842307238280354,0.9129779777393869,1.2657975943060236
OA35PAIR_02285,110470.0,CF2-containing,0.0,1.0,0.0,1.4393326938302626,3.0354297381845483,1.5444188964712497,2.755774496555867,1.211355600084617,1.4170424417164957,2.883984613551929,1.4669421718354334,2.1558898573218412,0.7165571634915786
OA35PAIR_02288,120738.0,aryl-F without CF3/CF2,0.0,0.0,2.0,1.2787536009528289,1.6434526764861874,0.6076327549917142,1.8317292119978295,1.2240964570061152,0.4491576468704852,1.9559915097077338,1.5068338628372486,1.2064457081894802,0.0723078927633487
OA35PAIR_02289,124666.0,aryl-F without CF3/CF2,0.0,0.0,1.0,1.919444210465237,2.8441042306975133,1.5245317559341773,2.727312137602321,1.2027803816681437,1.3914856592537372,2.853097475816165,1.461611816562428,2.1273562136133135,0.20791200314807656
OA35PAIR_02292,120738.0,CF2-containing,0.0,1.0,2.0,0.7781512503836436,1.0,0.08542324393593903,1.2950875154550674,1.2096642715191284,-0.05972267124212305,1.4388077134516761,1.4985303846937992,0.6889143398768273,0.08923691050681637
OA35PAIR_02297,122085.0,aryl-F without CF3/CF2,0.0,0.0,1.0,1.146128035678238,1.8195439355418688,0.39927096436828224,1.6003241601898044,1.201053195821522,0.27465130583549113,1.733895018196475,1.4592437123609838,1.0000298768031572,0.1460981588750807
OA35PAIR_02301,65828.0,CF3-containing,1.0,0.0,0.0,2.0681858617461617,1.7024305364455252,0.3211424247144583,1.5538137800568599,1.2326713553424016,0.15965070578919005,1.6654669390650163,1.5058162332758263,0.9315049406306253,1.1366809211155364
OA35PAIR_02302,122511.0,aryl-F without CF3/CF2,0.0,0.0,1.0,1.6316669471405725,2.501771085899107,1.0079494903103905,2.2002438283037162,1.1922943379933257,0.871092858979488,2.3359169658931607,1.4648241069136727,1.6051403869169811,0.026526560223591344
OA35PAIR_02304,116462.0,aryl-F without CF3/CF2,0.0,0.0,1.0,0.8692317197309762,1.2041199826559248,0.2065006524702796,1.41911303354043,1.2126123810701506,0.08807446622409998,1.555714591371677,1.467640125147577,0.8234977893137007,0.04573393041727558
OA35PAIR_02313,65507.0,aryl-F without CF3/CF2,0.0,0.0,1.0,2.8612774619227417,2.611298362296429,1.3663922072973789,2.5833019132227633,1.2169097059253844,1.222235577682221,2.6994931370679303,1.4772575593857094,1.9671318965257552,0.8941455653969865
OA35PAIR_02328,54771.0,CF3-containing,1.0,0.0,0.0,0.2723058444020864,0.6532125137753437,-0.3003191515939695,0.9083337633507205,1.20865291494469,-0.43742864585440777,1.0351725103771523,1.4726011562315602,0.29500011540879434,0.022694271006707956
OA35PAIR_02329,36898.0,CF3-containing,1.0,0.0,0.0,0.7671558660821804,1.717670503002262,0.2799927549188831,1.4973314080326963,1.217338653113813,0.14071270069364217,1.6295901374952746,1.4888774368016324,0.8804566924556602,0.11330082637347971
OA35PAIR_02330,39211.0,aryl-F without CF3/CF2,0.0,0.0,1.0,1.545307116465824,1.7323937598229686,0.47765970412729875,1.7143490423232728,1.236689338195974,0.3399840656074593,1.8626567006065802,1.5226726349991209,1.1126119895428244,0.4326951269229997
OA35PAIR_02336,65939.0,aryl-F without CF3/CF2,0.0,0.0,1.0,2.1887597929520113,1.717670503002262,0.7735672471885586,1.9769741049370835,1.2034068577485248,0.6344180205980414,2.1142265144856927,1.4798084938876512,1.3663291145409808,0.8224306784110305
OA35PAIR_02339,124666.0,aryl-F without CF3/CF2,0.0,0.0,1.0,0.9132839017604184,2.204662511748219,0.7786281150224668,1.9854797967184923,1.2068516816960255,0.6348090556696033,2.1111331566023663,1.476324100932763,1.3849651807580006,0.47168127899758217
OA35PAIR_02340,65939.0,aryl-F without CF3/CF2,0.0,0.0,1.0,2.076786033508079,1.255272505103306,0.3876432617239485,1.582833455360298,1.1951901936363496,0.23902671402694908,1.7151212012701826,1.4760944872432336,0.9821062589116613,1.0946797745964179
OA35PAIR_02359,109096.0,CF3-containing,2.0,0.0,0.0,1.3469394626989906,1.577491799837225,0.4039787548587741,1.632360591862242,1.2283818370034678,0.2386534907317649,1.7540852629822743,1.5154317722505093,1.015415679253048,0.3315237834459426
OA35PAIR_02361,47715.0,CF3-containing,1.0,0.0,0.0,0.7583819417746753,1.3159703454569178,0.07011376087233379,1.283157850639098,1.2130440897667643,-0.0480366838367311,1.4269385266193293,1.4749752104560603,0.6891835338023337,0.06919840797234167
OA35PAIR_02365,114173.0,aryl-F without CF3/CF2,0.0,0.0,2.0,1.7402837196818792,1.5976951859255124,0.23775081892555616,1.4472921026002667,1.2095412836747106,0.09588929046616068,1.5685615932810015,1.472672302814841,0.8403586631632238,0.8999250565186554
OA35PAIR_02373,123547.0,CF3-containing,1.0,0.0,0.0,2.0175758683910745,-0.9829666607012196,-1.9285805244900498,-0.7218578586196578,1.206722665870392,-2.0697649722590983,-0.5889671511820063,1.480797821077092,-1.3299910532111618,3.3475669216022363
OA35PAIR_02377,110470.0,aryl-F without CF3/CF2,0.0,0.0,1.0,1.4927603890268375,1.8221680793680175,0.46944127583710094,1.6838925710634653,1.2144512952263644,0.3143999197760461,1.814431482958106,1.50003156318206,1.0754446482368576,0.4173157407899799
OA35PAIR_02380,65507.0,aryl-F without CF3/CF2,0.0,0.0,2.0,3.0324454919430104,2.5247854493212225,1.3795713217190506,2.589271551692275,1.2097002299732245,1.2360324408758219,2.7295301722774177,1.4934977314015958,1.9748647094597906,1.0575807824832197
