species,assay_id,document_id,document_doi,document_title,base_connectivity_key,fluorinated_connectivity_key,base_smiles,fluorinated_smiles,transformation,n_f_added,fluorinated_center_atom_index,formula_delta_ok,formula_delta_atomic_numbers,base_log10_clint,fluorinated_log10_clint,delta_log10_clint_f_minus_base,improved_after_fluorination,base_record_count,fluorinated_record_count,base_replicate_range_log10,fluorinated_replicate_range_log10,pair_max_replicate_range_log10,base_source_standard_types,fluorinated_source_standard_types,base_source_standard_units,fluorinated_source_standard_units,base_source_scaled_units,fluorinated_source_scaled_units,source_endpoint_type_match,source_unit_match,base_has_non_equality_record_in_assay,fluorinated_has_non_equality_record_in_assay,has_traceable_publication,overlap_any_previous_dataset,primary_quality_eligible,selected_primary_observation,manual_review_status,manual_review_note
HLM,2072215,119235,10.1016/j.bmcl.2020.127418,"Discovery, synthesis and characterization of a series of 7-aryl-imidazo[1,2-a]pyridine-3-ylquinolines as activin-like kinase (ALK) inhibitors.",AGMGRCAUAZCHPG,RUBWYYYEDDAWLB,Cc1cc(-c2cnc3cc(-c4ccc(N5CCNCC5)cc4)ccn23)c2cc(F)ccc2n1,Cc1cc(-c2cnc3cc(-c4ccc(N5CCNCC5)cc4)ccn23)c2cc(F)cc(F)c2n1,Ar-H_to_Ar-F,1,30,1,"{""1"": -1, ""9"": 1}",1.089905111439398,-0.08618614761628333,-1.1760912590556813,1,1,1,0.0,0.0,0.0,CL,CL,mL.min-1.kg-1,mL.min-1.kg-1,,,1,1,0,0,1,0,1,1,pending,Verify the parent/fluorinated identity and assay-table values in the cited source.
HLM,2209831,123283,10.1016/j.bmc.2022.116729,Identification and optimisation of a pyrimidopyridone series of IRAK4 inhibitors.,AIAGZIFHIUIDFP,VLBKXXINBKRPTA,CN1CCC(n2cc(Nc3nc(NC4(C)CC4)c4c(=O)n(C)ccc4n3)cn2)CC1,CN1CCC(n2cc(Nc3nc(NC4(C)CC4)c4c(=O)n(C(F)F)ccc4n3)cn2)CC1,CH2_to_CF2,2,21,1,"{""1"": -2, ""9"": 2}",-1.6020599913279623,-1.5086383061657274,0.09342168516223492,0,1,1,0.0,0.0,0.0,CL,CL,mL.min-1.kg-1,mL.min-1.kg-1,,,1,1,0,0,1,0,1,1,pending,Verify the parent/fluorinated identity and assay-table values in the cited source.
HLM,1866293,112059,10.1021/acs.jmedchem.9b00662,"Discovery of Clinical Candidate (1R,4r)-4-((R)-2-((S)-6-Fluoro-5H-imidazo[5,1-a]isoindol-5-yl)-1-hydroxyethyl)cyclohexan-1-ol (Navoximod), a Potent and Selective Inhibitor of Indoleamine 2,3-Dioxygenase 1.",AKOIXTSNUPHRQM,FPKRCRNJVIHTNG,OC(CC1c2c(F)cccc2-c2cncn21)C1CCCCC1,OC(CC1c2c(F)cccc2-c2cncn21)C1CCC(F)(F)CC1,CH2_to_CF2,2,19,1,"{""1"": -2, ""9"": 2}",1.2766915288450398,1.1838390370564211,-0.09285249178861865,1,1,1,0.0,0.0,0.0,CL,CL,mL.min-1.kg-1,mL.min-1.kg-1,,,1,1,0,0,1,0,1,1,pending,Verify the parent/fluorinated identity and assay-table values in the cited source.
HLM,863880,65939,10.1021/jm3005866,"The discovery and optimization of a novel class of potent, selective, and orally bioavailable anaplastic lymphoma kinase (ALK) inhibitors with potential utility for the treatment of cancer.",ALPULXUSXBUSRV,DNFWLFJBLMKJGK,CC(C)NC(=O)[C@H]1CC[C@@H](n2c(NC(=O)c3cccc(Cl)c3)nc3ccc(CN4CCC(C(C)(C)O)CC4)cc32)CC1,CC(C)NC(=O)[C@H]1CC[C@@H](n2c(NC(=O)c3ccc(F)c(Cl)c3)nc3ccc(CN4CCC(C(C)(C)O)CC4)cc32)CC1,Ar-H_to_Ar-F,1,18,1,"{""1"": -1, ""9"": 1}",1.960280464436642,1.9872639541222354,0.026983489685593387,0,1,1,0.0,0.0,0.0,CL,CL,mL.min-1.g-1,mL.min-1.g-1,mL.min-1.kg-1,mL.min-1.kg-1,1,1,0,0,1,0,1,1,pending,Verify the parent/fluorinated identity and assay-table values in the cited source.
HLM,863880,65939,10.1021/jm3005866,"The discovery and optimization of a novel class of potent, selective, and orally bioavailable anaplastic lymphoma kinase (ALK) inhibitors with potential utility for the treatment of cancer.",ALPULXUSXBUSRV,IOVQGAQSMHUKLX,CC(C)NC(=O)[C@H]1CC[C@@H](n2c(NC(=O)c3cccc(Cl)c3)nc3ccc(CN4CCC(C(C)(C)O)CC4)cc32)CC1,CC(C)NC(=O)[C@H]1CC[C@@H](n2c(NC(=O)c3cc(F)cc(Cl)c3)nc3ccc(CN4CCC(C(C)(C)O)CC4)cc32)CC1,Ar-H_to_Ar-F,1,17,1,"{""1"": -1, ""9"": 1}",1.960280464436642,1.9872639541222354,0.026983489685593387,0,1,1,0.0,0.0,0.0,CL,CL,mL.min-1.g-1,mL.min-1.g-1,mL.min-1.kg-1,mL.min-1.kg-1,1,1,0,0,1,0,1,1,pending,Verify the parent/fluorinated identity and assay-table values in the cited source.
HLM,2104609,120208,10.1016/j.bmcl.2021.128133,Identification of aryl sulfonamides as novel and potent inhibitors of Na<sub>V</sub>1.5.,ALYSSPGOUMAGSF,UTGXEGKPWGOXLL,O=S(=O)(Nc1cccc(F)n1)c1cc(F)c(O[C@H]2CCN(CC(F)(F)F)C[C@@H]2c2ccc(F)c(F)c2)c(F)c1,O=S(=O)(Nc1cccc(F)n1)c1cc(F)c(O[C@H]2CCN(CC(F)(F)F)C[C@@H]2c2ccc(F)c(F)c2)c(F)c1F,Ar-H_to_Ar-F,1,38,1,"{""1"": -1, ""9"": 1}",1.146128035678238,1.146128035678238,0.0,0,3,1,0.06214790674884463,0.0,0.06214790674884463,CL,CL,mL.min-1.kg-1,mL.min-1.kg-1,,,1,1,0,0,1,0,1,1,pending,Verify the parent/fluorinated identity and assay-table values in the cited source.
HLM,763656,58666,10.1021/jm2006035,"Design and discovery of a selective small molecule κ opioid antagonist (2-methyl-N-((2'-(pyrrolidin-1-ylsulfonyl)biphenyl-4-yl)methyl)propan-1-amine, PF-4455242).",AMGGGGVJXRPRNC,PWVCJYSDCBYYKT,O=S(=O)(c1ccccc1-c1ccc(CNC2CCOCC2)cc1)N1CCCC1,O=S(=O)(c1ccccc1-c1ccc(CNC2CCOCC2)cc1)N1CCC(F)(F)C1,CH2_to_CF2,2,26,1,"{""1"": -2, ""9"": 2}",1.3096301674258988,1.1271047983648077,-0.18252536906109107,1,1,1,0.0,0.0,0.0,CL,CL,mL.min-1.kg-1,mL.min-1.kg-1,,,1,1,0,0,1,0,1,1,pending,Verify the parent/fluorinated identity and assay-table values in the cited source.
HLM,2072215,119235,10.1016/j.bmcl.2020.127418,"Discovery, synthesis and characterization of a series of 7-aryl-imidazo[1,2-a]pyridine-3-ylquinolines as activin-like kinase (ALK) inhibitors.",AQSMGLCCQDFZHZ,UBTPOMHEYRBEHT,Cc1cc(-c2cnc3cc(-c4ccc(C5CNCCN5)cc4)ccn23)c2cc(F)ccc2n1,Cc1cc(-c2cnc3cc(-c4ccc(C5CNCCN5)cc4)ccn23)c2cc(F)cc(F)c2n1,Ar-H_to_Ar-F,1,30,1,"{""1"": -1, ""9"": 1}",1.515873843711679,1.6693168805661123,0.15344303685443328,0,1,1,0.0,0.0,0.0,CL,CL,mL.min-1.kg-1,mL.min-1.kg-1,,,1,1,0,0,1,0,1,1,pending,Verify the parent/fluorinated identity and assay-table values in the cited source.
HLM,536398,44644,10.1016/j.bmcl.2008.09.026,3-(Imidazolyl methyl)-3-aza-bicyclo[3.1.0]hexan-6-yl)methyl ethers: a novel series of mGluR2 positive allosteric modulators.,ARALLKJJFONPRY,COZAYWMOVJHAOV,Cn1c(CN2C[C@@H]3C(COc4ccc(Cl)cc4)[C@@H]3C2)nc2ccccc21,Cn1c(CN2C[C@@H]3C(COc4ccc(Cl)cc4F)[C@@H]3C2)nc2ccccc21,Ar-H_to_Ar-F,1,16,1,"{""1"": -1, ""9"": 1}",0.8195439355418687,0.8388490907372553,0.01930515519538667,0,1,1,0.0,0.0,0.0,CL,CL,mL.min-1.kg-1,mL.min-1.kg-1,,,1,1,0,0,1,0,1,1,pending,Verify the parent/fluorinated identity and assay-table values in the cited source.
HLM,885316,67061,10.1016/j.bmcl.2012.10.078,Discovery of selective biaryl ethers as PDE10A inhibitors: improvement in potency and mitigation of Pgp-mediated efflux.,ARBDZNDJQUKKDD,DXWVYUAWMGHOEQ,CC(C)(O)C1CCN(c2nccnc2Oc2ccc(Nc3nc4ccccc4s3)cc2)CC1,CC(O)(C1CCN(c2nccnc2Oc2ccc(Nc3nc4ccccc4s3)cc2)CC1)C(F)(F)F,CH3_to_CF3,3,32,1,"{""1"": -3, ""9"": 3}",4.92551835817743,4.323458366849468,-0.6020599913279625,1,1,1,0.0,0.0,0.0,CL,CL,mL.min-1.g-1,mL.min-1.g-1,mL.min-1.kg-1,mL.min-1.kg-1,1,1,0,0,1,0,1,1,pending,Verify the parent/fluorinated identity and assay-table values in the cited source.
HLM,2104609,120208,10.1016/j.bmcl.2021.128133,Identification of aryl sulfonamides as novel and potent inhibitors of Na<sub>V</sub>1.5.,AUEWXTDRFSZXFQ,VBLCBSQHABJKEB,O=S(=O)(Nc1cccc(F)n1)c1cc(F)c(O[C@H]2CCN(CC(F)(F)F)C[C@@H]2c2ccc(F)cc2)cc1F,O=S(=O)(Nc1cccc(F)n1)c1cc(F)c(O[C@H]2CCN(CC(F)(F)F)C[C@@H]2c2ccc(F)cc2F)cc1F,Ar-H_to_Ar-F,1,34,1,"{""1"": -1, ""9"": 1}",1.0413926851582251,1.1139433523068367,0.07255066714861158,0,1,1,0.0,0.0,0.0,CL,CL,mL.min-1.kg-1,mL.min-1.kg-1,,,1,1,0,0,1,0,1,1,pending,Verify the parent/fluorinated identity and assay-table values in the cited source.
HLM,2104609,120208,10.1016/j.bmcl.2021.128133,Identification of aryl sulfonamides as novel and potent inhibitors of Na<sub>V</sub>1.5.,AUEWXTDRFSZXFQ,ZBLYTMOPDJSMFJ,O=S(=O)(Nc1cccc(F)n1)c1cc(F)c(O[C@H]2CCN(CC(F)(F)F)C[C@@H]2c2ccc(F)cc2)cc1F,O=S(=O)(Nc1cccc(F)n1)c1cc(F)c(O[C@H]2CCN(CC(F)(F)F)C[C@@H]2c2ccc(F)c(F)c2)cc1F,Ar-H_to_Ar-F,1,33,1,"{""1"": -1, ""9"": 1}",1.0413926851582251,0.8750612633917001,-0.16633142176652504,1,1,3,0.0,0.10914446942506806,0.10914446942506806,CL,CL,mL.min-1.kg-1,mL.min-1.kg-1,,,1,1,0,0,1,0,1,1,pending,Verify the parent/fluorinated identity and assay-table values in the cited source.
HLM,1823920,110814,10.1021/acs.jmedchem.9b01429,Chagas Disease Drug Discovery: Multiparametric Lead Optimization against Trypanosoma cruzi in Acylaminobenzothiazole Series.,AUWFNRLZSDSEDU,VPURVZUDBXBHDF,O=C(Nc1nc2ccc(C(F)(F)F)cc2s1)C1CC1,O=C(Nc1nc2cc(F)c(C(F)(F)F)cc2s1)C1CC1,Ar-H_to_Ar-F,1,7,1,"{""1"": -1, ""9"": 1}",0.04131371534586026,-0.31903028153410284,-0.3603439968799631,1,1,1,0.0,0.0,0.0,CL,CL,mL.min-1.g-1,mL.min-1.g-1,mL.min-1.kg-1,mL.min-1.kg-1,1,1,0,0,1,0,1,1,pending,Verify the parent/fluorinated identity and assay-table values in the cited source.
HLM,388720,31600,10.1016/j.bmcl.2006.05.075,Substituted chromones and quinolones as potent melanin-concentrating hormone receptor 1 antagonists.,AXVWTTUGPPVVFI,WSQVGZGGLQLIDC,CN(C)C1CCN(c2ccc(-c3coc4cc(Oc5ccccc5)ccc4c3=O)cn2)C1,CN(C)C1CCN(c2ccc(-c3coc4cc(Oc5ccc(F)cc5)ccc4c3=O)cn2)C1,Ar-H_to_Ar-F,1,21,1,"{""1"": -1, ""9"": 1}",1.4913616938342726,0.47712125471966244,-1.0142404391146103,1,1,1,0.0,0.0,0.0,CL,CL,mL.min-1.kg-1,mL.min-1.kg-1,,,1,1,0,0,1,0,1,1,pending,Verify the parent/fluorinated identity and assay-table values in the cited source.
HLM,810398,61433,10.1016/j.bmcl.2011.10.033,"Discovery, optimisation and in vivo evaluation of novel GPR119 agonists.",AZRVSANIIWCDJQ,HURJLSALROQLKR,CN(C(=O)Cc1ccc(-n2cnnn2)cc1)C1CCN(Cc2ccc(C(F)(F)F)cc2)CC1,CN(C(=O)Cc1ccc(-n2cnnn2)cc1)C1CCN(Cc2ccc(C(F)(F)F)c(F)c2)CC1,Ar-H_to_Ar-F,1,29,1,"{""1"": -1, ""9"": 1}",0.9132839017604184,1.2143138974243997,0.30102999566398125,0,1,1,0.0,0.0,0.0,CL,CL,mL.min-1.g-1,mL.min-1.g-1,mL.min-1.kg-1,mL.min-1.kg-1,1,1,0,0,1,0,1,1,pending,Verify the parent/fluorinated identity and assay-table values in the cited source.
HLM,2149058,121597,10.1021/acs.jmedchem.1c00417,Propionamide Derivatives as Dual μ-Opioid Receptor Agonists and σ<sub>1</sub> Receptor Antagonists for the Treatment of Pain.,AZZWEVRFJNKFMF,SYHLJLZHXZVWRS,CCOCCN1CCN(C2(CN(C(=O)CC)c3cccc(C(F)(F)F)n3)CCOCC2)CC1,CCC(=O)N(CC1(N2CCN(CCOCC(F)(F)F)CC2)CCOCC1)c1cccc(C(F)(F)F)n1,CH3_to_CF3,3,15,1,"{""1"": -3, ""9"": 3}",1.4695864025277057,1.83310884639605,0.3635224438683444,0,1,1,0.0,0.0,0.0,CL,CL,mL.min-1.g-1,mL.min-1.g-1,mL.min-1.kg-1,mL.min-1.kg-1,1,1,0,0,1,0,1,1,pending,Verify the parent/fluorinated identity and assay-table values in the cited source.
HLM,2025560,117665,10.1016/j.bmcl.2020.127744,Discovery and optimization of substituted oxalamides as novel heme-displacing IDO1 inhibitors.,BBNKZBRNGRLKCM,FBRYWFZUOHTANK,O=C(Nc1ccc(Cl)cc1)C(=O)N1CCC(c2ccnc3ccc(F)cc23)CC1,O=C(Nc1ccc(Cl)cc1F)C(=O)N1CCC(c2ccnc3ccc(F)cc23)CC1,Ar-H_to_Ar-F,1,9,1,"{""1"": -1, ""9"": 1}",1.0224283711854865,1.0681858617461617,0.04575749056067524,0,1,1,0.0,0.0,0.0,CL,CL,mL.min-1.g-1,mL.min-1.g-1,mL.min-1.kg-1,mL.min-1.kg-1,1,1,0,0,1,0,1,1,pending,Verify the parent/fluorinated identity and assay-table values in the cited source.
HLM,2025560,117665,10.1016/j.bmcl.2020.127744,Discovery and optimization of substituted oxalamides as novel heme-displacing IDO1 inhibitors.,BBNKZBRNGRLKCM,HIGHKLARIHEXST,O=C(Nc1ccc(Cl)cc1)C(=O)N1CCC(c2ccnc3ccc(F)cc23)CC1,O=C(Nc1ccc(Cl)cc1)C(=O)N1CCC(c2ccnc3ccc(F)cc23)C(F)(F)C1,CH2_to_CF2,2,27,1,"{""1"": -2, ""9"": 2}",1.0224283711854865,1.13264385097308,0.1102154797875936,0,1,1,0.0,0.0,0.0,CL,CL,mL.min-1.g-1,mL.min-1.g-1,mL.min-1.kg-1,mL.min-1.kg-1,1,1,0,0,1,0,1,1,pending,Verify the parent/fluorinated identity and assay-table values in the cited source.
HLM,1866293,112059,10.1021/acs.jmedchem.9b00662,"Discovery of Clinical Candidate (1R,4r)-4-((R)-2-((S)-6-Fluoro-5H-imidazo[5,1-a]isoindol-5-yl)-1-hydroxyethyl)cyclohexan-1-ol (Navoximod), a Potent and Selective Inhibitor of Indoleamine 2,3-Dioxygenase 1.",BBYFCKZHLMMOBN,FPKRCRNJVIHTNG,OC(CC1c2ccccc2-c2cncn21)C1CCC(F)(F)CC1,OC(CC1c2c(F)cccc2-c2cncn21)C1CCC(F)(F)CC1,Ar-H_to_Ar-F,1,5,1,"{""1"": -1, ""9"": 1}",1.1643528557844371,1.1838390370564211,0.019486181271983982,0,1,1,0.0,0.0,0.0,CL,CL,mL.min-1.kg-1,mL.min-1.kg-1,,,1,1,0,0,1,0,1,1,pending,Verify the parent/fluorinated identity and assay-table values in the cited source.
HLM,461634,38225,10.1016/j.bmcl.2007.10.109,Development of CXCR3 antagonists. Part 3: Tropenyl and homotropenyl-piperidine urea derivatives.,BGASECYWIDYDAE,CDGXEEULJKFSAV,CC(=O)N1C2C=C(CN3CCC(NC(=O)Nc4cccc(OC(C)C)c4)CC3)CC1CCC2,CC(=O)N1C2C=C(CN3CCC(NC(=O)Nc4cc(F)cc(OC(C)C)c4)CC3)CC1CCC2,Ar-H_to_Ar-F,1,18,1,"{""1"": -1, ""9"": 1}",1.4106085425683679,1.7671558660821804,0.3565473235138126,0,1,1,0.0,0.0,0.0,CL,CL,mL.min-1.g-1,mL.min-1.g-1,mL.min-1.kg-1,mL.min-1.kg-1,1,1,0,0,1,0,1,1,pending,Verify the parent/fluorinated identity and assay-table values in the cited source.
HLM,2217294,123562,10.1021/acs.jmedchem.2c00791,Discovery of Novel Quinoline-Based Proteasome Inhibitors for Human African Trypanosomiasis (HAT).,BGWLGNRSSMAHHB,LQHOLRQMPQPNAX,Cc1cc2c(Nc3ccccc3)cc(C(=O)NC3CC3)nc2cn1,Cc1cc2c(Nc3ccccc3F)cc(C(=O)NC3CC3)nc2cn1,Ar-H_to_Ar-F,1,11,1,"{""1"": -1, ""9"": 1}",1.8085485512404054,1.4661258704181992,-0.34242268082220617,1,1,1,0.0,0.0,0.0,CL,CL,mL.min-1.g-1,mL.min-1.g-1,mL.min-1.kg-1,mL.min-1.kg-1,1,1,0,0,1,0,1,1,pending,Verify the parent/fluorinated identity and assay-table values in the cited source.
HLM,966355,73970,10.1016/j.bmcl.2013.04.040,Discovery of potent and efficacious urea-containing nicotinamide phosphoribosyltransferase (NAMPT) inhibitors with reduced CYP2C9 inhibition properties.,BIFUICSRZIQHFK,ORDWPEHFKJXJKD,CC1CCN(S(=O)(=O)c2ccc(NC(=O)NCc3cccnc3)cc2)CCN1,O=C(NCc1cccnc1)Nc1ccc(S(=O)(=O)N2CCNC(C(F)(F)F)CC2)cc1,CH3_to_CF3,3,23,1,"{""1"": -3, ""9"": 3}",0.6989700043360189,1.255272505103306,0.5563025007672872,0,1,1,0.0,0.0,0.0,CL,CL,mL.min-1.kg-1,mL.min-1.kg-1,,,1,1,0,0,1,0,1,1,pending,Verify the parent/fluorinated identity and assay-table values in the cited source.
HLM,559940,44953,10.1016/j.bmcl.2008.10.072,The discovery of biaryl carboxamides as novel small molecule agonists of the motilin receptor.,BIWJKJXYGNNLAQ,FEISRPDXMKTQEL,C[C@@H]1CN(Cc2ccc(-c3cccnc3C(=O)N3CCC(Nc4cccc(F)c4)CC3)cc2)C[C@H](C)N1,C[C@@H]1CN(Cc2ccc(-c3cccnc3C(=O)N3CCC(Nc4cccc(F)c4)CC3)cc2F)C[C@H](C)N1,Ar-H_to_Ar-F,1,32,1,"{""1"": -1, ""9"": 1}",0.7116385382323491,1.0413137153458603,0.32967517711351113,0,1,1,0.0,0.0,0.0,CL,CL,mL.min-1.g-1,mL.min-1.g-1,mL.min-1.kg-1,mL.min-1.kg-1,1,1,0,0,1,0,1,1,pending,Verify the parent/fluorinated identity and assay-table values in the cited source.
HLM,559940,44953,10.1016/j.bmcl.2008.10.072,The discovery of biaryl carboxamides as novel small molecule agonists of the motilin receptor.,BIWJKJXYGNNLAQ,XYDHHTQFZABPJP,C[C@@H]1CN(Cc2ccc(-c3cccnc3C(=O)N3CCC(Nc4cccc(F)c4)CC3)cc2)C[C@H](C)N1,C[C@@H]1CN(Cc2ccc(-c3cccnc3C(=O)N3CCC(Nc4ccc(F)c(F)c4)CC3)cc2)C[C@H](C)N1,Ar-H_to_Ar-F,1,25,1,"{""1"": -1, ""9"": 1}",0.7116385382323491,0.9132839017604184,0.20164536352806928,0,1,1,0.0,0.0,0.0,CL,CL,mL.min-1.g-1,mL.min-1.g-1,mL.min-1.kg-1,mL.min-1.kg-1,1,1,0,0,1,0,1,1,pending,Verify the parent/fluorinated identity and assay-table values in the cited source.
HLM,812134,61472,10.1016/j.bmcl.2012.01.015,"Discovery and hit-to-lead optimization of pyrrolopyrimidines as potent, state-dependent Na(v)1.7 antagonists.",BJWJWHANJDRZGO,SSECJOYWYAMJRN,Cc1cccc(Cn2ccc3c(OC4CCN(Cc5cscn5)CC4)ncnc32)c1,FC(F)(F)c1cccc(Cn2ccc3c(OC4CCN(Cc5cscn5)CC4)ncnc32)c1,CH3_to_CF3,3,1,1,"{""1"": -3, ""9"": 3}",2.4429342077562657,2.4591209688495406,0.016186761093274882,0,1,1,0.0,0.0,0.0,CL,CL,mL.min-1.g-1,mL.min-1.g-1,mL.min-1.kg-1,mL.min-1.kg-1,1,1,0,0,1,0,1,1,pending,Verify the parent/fluorinated identity and assay-table values in the cited source.
HLM,2119139,120785,10.1021/acs.jmedchem.1c01102,"Discovery of GSK251: A Highly Potent, Highly Selective, Orally Bioavailable Inhibitor of PI3Kδ with a Novel Binding Mode.",BPHJDOCHBUUJJH,WCFBNVGQXVMWGW,COc1ncc(N2CCOCC2)cc1S(=O)(=O)Nc1cncc(-c2ccc(CN3CCN(C(C)C)CC3)cc2)c1,COc1ncc(N2CCOCC2)cc1S(=O)(=O)Nc1cncc(-c2ccc(CN3CCN(C(C)C)CC3)cc2F)c1,Ar-H_to_Ar-F,1,38,1,"{""1"": -1, ""9"": 1}",-0.14874165128092473,-0.18708664335714442,-0.03834499207621969,1,1,1,0.0,0.0,0.0,CL,CL,mL.min-1.kg-1,mL.min-1.kg-1,,,1,1,0,0,1,0,1,1,pending,Verify the parent/fluorinated identity and assay-table values in the cited source.
HLM,572699,47378,10.1021/jm900302q,In vitro intrinsic clearance-based optimization of N3-phenylpyrazinones as corticotropin-releasing factor-1 (CRF1) receptor antagonists.,BPXDUSXOXMQMQG,ZVYMPNPFRZXBAV,CC[C@H](C1CC1)n1cc(Cl)nc(Nc2c(Cl)cc(OC)cc2Cl)c1=O,CC[C@H](C1CC1)n1cc(Cl)nc(Nc2c(Cl)cc(OC(F)(F)F)cc2Cl)c1=O,OCH3_to_OCF3,3,19,1,"{""1"": -3, ""9"": 3}",2.6020599913279625,1.8864907251724818,-0.7155692661554807,1,1,1,0.0,0.0,0.0,CL,CL,mL.min-1.kg-1,mL.min-1.kg-1,,,1,1,0,0,1,0,1,1,pending,Verify the parent/fluorinated identity and assay-table values in the cited source.
HLM,1793528,109728,10.1021/acs.jmedchem.8b01222,Reducing the Lipophilicity of Perfluoroalkyl Groups by CF2-F/CF2-Me or CF3/CH3 Exchange.,BQETYKDISHDCOA,QNCXUOUEILJXBM,CN(C)C(=O)CNCCc1cccc(OCC(F)(F)C(C)(F)F)c1,CN(C)C(=O)CNCCc1cccc(OCC(F)(F)C(F)(F)C(F)(F)F)c1,CH3_to_CF3,3,22,1,"{""1"": -3, ""9"": 3}",1.0681858617461617,0.9712758487381052,-0.09691001300805646,1,1,1,0.0,0.0,0.0,CL,CL,mL.min-1.g-1,mL.min-1.g-1,mL.min-1.kg-1,mL.min-1.kg-1,1,1,0,0,1,0,1,1,pending,Verify the parent/fluorinated identity and assay-table values in the cited source.
HLM,1845911,111567,10.1021/acs.jmedchem.0c00628,"Discovery of <i>N</i>-Ethyl-4-[2-(4-fluoro-2,6-dimethyl-phenoxy)-5-(1-hydroxy-1-methyl-ethyl)phenyl]-6-methyl-7-oxo-1<i>H</i>-pyrrolo[2,3-<i>c</i>]pyridine-2-carboxamide (ABBV-744), a BET Bromodomain Inhibitor with Selectivity for the Second Bromodomain.",BRNKGSOZDWZJCS,OEDSFMUSNZDJFD,CCNC(=O)c1cc2c(-c3cc(C(C)(C)O)ccc3Oc3c(C)cccc3C)cn(C)c(=O)c2[nH]1,CCNC(=O)c1cc2c(-c3cc(C(C)(C)O)ccc3Oc3c(C)cc(F)cc3C)cn(C)c(=O)c2[nH]1,Ar-H_to_Ar-F,1,24,1,"{""1"": -1, ""9"": 1}",2.7900528212147466,2.1563371008708097,-0.633715720343937,1,1,1,0.0,0.0,0.0,CL,CL,mL.min-1.kg-1,mL.min-1.kg-1,,,1,1,0,0,1,0,1,1,pending,Verify the parent/fluorinated identity and assay-table values in the cited source.
HLM,456230,37632,10.1016/j.bmcl.2007.05.034,"Discovery of cyclopentane- and cyclohexane-trans-1,3-diamines as potent melanin-concentrating hormone receptor 1 antagonists.",BRODPNKAATZBFH,BAPWSOFUQJAPJS,Cc1cc(N[C@H]2CCC[C@H](NCc3ccsc3)C2)nc2ccccc12,FC(F)(F)c1cc(N[C@H]2CCC[C@H](NCc3ccsc3)C2)nc2ccccc12,CH3_to_CF3,3,1,1,"{""1"": -3, ""9"": 3}",1.8463371121298053,1.9006947744523979,0.05435766232259254,0,1,1,0.0,0.0,0.0,CL,CL,mL.min-1.g-1,mL.min-1.g-1,mL.min-1.kg-1,mL.min-1.kg-1,1,1,0,0,1,0,1,1,pending,Verify the parent/fluorinated identity and assay-table values in the cited source.
HLM,2145313,121460,10.1021/acs.jmedchem.1c00715,"Design, Synthesis, and Biological Evaluation of Stable Colchicine-Binding Site Tubulin Inhibitors 6-Aryl-2-benzoyl-pyridines as Potential Anticancer Agents.",BTWMVPMEPRQKQD,JZHPUOFRNWNYQR,COc1cc(C(=O)c2cccc(-c3ccc(C)c(O)c3)n2)cc(OC)c1OC,COc1cc(C(=O)c2nc(-c3ccc(C)c(O)c3)ccc2F)cc(OC)c1OC,Ar-H_to_Ar-F,1,20,1,"{""1"": -1, ""9"": 1}",2.06595298031387,1.6263403673750423,-0.4396126129388276,1,1,1,0.0,0.0,0.0,CL,CL,mL.min-1.kg-1,mL.min-1.kg-1,,,1,1,0,0,1,0,1,1,pending,Verify the parent/fluorinated identity and assay-table values in the cited source.
HLM,964542,73860,10.1016/j.bmcl.2012.11.109,"Discovery and SAR of PF-4693627, a potent, selective and orally bioavailable mPGES-1 inhibitor for the potential treatment of inflammation.",BVUIHNKCEFPMBL,DHTAHLOHNJKTIE,Cc1cc2oc(N3CCC(C(=O)N[C@H]4CCC[C@H](CO)C4)CC3)nc2cc1Cl,O=C(N[C@H]1CCC[C@H](CO)C1)C1CCN(c2nc3cc(Cl)c(C(F)F)cc3o2)CC1,CH2_to_CF2,2,22,1,"{""1"": -2, ""9"": 2}",1.4517864355242902,1.60422605308447,0.15243961756017987,0,1,1,0.0,0.0,0.0,CL,CL,mL.min-1.kg-1,mL.min-1.kg-1,,,1,1,0,0,1,0,1,1,pending,Verify the parent/fluorinated identity and assay-table values in the cited source.
HLM,964542,73860,10.1016/j.bmcl.2012.11.109,"Discovery and SAR of PF-4693627, a potent, selective and orally bioavailable mPGES-1 inhibitor for the potential treatment of inflammation.",BVUIHNKCEFPMBL,XBOPOFUFNFYKFG,Cc1cc2oc(N3CCC(C(=O)N[C@H]4CCC[C@H](CO)C4)CC3)nc2cc1Cl,O=C(N[C@H]1CCC[C@H](CO)C1)C1CCN(c2nc3cc(Cl)c(C(F)(F)F)cc3o2)CC1,CH3_to_CF3,3,22,1,"{""1"": -3, ""9"": 3}",1.4517864355242902,1.423245873936808,-0.028540561587482305,1,1,1,0.0,0.0,0.0,CL,CL,mL.min-1.kg-1,mL.min-1.kg-1,,,1,1,0,0,1,0,1,1,pending,Verify the parent/fluorinated identity and assay-table values in the cited source.
HLM,540737,46667,10.1016/j.bmcl.2008.12.087,Synthesis and pharmacological evaluation of aminopyrimidine series of 5-HT1A partial agonists.,BWRZYJMZRBKIAZ,BSUPTTROFNUYJX,c1ccc2c(CCN3CCCC(c4ccnc(NC5CC5)n4)C3)c[nH]c2c1,Fc1ccc2[nH]cc(CCN3CCCC(c4ccnc(NC5CC5)n4)C3)c2c1,Ar-H_to_Ar-F,1,1,1,"{""1"": -1, ""9"": 1}",1.5440680443502757,1.6020599913279623,0.057991946977686615,0,1,1,0.0,0.0,0.0,CL,CL,mL.min-1.kg-1,mL.min-1.kg-1,,,1,1,0,0,1,0,1,1,pending,Verify the parent/fluorinated identity and assay-table values in the cited source.
HLM,540737,46667,10.1016/j.bmcl.2008.12.087,Synthesis and pharmacological evaluation of aminopyrimidine series of 5-HT1A partial agonists.,BWRZYJMZRBKIAZ,NPNPWCJJQLNNPC,c1ccc2c(CCN3CCCC(c4ccnc(NC5CC5)n4)C3)c[nH]c2c1,Fc1ccc2c(CCN3CCCC(c4ccnc(NC5CC5)n4)C3)c[nH]c2c1,Ar-H_to_Ar-F,1,1,1,"{""1"": -1, ""9"": 1}",1.5440680443502757,1.8129133566428555,0.2688453122925798,0,1,1,0.0,0.0,0.0,CL,CL,mL.min-1.kg-1,mL.min-1.kg-1,,,1,1,0,0,1,0,1,1,pending,Verify the parent/fluorinated identity and assay-table values in the cited source.
HLM,540737,46667,10.1016/j.bmcl.2008.12.087,Synthesis and pharmacological evaluation of aminopyrimidine series of 5-HT1A partial agonists.,BWRZYJMZRBKIAZ,RDEFRPKDNCMTEK,c1ccc2c(CCN3CCCC(c4ccnc(NC5CC5)n4)C3)c[nH]c2c1,Fc1cccc2c(CCN3CCCC(c4ccnc(NC5CC5)n4)C3)c[nH]c12,Ar-H_to_Ar-F,1,1,1,"{""1"": -1, ""9"": 1}",1.5440680443502757,1.4471580313422192,-0.09691001300805646,1,1,1,0.0,0.0,0.0,CL,CL,mL.min-1.kg-1,mL.min-1.kg-1,,,1,1,0,0,1,0,1,1,pending,Verify the parent/fluorinated identity and assay-table values in the cited source.
HLM,2075121,119335,10.1021/acsmedchemlett.9b00369,"Synthesis and SAR Studies of 1H-Pyrrolo[2,3-b]pyridine-2-carboxamides as Phosphodiesterase 4B (PDE4B) Inhibitors.",BYLKEODIXROZCO,KQDYNRPFUNNOAV,O=C(c1nc2cccnc2n1-c1ccc(Cl)c(Cl)c1)N1CCC1,O=C(c1nc2cccnc2n1-c1ccc(Cl)c(Cl)c1)N1CC(F)(F)C1,CH2_to_CF2,2,21,1,"{""1"": -2, ""9"": 2}",2.2884728005997825,1.987219229908005,-0.3012535706917776,1,1,1,0.0,0.0,0.0,CL,CL,mL.min-1.kg-1,mL.min-1.kg-1,,,1,1,0,0,1,0,1,1,pending,Verify the parent/fluorinated identity and assay-table values in the cited source.
HLM,1888884,112814,10.1016/j.bmcl.2019.07.013,Discovery of a C-8 hydroxychromene as a potent degrader of estrogen receptor alpha with improved rat oral exposure over GDC-0927.,BZHXSUVQOHIELQ,ZASMXCWOVIZDMC,CC1=C(C2CCCCC2)[C@H](c2ccc(OCCN3CC(CF)C3)cc2)Oc2ccc(O)cc21,CC1=C(C2CCC(F)(F)CC2)[C@H](c2ccc(OCCN3CC(CF)C3)cc2)Oc2ccc(O)cc21,CH2_to_CF2,2,6,1,"{""1"": -2, ""9"": 2}",1.2304489213782739,1.2304489213782739,0.0,0,1,1,0.0,0.0,0.0,CL,CL,mL.min-1.kg-1,mL.min-1.kg-1,,,1,1,0,0,1,0,1,1,pending,Verify the parent/fluorinated identity and assay-table values in the cited source.
HLM,1369285,84147,10.6019/CHEMBL3301361,Experimental in vitro DMPK and physicochemical data on a set of publicly disclosed compounds,CBHOUOHFUVTLFG,RWOFIHYHMILOTJ,O=C(Nc1cc(-c2ccnc(Nc3ccccc3)c2)ccn1)C1CCOCC1,O=C(Nc1cc(-c2ccnc(Nc3ccc(F)cc3)c2)ccn1)C1CCOCC1,Ar-H_to_Ar-F,1,15,1,"{""1"": -1, ""9"": 1}",1.1682115918540241,0.848503173886313,-0.3197084179677111,1,1,1,0.0,0.0,0.0,CL,CL,mL.min-1.g-1,mL.min-1.g-1,mL.min-1.kg-1,mL.min-1.kg-1,1,1,0,0,1,0,1,1,pending,Verify the parent/fluorinated identity and assay-table values in the cited source.
HLM,2145313,121460,10.1021/acs.jmedchem.1c00715,"Design, Synthesis, and Biological Evaluation of Stable Colchicine-Binding Site Tubulin Inhibitors 6-Aryl-2-benzoyl-pyridines as Potential Anticancer Agents.",CDPJQGNKOCYFGQ,OALURXFCDQIMHW,COc1cc(C(=O)c2cccc(-c3ccc(C)cc3)n2)cc(OC)c1OC,COc1cc(C(=O)c2cccc(-c3ccc(C(F)F)cc3)n2)cc(OC)c1OC,CH2_to_CF2,2,16,1,"{""1"": -2, ""9"": 2}",2.5016069224188295,2.3803921600570273,-0.12121476236180229,1,1,1,0.0,0.0,0.0,CL,CL,mL.min-1.kg-1,mL.min-1.kg-1,,,1,1,0,0,1,0,1,1,pending,Verify the parent/fluorinated identity and assay-table values in the cited source.
HLM,2145313,121460,10.1021/acs.jmedchem.1c00715,"Design, Synthesis, and Biological Evaluation of Stable Colchicine-Binding Site Tubulin Inhibitors 6-Aryl-2-benzoyl-pyridines as Potential Anticancer Agents.",CDPJQGNKOCYFGQ,XCVGLTJOZNDLTA,COc1cc(C(=O)c2cccc(-c3ccc(C)cc3)n2)cc(OC)c1OC,COc1cc(C(=O)c2nc(-c3ccc(C)cc3)ccc2F)cc(OC)c1OC,Ar-H_to_Ar-F,1,19,1,"{""1"": -1, ""9"": 1}",2.5016069224188295,2.1251558295805304,-0.37645109283829914,1,1,1,0.0,0.0,0.0,CL,CL,mL.min-1.kg-1,mL.min-1.kg-1,,,1,1,0,0,1,0,1,1,pending,Verify the parent/fluorinated identity and assay-table values in the cited source.
HLM,812134,61472,10.1016/j.bmcl.2012.01.015,"Discovery and hit-to-lead optimization of pyrrolopyrimidines as potent, state-dependent Na(v)1.7 antagonists.",CGGSZBTXQJLOGP,JAUQXVXTUFWMRU,c1ccc(Cn2ccc3c(OC4CCN(Cc5cscn5)CC4)ncnc32)cc1,Fc1cn(Cc2ccccc2)c2ncnc(OC3CCN(Cc4cscn4)CC3)c12,Ar-H_to_Ar-F,1,1,1,"{""1"": -1, ""9"": 1}",2.182129214052998,2.4410978647162684,0.25896865066327024,0,1,1,0.0,0.0,0.0,CL,CL,mL.min-1.g-1,mL.min-1.g-1,mL.min-1.kg-1,mL.min-1.kg-1,1,1,0,0,1,0,1,1,pending,Verify the parent/fluorinated identity and assay-table values in the cited source.
HLM,812134,61472,10.1016/j.bmcl.2012.01.015,"Discovery and hit-to-lead optimization of pyrrolopyrimidines as potent, state-dependent Na(v)1.7 antagonists.",CGGSZBTXQJLOGP,SFDBYELGYJKPAZ,c1ccc(Cn2ccc3c(OC4CCN(Cc5cscn5)CC4)ncnc32)cc1,Fc1ccccc1Cn1ccc2c(OC3CCN(Cc4cscn4)CC3)ncnc21,Ar-H_to_Ar-F,1,1,1,"{""1"": -1, ""9"": 1}",2.182129214052998,2.3423437110098417,0.16021449695684353,0,1,1,0.0,0.0,0.0,CL,CL,mL.min-1.g-1,mL.min-1.g-1,mL.min-1.kg-1,mL.min-1.kg-1,1,1,0,0,1,0,1,1,pending,Verify the parent/fluorinated identity and assay-table values in the cited source.
HLM,812134,61472,10.1016/j.bmcl.2012.01.015,"Discovery and hit-to-lead optimization of pyrrolopyrimidines as potent, state-dependent Na(v)1.7 antagonists.",CGGSZBTXQJLOGP,UERZNXRHTRLUKC,c1ccc(Cn2ccc3c(OC4CCN(Cc5cscn5)CC4)ncnc32)cc1,Fc1ccc(Cn2ccc3c(OC4CCN(Cc5cscn5)CC4)ncnc32)cc1,Ar-H_to_Ar-F,1,1,1,"{""1"": -1, ""9"": 1}",2.182129214052998,2.2235218992112236,0.04139268515822536,0,1,1,0.0,0.0,0.0,CL,CL,mL.min-1.g-1,mL.min-1.g-1,mL.min-1.kg-1,mL.min-1.kg-1,1,1,0,0,1,0,1,1,pending,Verify the parent/fluorinated identity and assay-table values in the cited source.
HLM,812134,61472,10.1016/j.bmcl.2012.01.015,"Discovery and hit-to-lead optimization of pyrrolopyrimidines as potent, state-dependent Na(v)1.7 antagonists.",CGGSZBTXQJLOGP,YFYKNWMQDGMNCV,c1ccc(Cn2ccc3c(OC4CCN(Cc5cscn5)CC4)ncnc32)cc1,Fc1cccc(Cn2ccc3c(OC4CCN(Cc5cscn5)CC4)ncnc32)c1,Ar-H_to_Ar-F,1,1,1,"{""1"": -1, ""9"": 1}",2.182129214052998,2.0175758683910745,-0.1645533456619237,1,1,1,0.0,0.0,0.0,CL,CL,mL.min-1.g-1,mL.min-1.g-1,mL.min-1.kg-1,mL.min-1.kg-1,1,1,0,0,1,0,1,1,pending,Verify the parent/fluorinated identity and assay-table values in the cited source.
HLM,746944,57544,10.1021/jm200128m,"Optimization of potent, selective, and orally bioavailable pyrrolodinopyrimidine-containing inhibitors of heat shock protein 90. Identification of development candidate 2-amino-4-{4-chloro-2-[2-(4-fluoro-1H-pyrazol-1-yl)ethoxy]-6-methylphenyl}-N-(2,2-difluoropropyl)-5,7-dihydro-6H-pyrrolo[3,4-d]pyrimidine-6-carboxamide.",CLFXZSRJZJUGCL,BSEKUYBWBVHFAK,Nc1nc2c(c(-c3c(Cl)cc(Cl)cc3OCCn3cccn3)n1)CN(C(=O)NC13CC(C1)C3)C2,Nc1nc2c(c(-c3c(Cl)cc(Cl)cc3OCCn3cc(F)cn3)n1)CN(C(=O)NC13CC(C1)C3)C2,Ar-H_to_Ar-F,1,19,1,"{""1"": -1, ""9"": 1}",1.4299136977637545,1.4661258704181992,0.03621217265444465,0,1,1,0.0,0.0,0.0,CL,CL,mL.min-1.g-1,mL.min-1.g-1,mL.min-1.kg-1,mL.min-1.kg-1,1,1,0,0,1,0,1,1,pending,Verify the parent/fluorinated identity and assay-table values in the cited source.
HLM,620409,50055,10.1016/j.bmcl.2009.07.049,N-[(3S)-Pyrrolidin-3-yl]benzamides as novel dual serotonin and noradrenaline reuptake inhibitors: impact of small structural modifications on P-gp recognition and CNS penetration.,CMNJEKBHBKVRME,UWLXWGKTAMTBSF,CC(C)CN(C(=O)c1cccc(Cl)c1)[C@H]1CCNC1,CC(C)CN(C(=O)c1cccc(Cl)c1F)[C@H]1CCNC1,Ar-H_to_Ar-F,1,13,1,"{""1"": -1, ""9"": 1}",1.439253724017898,1.4831592097169797,0.0439054856990817,0,1,1,0.0,0.0,0.0,CL,CL,mL.min-1.g-1,mL.min-1.g-1,mL.min-1.kg-1,mL.min-1.kg-1,1,1,0,0,1,0,1,1,pending,Verify the parent/fluorinated identity and assay-table values in the cited source.
HLM,687527,54098,10.1016/j.bmcl.2010.10.036,4-aryl piperazine and piperidine amides as novel mGluR5 positive allosteric modulators.,CPBJIOBSLMOXCA,ZRCPJFACEZIVJT,O=C(COCc1ccccc1)N1CCN(c2ccccc2Cl)CC1,O=C(COCc1ccccc1)N1CCN(c2ccc(F)cc2Cl)CC1,Ar-H_to_Ar-F,1,18,1,"{""1"": -1, ""9"": 1}",2.8005796215691303,2.792461731346951,-0.008117890222179458,1,1,1,0.0,0.0,0.0,CL,CL,mL.min-1.g-1,mL.min-1.g-1,mL.min-1.kg-1,mL.min-1.kg-1,1,1,0,0,1,0,1,1,pending,Verify the parent/fluorinated identity and assay-table values in the cited source.
HLM,860766,65828,10.1021/jm300623u,"3-Oxoisoindoline-1-carboxamides: potent, state-dependent blockers of voltage-gated sodium channel Na(V)1.7 with efficacy in rat pain models.",CPIQLOIBPCOKCG,AGQBOOOPRJWZOQ,O=C(NCc1ccc(OC(F)(F)F)cc1)c1c2ccccc2c(O)n1CCc1ncccn1,O=C(NCc1ccc(OC(F)(F)F)cc1)c1c2ccccc2c(O)n1CCc1ncc(F)cn1,Ar-H_to_Ar-F,1,30,1,"{""1"": -1, ""9"": 1}",1.5866998016240492,1.7924617313469506,0.20576192972290142,0,1,1,0.0,0.0,0.0,CL,CL,mL.min-1.g-1,mL.min-1.g-1,mL.min-1.kg-1,mL.min-1.kg-1,1,1,0,0,1,0,1,1,pending,Verify the parent/fluorinated identity and assay-table values in the cited source.
HLM,624025,50787,10.1021/jm9017866,Discovery of a selective small-molecule melanocortin-4 receptor agonist with efficacy in a pilot study of sexual dysfunction in humans.,CQIHYFQHPBTXLQ,RSRHMLHYZXKQPI,C[C@@H]1CN(C(=O)[C@@H]2CN(C(C)(C)C)C[C@H]2c2ccc(F)cc2F)C[C@H](C)[C@@]1(O)c1ccc(F)cc1,C[C@@H]1CN(C(=O)[C@@H]2CN(C(C)(C)C)C[C@H]2c2ccc(F)cc2F)C[C@H](C)[C@@]1(O)c1ccc(F)c(F)c1,Ar-H_to_Ar-F,1,33,1,"{""1"": -1, ""9"": 1}",1.515343893088381,1.4106085425683679,-0.10473535052001304,1,1,1,0.0,0.0,0.0,CL,CL,mL.min-1.g-1,mL.min-1.g-1,mL.min-1.kg-1,mL.min-1.kg-1,1,1,0,0,1,0,1,1,pending,Verify the parent/fluorinated identity and assay-table values in the cited source.
HLM,2286279,125655,10.1016/j.bmc.2020.115815,Improving metabolic stability and removing aldehyde oxidase liability in a 5-azaquinazoline series of IRAK4 inhibitors.,CQJRPQYVVGQEFN,SZURKEABSBIIMJ,Cc1ncc(-c2ccc3nc(Nc4cnn(C5CCN(C)CC5)c4)nc(OC4(C)CC4)c3n2)cn1,Cc1ncc(-c2nc3c(OC4(C)CC4)nc(Nc4cnn(C5CCN(C)CC5)c4)nc3cc2F)cn1,Ar-H_to_Ar-F,1,32,1,"{""1"": -1, ""9"": 1}",1.784189205380961,1.8316138553090988,0.047424649928137885,0,1,1,0.0,0.0,0.0,CL,CL,mL.min-1.g-1,mL.min-1.g-1,mL.min-1.kg-1,mL.min-1.kg-1,1,1,0,0,1,0,1,1,pending,Verify the parent/fluorinated identity and assay-table values in the cited source.
HLM,2046161,118335,10.1021/acsmedchemlett.8b00616,Discovery of Soft-Drug Topical Tool Modulators of Sphingosine-1-phosphate Receptor 1 (S1PR1).,CSMQUILOGPIVIK,PEGPVTBAMDVJHL,CCC/N=C1\S/C(=C\c2ccc(O)c(C)c2)C(=O)N1c1ccccc1C,CCC/N=C1\S/C(=C\c2ccc(O)c(C(F)(F)F)c2)C(=O)N1c1ccccc1C,CH3_to_CF3,3,14,1,"{""1"": -3, ""9"": 3}",0.5153438930883808,0.06818586174616162,-0.4471580313422192,1,1,1,0.0,0.0,0.0,CL,CL,mL.min-1.g-1,mL.min-1.g-1,mL.min-1.kg-1,mL.min-1.kg-1,1,1,0,0,1,0,1,1,pending,Verify the parent/fluorinated identity and assay-table values in the cited source.
HLM,874019,66641,10.1021/jm3011838,Pharmacokinetic optimization of class-selective histone deacetylase inhibitors and identification of associated candidate predictive biomarkers of hepatocellular carcinoma tumor response.,CTJRRDKOXVXXEW,IBPUPNCVIPQVFB,CN1C[C@H](C(=O)Nc2ccc(Cl)cc2)[C@@H](c2ccc(/C=C/C(=O)Nc3ccccc3N)cc2)C1,CN1C[C@H](C(=O)Nc2ccc(Cl)cc2F)[C@@H](c2ccc(/C=C/C(=O)Nc3ccccc3N)cc2)C1,Ar-H_to_Ar-F,1,13,1,"{""1"": -1, ""9"": 1}",0.6989700043360189,1.0413926851582251,0.3424226808222063,0,1,1,0.0,0.0,0.0,CL,CL,mL.min-1.kg-1,mL.min-1.kg-1,,,1,1,0,0,1,0,1,1,pending,Verify the parent/fluorinated identity and assay-table values in the cited source.
HLM,874019,66641,10.1021/jm3011838,Pharmacokinetic optimization of class-selective histone deacetylase inhibitors and identification of associated candidate predictive biomarkers of hepatocellular carcinoma tumor response.,CTJRRDKOXVXXEW,PZYNOSYZPXJRNG,CN1C[C@H](C(=O)Nc2ccc(Cl)cc2)[C@@H](c2ccc(/C=C/C(=O)Nc3ccccc3N)cc2)C1,CN1C[C@H](C(=O)Nc2ccc(Cl)cc2)[C@@H](c2ccc(/C=C/C(=O)Nc3ccccc3N)cc2F)C1,Ar-H_to_Ar-F,1,32,1,"{""1"": -1, ""9"": 1}",0.6989700043360189,1.146128035678238,0.4471580313422191,0,1,1,0.0,0.0,0.0,CL,CL,mL.min-1.kg-1,mL.min-1.kg-1,,,1,1,0,0,1,0,1,1,pending,Verify the parent/fluorinated identity and assay-table values in the cited source.
HLM,2216808,123547,10.1021/acs.jmedchem.2c00675,Discovery and <i>In Vivo</i> Evaluation of ACT-660602: A Potent and Selective Antagonist of the Chemokine Receptor CXCR3 for Autoimmune Diseases.,CTUWPSNEZJLVDO,ZXDZWWNBSQEKTQ,Cc1nc(-c2nc3ccccc3[nH]2)c(N2CCN(C(=O)Cn3cnc4cccnc43)[C@H](C)C2)s1,C[C@@H]1CN(c2sc(C(F)(F)F)nc2-c2nc3ccccc3[nH]2)CCN1C(=O)Cn1cnc2cccnc21,CH3_to_CF3,3,7,1,"{""1"": -3, ""9"": 3}",1.4299136977637545,2.0175758683910745,0.58766217062732,0,1,1,0.0,0.0,0.0,CL,CL,mL.min-1.g-1,mL.min-1.g-1,mL.min-1.kg-1,mL.min-1.kg-1,1,1,0,0,1,0,1,1,pending,Verify the parent/fluorinated identity and assay-table values in the cited source.
HLM,2209831,123283,10.1016/j.bmc.2022.116729,Identification and optimisation of a pyrimidopyridone series of IRAK4 inhibitors.,CTWXYOQORJJPQH,MHQQCIQHLUQXTK,CC(C)n1ccc2nc(Nc3cnn(C4CCN(C)CC4)c3)nc(NC3(C)CC3)c2c1=O,C[C@H](CF)n1ccc2nc(Nc3cnn(C4CCN(C)CC4)c3)nc(NC3(C)CC3)c2c1=O,C-H_to_C-F,1,2,1,"{""1"": -1, ""9"": 1}",-1.494850021680094,-1.310165982983173,0.18468403869692085,0,1,2,0.0,0.03547231816221874,0.03547231816221874,CL,CL,mL.min-1.kg-1,mL.min-1.kg-1,,,1,1,0,0,1,0,1,1,pending,Verify the parent/fluorinated identity and assay-table values in the cited source.
HLM,2253202,124668,10.1021/acsmedchemlett.2c00100,Synthesis and Biological Characterization of a Series of 2-Sulfonamidebenzamides as Allosteric Modulators of MrgX1.,CXNOGTNSJQTOCC,LSIFCGHQKQTKCV,CCOc1ccccc1NC(=O)c1cc(Cl)ccc1NS(=O)(=O)C1CC1,CCOc1ccc(F)cc1NC(=O)c1cc(Cl)ccc1NS(=O)(=O)C1CC1,Ar-H_to_Ar-F,1,6,1,"{""1"": -1, ""9"": 1}",2.1126050015345745,2.141136090120739,0.028531088586164266,0,1,1,0.0,0.0,0.0,CL,CL,mL.min-1.kg-1,mL.min-1.kg-1,,,1,1,0,0,1,0,1,1,pending,Verify the parent/fluorinated identity and assay-table values in the cited source.
HLM,559940,44953,10.1016/j.bmcl.2008.10.072,The discovery of biaryl carboxamides as novel small molecule agonists of the motilin receptor.,CYEIOVYZTVJICS,OUIDMDHPFBRWMF,C[C@@H]1CN(Cc2ccc(-c3cccnc3C(=O)N3CCC(Nc4ccc(F)cc4)CC3)cc2)C[C@H](C)N1,C[C@@H]1CN(Cc2ccc(-c3cccnc3C(=O)N3CCC(Nc4ccc(F)cc4)CC3)cc2F)C[C@H](C)N1,Ar-H_to_Ar-F,1,32,1,"{""1"": -1, ""9"": 1}",0.48315920971697957,0.8085485512404055,0.3253893415234259,0,1,1,0.0,0.0,0.0,CL,CL,mL.min-1.g-1,mL.min-1.g-1,mL.min-1.kg-1,mL.min-1.kg-1,1,1,0,0,1,0,1,1,pending,Verify the parent/fluorinated identity and assay-table values in the cited source.
HLM,559940,44953,10.1016/j.bmcl.2008.10.072,The discovery of biaryl carboxamides as novel small molecule agonists of the motilin receptor.,CYEIOVYZTVJICS,XYDHHTQFZABPJP,C[C@@H]1CN(Cc2ccc(-c3cccnc3C(=O)N3CCC(Nc4ccc(F)cc4)CC3)cc2)C[C@H](C)N1,C[C@@H]1CN(Cc2ccc(-c3cccnc3C(=O)N3CCC(Nc4ccc(F)c(F)c4)CC3)cc2)C[C@H](C)N1,Ar-H_to_Ar-F,1,27,1,"{""1"": -1, ""9"": 1}",0.48315920971697957,0.9132839017604184,0.43012469204343884,0,1,1,0.0,0.0,0.0,CL,CL,mL.min-1.g-1,mL.min-1.g-1,mL.min-1.kg-1,mL.min-1.kg-1,1,1,0,0,1,0,1,1,pending,Verify the parent/fluorinated identity and assay-table values in the cited source.
HLM,637914,51593,10.1016/j.bmc.2010.04.077,"A statistical analysis of in vitro human microsomal metabolic stability of small phenyl group substituents, leading to improved design sets for parallel SAR exploration of a chemical series.",CZAGTVFDMNEGGN,VYLIDXPHOVMXRB,COc1ccc(C(=O)N2CCC(C(=O)c3ccc(F)cc3)CC2)cc1,O=C(c1ccc(F)cc1)C1CCN(C(=O)c2ccc(OC(F)(F)F)cc2)CC1,OCH3_to_OCF3,3,20,1,"{""1"": -3, ""9"": 3}",1.4222943008935627,1.3210388927260548,-0.10125540816750789,1,1,1,0.0,0.0,0.0,CL,CL,mL.min-1.g-1,mL.min-1.g-1,mL.min-1.kg-1,mL.min-1.kg-1,1,1,0,0,1,0,1,1,pending,Verify the parent/fluorinated identity and assay-table values in the cited source.
HLM,849461,65301,10.1016/j.bmcl.2012.08.031,"Phenethyl nicotinamides, a novel class of Na(V)1.7 channel blockers: structure and activity relationship.",DASYNINSCRABIO,SJCKKJUEVXMIOE,COc1cnc(-c2ccccc2CCNC(=O)c2ccc(OCCC(F)(F)F)nc2)cn1,O=C(NCCc1ccccc1-c1cnc(OC(F)F)cn1)c1ccc(OCCC(F)(F)F)nc1,CH2_to_CF2,2,16,1,"{""1"": -2, ""9"": 2}",5.161607546908397,5.390405156480081,0.22879760957168394,0,1,1,0.0,0.0,0.0,CL,CL,mL.min-1.g-1,mL.min-1.g-1,mL.min-1.kg-1,mL.min-1.kg-1,1,1,0,0,1,0,1,1,pending,Verify the parent/fluorinated identity and assay-table values in the cited source.
HLM,686393,54003,10.1016/j.bmcl.2010.09.085,"5-{2-[4-(2-methyl-5-quinolinyl)-1-piperazinyl]ethyl}-2(1H)-quinolinones and 3,4-dihydro-2(1H)-quinolinones: dual-acting 5-HT1 receptor antagonists and serotonin reuptake inhibitors. Part 3.",DEGNGOWCMPZWDE,UFYNVMLPCYILNZ,Cc1ccc2c(N3CCN(CCc4cccc5c4ccc(=O)n5C)[C@@H](C)C3)cccc2n1,Cc1ccc2c(N3CCN(CCc4cccc5c4ccc(=O)n5C)[C@@H](C)C3)cc(F)cc2n1,Ar-H_to_Ar-F,1,28,1,"{""1"": -1, ""9"": 1}",0.24427712080184286,-0.028724151261894745,-0.2730012720637376,1,1,1,0.0,0.0,0.0,CL,CL,mL.min-1.g-1,mL.min-1.g-1,mL.min-1.kg-1,mL.min-1.kg-1,1,1,0,0,1,0,1,1,pending,Verify the parent/fluorinated identity and assay-table values in the cited source.
HLM,2072215,119235,10.1016/j.bmcl.2020.127418,"Discovery, synthesis and characterization of a series of 7-aryl-imidazo[1,2-a]pyridine-3-ylquinolines as activin-like kinase (ALK) inhibitors.",DFQZCTKEPHHJJW,WQVJTIOOSYJKPS,Cc1cc(-c2cnc3cc(-c4ccc(N5CCN(C)CC5)cc4)ccn23)c2cc(F)ccc2n1,Cc1cc(-c2cnc3cc(-c4ccc(N5CCN(C)CC5)cc4)ccn23)c2cc(F)cc(F)c2n1,Ar-H_to_Ar-F,1,31,1,"{""1"": -1, ""9"": 1}",2.0718820073061255,2.0791812460476247,0.007299238741499181,0,1,1,0.0,0.0,0.0,CL,CL,mL.min-1.kg-1,mL.min-1.kg-1,,,1,1,0,0,1,0,1,1,pending,Verify the parent/fluorinated identity and assay-table values in the cited source.
HLM,1784338,109286,10.1021/acsmedchemlett.7b00512,Identification and Structure-Guided Development of Pyrimidinone Based USP7 Inhibitors.,DGHAUZFDWIZFRM,RLPQYKGBXQQARM,C[C@H](CC(=O)N1CCC(O)(Cn2cnc3c(-c4ccc(CN)cc4)n(C)nc3c2=O)CC1)c1ccccc1,Cn1nc2c(=O)n(CC3(O)CCN(C(=O)C[C@H](c4ccccc4)C(F)(F)F)CC3)cnc2c1-c1ccc(CN)cc1,CH3_to_CF3,3,23,1,"{""1"": -3, ""9"": 3}",1.255272505103306,0.8450980400142568,-0.4101744650890492,1,1,1,0.0,0.0,0.0,CL,CL,mL.min-1.kg-1,mL.min-1.kg-1,,,1,1,0,0,1,0,1,1,pending,Verify the parent/fluorinated identity and assay-table values in the cited source.
HLM,577247,47614,10.1021/jm900179y,Chemical and biological investigation of cyclopropyl containing diaryl-pyrazole-3-carboxamides as novel and potent cannabinoid type 1 receptor antagonists.,DKFFOZUYPSYZNX,SAODUSAURYNSRZ,Cc1c(C(=O)NN2CCCCC2)nn(-c2ccccc2)c1-c1ccc(C2CC2)cc1,Cc1c(C(=O)NN2CCCCC2)nn(-c2ccccc2F)c1-c1ccc(C2CC2)cc1,Ar-H_to_Ar-F,1,19,1,"{""1"": -1, ""9"": 1}",-0.6307841425898572,-0.6307841425898572,0.0,0,1,1,0.0,0.0,0.0,CL,CL,mL.min-1.g-1,mL.min-1.g-1,mL.min-1.kg-1,mL.min-1.kg-1,1,1,0,0,1,0,1,1,pending,Verify the parent/fluorinated identity and assay-table values in the cited source.
HLM,860187,65822,10.1021/jm3007257,"(1R,2R)-N-(1-cyanocyclopropyl)-2-(6-methoxy-1,3,4,5-tetrahydropyrido[4,3-b]indole-2-carbonyl)cyclohexanecarboxamide (AZD4996): a potent and highly selective cathepsin K inhibitor for the treatment of osteoarthritis.",DKGVOSFCHAMVHO,YRLSAGVJGNJNON,Cc1cccc2c3c([nH]c12)CCN(C(=O)[C@@H]1CCCC[C@H]1C(=O)NC1(C#N)CC1)C3,N#CC1(NC(=O)[C@@H]2CCCC[C@H]2C(=O)N2CCc3[nH]c4c(C(F)(F)F)cccc4c3C2)CC1,CH3_to_CF3,3,21,1,"{""1"": -3, ""9"": 3}",1.4661258704181992,1.4831592097169797,0.01703333929878048,0,1,1,0.0,0.0,0.0,CL,CL,mL.min-1.g-1,mL.min-1.g-1,mL.min-1.kg-1,mL.min-1.kg-1,1,1,0,0,1,0,1,1,pending,Verify the parent/fluorinated identity and assay-table values in the cited source.
HLM,637914,51593,10.1016/j.bmc.2010.04.077,"A statistical analysis of in vitro human microsomal metabolic stability of small phenyl group substituents, leading to improved design sets for parallel SAR exploration of a chemical series.",DLDOSTSVPYZTKU,FTRVIKOHNLTKAZ,O=C(c1ccc(F)cc1)C1CCN(C(=O)c2cccc(F)c2)CC1,O=C(c1ccc(F)cc1)C1CCN(C(=O)c2cccc(F)c2F)CC1,Ar-H_to_Ar-F,1,21,1,"{""1"": -1, ""9"": 1}",1.5719765448033427,1.3234583668494677,-0.24851817795387499,1,1,1,0.0,0.0,0.0,CL,CL,mL.min-1.g-1,mL.min-1.g-1,mL.min-1.kg-1,mL.min-1.kg-1,1,1,0,0,1,0,1,1,pending,Verify the parent/fluorinated identity and assay-table values in the cited source.
HLM,637914,51593,10.1016/j.bmc.2010.04.077,"A statistical analysis of in vitro human microsomal metabolic stability of small phenyl group substituents, leading to improved design sets for parallel SAR exploration of a chemical series.",DLDOSTSVPYZTKU,REFJGEHINYRXPR,O=C(c1ccc(F)cc1)C1CCN(C(=O)c2cccc(F)c2)CC1,O=C(c1ccc(F)cc1)C1CCN(C(=O)c2cc(F)cc(F)c2)CC1,Ar-H_to_Ar-F,1,17,1,"{""1"": -1, ""9"": 1}",1.5719765448033427,1.4713063829219795,-0.10067016188136324,1,1,1,0.0,0.0,0.0,CL,CL,mL.min-1.g-1,mL.min-1.g-1,mL.min-1.kg-1,mL.min-1.kg-1,1,1,0,0,1,0,1,1,pending,Verify the parent/fluorinated identity and assay-table values in the cited source.
HLM,637914,51593,10.1016/j.bmc.2010.04.077,"A statistical analysis of in vitro human microsomal metabolic stability of small phenyl group substituents, leading to improved design sets for parallel SAR exploration of a chemical series.",DLDOSTSVPYZTKU,ZIIBPNXDQAEYTR,O=C(c1ccc(F)cc1)C1CCN(C(=O)c2cccc(F)c2)CC1,O=C(c1ccc(F)cc1)C1CCN(C(=O)c2ccc(F)c(F)c2)CC1,Ar-H_to_Ar-F,1,18,1,"{""1"": -1, ""9"": 1}",1.5719765448033427,1.1650958747542182,-0.40688067004912454,1,1,1,0.0,0.0,0.0,CL,CL,mL.min-1.g-1,mL.min-1.g-1,mL.min-1.kg-1,mL.min-1.kg-1,1,1,0,0,1,0,1,1,pending,Verify the parent/fluorinated identity and assay-table values in the cited source.
HLM,429174,35229,10.1021/jm061159a,"Discovery of diaryl imidazolidin-2-one derivatives, a novel class of muscarinic M3 selective antagonists (Part 1).",DLFIQCGXPLUMEB,HWCBLDPYKRZMKJ,O=C1NC(c2ccc(F)cc2)(c2ccc(F)cc2)CN1C1CCN(Cc2ccccc2)CC1,O=C1NC(c2ccc(F)cc2)(c2ccc(F)cc2)CN1C1CCN(Cc2cccc(F)c2)CC1,Ar-H_to_Ar-F,1,29,1,"{""1"": -1, ""9"": 1}",-0.25181197299379954,-0.10790539730951958,0.14390657568427995,0,1,1,0.0,0.0,0.0,CL,CL,mL.min-1.kg-1,mL.min-1.kg-1,,,1,1,0,0,1,0,1,1,pending,Verify the parent/fluorinated identity and assay-table values in the cited source.
HLM,702665,54775,10.1021/jm100978n,"An imidazopiperidine series of CCR5 antagonists for the treatment of HIV: the discovery of N-{(1S)-1-(3-fluorophenyl)-3-[(3-endo)-3-(5-isobutyryl-2-methyl-4,5,6,7-tetrahydro-1H-imidazo[4,5-c]pyridin-1-yl)-8-azabicyclo[3.2.1]oct-8-yl]propyl}acetamide (PF-232798).",DMPWKNSWYLHNOR,RAROXORHFWXNDX,COC(=O)N[C@@H](CCN1[C@@H]2CC[C@H]1C[C@@H](n1c(C)nc3c1CN(C(C)=O)CC3)C2)c1ccccc1,COC(=O)N[C@@H](CCN1[C@@H]2CC[C@H]1C[C@@H](n1c(C)nc3c1CN(C(C)=O)CC3)C2)c1cccc(F)c1,Ar-H_to_Ar-F,1,33,1,"{""1"": -1, ""9"": 1}",1.691435152144062,1.4483971034577676,-0.24303804868629442,1,1,1,0.0,0.0,0.0,CL,CL,mL.min-1.g-1,mL.min-1.g-1,mL.min-1.kg-1,mL.min-1.kg-1,1,1,0,0,1,0,1,1,pending,Verify the parent/fluorinated identity and assay-table values in the cited source.
HLM,1796895,109853,10.1021/acs.jmedchem.8b01245,Discovery of RG7834: The First-in-Class Selective and Orally Available Small Molecule Hepatitis B Virus Expression Inhibitor with Novel Mechanism of Action.,DNGHIYAQZWYNAY,RXPGGSWAEXBXNH,CCOc1cc2c(cc1OC)-c1cc(=O)c(C(=O)O)cn1C(CC)C2,CCC1Cc2cc(OCC(F)F)c(OC)cc2-c2cc(=O)c(C(=O)O)cn21,CH2_to_CF2,2,9,1,"{""1"": -2, ""9"": 2}",0.11394335230683679,-0.638272163982407,-0.7522155162892439,1,1,1,0.0,0.0,0.0,CL,CL,mL.min-1.kg-1,mL.min-1.kg-1,,,1,1,0,0,1,0,1,1,pending,Verify the parent/fluorinated identity and assay-table values in the cited source.
HLM,685164,53897,10.1021/jm100773e,"First in class, potent, and orally bioavailable NADPH oxidase isoform 4 (Nox4) inhibitors for the treatment of idiopathic pulmonary fibrosis.",DNKYHHFCPXKFIY,DMCXPJYWZNDCID,Cc1c2c(=O)n(-c3ccccc3Cl)[nH]c2cc(=O)n1Cc1ccccn1,Cc1c2c(=O)n(-c3ccc(F)cc3Cl)[nH]c2cc(=O)n1Cc1ccccn1,Ar-H_to_Ar-F,1,9,1,"{""1"": -1, ""9"": 1}",1.4626375425723779,1.6433737066738228,0.18073616410144488,0,1,1,0.0,0.0,0.0,CL,CL,mL.min-1.g-1,mL.min-1.g-1,mL.min-1.kg-1,mL.min-1.kg-1,1,1,0,0,1,0,1,1,pending,Verify the parent/fluorinated identity and assay-table values in the cited source.
HLM,812344,61505,10.1016/j.bmcl.2012.01.124,Discovery of P2X3 selective antagonists for the treatment of chronic pain.,DOLIQXUWTQNSNR,XFUQSGZNGBVIKN,COc1ccc([C@@H](C)Nc2nc(N3CCN(C(C)=O)CC3)nc3c2CN(C(C)C)C3=O)cc1,CC(=O)N1CCN(c2nc(N[C@H](C)c3ccc(OC(F)(F)F)cc3)c3c(n2)C(=O)N(C(C)C)C3)CC1,OCH3_to_OCF3,3,18,1,"{""1"": -3, ""9"": 3}",0.670245853074124,1.4106085425683679,0.7403626894942439,0,1,1,0.0,0.0,0.0,CL,CL,mL.min-1.g-1,mL.min-1.g-1,mL.min-1.kg-1,mL.min-1.kg-1,1,1,0,0,1,0,1,1,pending,Verify the parent/fluorinated identity and assay-table values in the cited source.
HLM,1735190,107245,10.1021/acs.jmedchem.8b00295,"De Novo Design, Synthesis, and Biological Evaluation of 3,4-Disubstituted Pyrrolidine Sulfonamides as Potent and Selective Glycine Transporter 1 Competitive Inhibitors.",DQVNMGBRDUEQIV,VHWZAEAAVMQXTN,Cn1cnc(S(=O)(=O)N2C[C@H](Nc3cccc(OC(F)(F)F)c3)[C@@H](c3ccc(F)cc3)C2)c1,Cn1cnc(S(=O)(=O)N2C[C@H](Nc3ccc(F)c(OC(F)(F)F)c3)[C@@H](c3ccc(F)cc3)C2)c1,Ar-H_to_Ar-F,1,15,1,"{""1"": -1, ""9"": 1}",3.5778742241710004,3.3324384599156054,-0.24543576425539504,1,1,1,0.0,0.0,0.0,CL,CL,mL.min-1.kg-1,mL.min-1.kg-1,,,1,1,0,0,1,0,1,1,pending,Verify the parent/fluorinated identity and assay-table values in the cited source.
HLM,853107,65507,10.1021/ml3000148,"A Potent and Orally Efficacious, Hydroxyethylamine-Based Inhibitor of β-Secretase.",DTZPIFYDDLMENC,PIKUTRPQMRVSAL,COc1cc(C[C@H](NC(C)=O)[C@H](O)CN[C@H]2CC3(CCC3)Oc3ncc(CC(C)(C)C)cc32)ccc1F,CC(=O)N[C@@H](Cc1ccc(F)c(OC(F)(F)F)c1)[C@H](O)CN[C@H]1CC2(CCC2)Oc2ncc(CC(C)(C)C)cc21,OCH3_to_OCF3,3,13,1,"{""1"": -3, ""9"": 3}",2.866145505483358,2.624488362513449,-0.2416571429699088,1,1,1,0.0,0.0,0.0,CL,CL,mL.min-1.g-1,mL.min-1.g-1,mL.min-1.kg-1,mL.min-1.kg-1,1,1,0,0,1,0,1,1,pending,Verify the parent/fluorinated identity and assay-table values in the cited source.
HLM,2063589,118945,10.1016/j.ejmech.2016.08.068,"Balancing potency, metabolic stability and permeability in pyrrolopyrimidine-based EGFR inhibitors.",DUJFULDKIMTVNA,ULUWNFSDBSAGBP,OCc1ccc(-c2cc3c(N[C@H](CO)c4ccccc4)ncnc3[nH]2)cc1,OCc1ccc(-c2cc3c(N[C@H](CO)c4ccccc4)ncnc3[nH]2)cc1F,Ar-H_to_Ar-F,1,26,1,"{""1"": -1, ""9"": 1}",0.7850235850456861,0.499549625905149,-0.28547395914053714,1,1,1,0.0,0.0,0.0,CL,CL,mL.min-1.g-1,mL.min-1.g-1,mL.min-1.kg-1,mL.min-1.kg-1,1,1,0,0,1,0,1,1,pending,Verify the parent/fluorinated identity and assay-table values in the cited source.
HLM,789191,60365,10.1016/j.bmcl.2011.10.002,"The discovery of AZD9164, a novel muscarinic M3 antagonist.",DVEKJMIGSBNUCB,ACGBRZCIFNWBLV,C[C@@](C(=O)O[C@H]1C[N+]2(CCc3ccccc3)CCC1CC2)(c1ccccc1)N1CCCCC1,C[C@@](C(=O)O[C@H]1C[N+]2(CCc3cccc(F)c3)CCC1CC2)(c1ccccc1)N1CCCCC1,Ar-H_to_Ar-F,1,14,1,"{""1"": -1, ""9"": 1}",1.9976047874604543,2.1580909731855598,0.16048618572510542,0,1,1,0.0,0.0,0.0,CL,CL,mL.min-1.g-1,mL.min-1.g-1,mL.min-1.kg-1,mL.min-1.kg-1,1,1,0,0,1,0,1,1,pending,Verify the parent/fluorinated identity and assay-table values in the cited source.
HLM,789191,60365,10.1016/j.bmcl.2011.10.002,"The discovery of AZD9164, a novel muscarinic M3 antagonist.",DVEKJMIGSBNUCB,FNYFFCOCVNTJCD,C[C@@](C(=O)O[C@H]1C[N+]2(CCc3ccccc3)CCC1CC2)(c1ccccc1)N1CCCCC1,C[C@@](C(=O)O[C@H]1C[N+]2(CCc3ccc(F)cc3)CCC1CC2)(c1ccccc1)N1CCCCC1,Ar-H_to_Ar-F,1,13,1,"{""1"": -1, ""9"": 1}",1.9976047874604543,2.1787755720454105,0.18117078458495617,0,1,1,0.0,0.0,0.0,CL,CL,mL.min-1.g-1,mL.min-1.g-1,mL.min-1.kg-1,mL.min-1.kg-1,1,1,0,0,1,0,1,1,pending,Verify the parent/fluorinated identity and assay-table values in the cited source.
HLM,789191,60365,10.1016/j.bmcl.2011.10.002,"The discovery of AZD9164, a novel muscarinic M3 antagonist.",DVEKJMIGSBNUCB,OMGBLXWNGZEFEP,C[C@@](C(=O)O[C@H]1C[N+]2(CCc3ccccc3)CCC1CC2)(c1ccccc1)N1CCCCC1,C[C@@](C(=O)O[C@H]1C[N+]2(CCc3ccccc3F)CCC1CC2)(c1ccccc1)N1CCCCC1,Ar-H_to_Ar-F,1,15,1,"{""1"": -1, ""9"": 1}",1.9976047874604543,2.0126685338963304,0.015063746435876046,0,1,1,0.0,0.0,0.0,CL,CL,mL.min-1.g-1,mL.min-1.g-1,mL.min-1.kg-1,mL.min-1.kg-1,1,1,0,0,1,0,1,1,pending,Verify the parent/fluorinated identity and assay-table values in the cited source.
HLM,2101649,120090,10.1021/acs.jmedchem.1c00820,Discovery of TAK-041: a Potent and Selective GPR139 Agonist Explored for the Treatment of Negative Symptoms Associated with Schizophrenia.,DVGUHHIULIPPKB,KFLPUQWDEJAHHA,Cc1ccc([C@H](C)NC(=O)Cn2nnc3ccccc3c2=O)c(F)c1,C[C@H](NC(=O)Cn1nnc2ccccc2c1=O)c1ccc(C(F)(F)F)cc1F,CH3_to_CF3,3,21,1,"{""1"": -3, ""9"": 3}",1.4471580313422192,1.2304489213782739,-0.21670910996394532,1,1,1,0.0,0.0,0.0,CL,CL,mL.min-1.kg-1,mL.min-1.kg-1,,,1,1,0,0,1,0,1,1,pending,Verify the parent/fluorinated identity and assay-table values in the cited source.
HLM,2133629,121318,10.1021/acs.jmedchem.1c00679,"Discovery of IACS-9779 and IACS-70465 as Potent Inhibitors Targeting Indoleamine 2,3-Dioxygenase 1 (IDO1) Apoenzyme.",DWNULWBSCIJVRK,MYCSOYFHSBECSR,CCC(NC(=O)c1ccc(Cl)cc1)[C@H]1[C@@H]2C[C@@H](n3cnc4ccccc43)C[C@@H]21,CCC(NC(=O)c1ccc(Cl)cc1)[C@H]1[C@@H]2C[C@@H](n3cnc4cc(F)ccc43)C[C@@H]21,Ar-H_to_Ar-F,1,22,1,"{""1"": -1, ""9"": 1}",1.130333768495006,0.919078092376074,-0.21125567611893215,1,1,1,0.0,0.0,0.0,CL,CL,mL.min-1.kg-1,mL.min-1.kg-1,,,1,1,0,0,1,0,1,1,pending,Verify the parent/fluorinated identity and assay-table values in the cited source.
HLM,2133629,121318,10.1021/acs.jmedchem.1c00679,"Discovery of IACS-9779 and IACS-70465 as Potent Inhibitors Targeting Indoleamine 2,3-Dioxygenase 1 (IDO1) Apoenzyme.",DWNULWBSCIJVRK,OZPVWUDGSNMDJF,CCC(NC(=O)c1ccc(Cl)cc1)[C@H]1[C@@H]2C[C@@H](n3cnc4ccccc43)C[C@@H]21,CCC(NC(=O)c1ccc(Cl)cc1)[C@H]1[C@@H]2C[C@@H](n3cnc4c(F)cccc43)C[C@@H]21,Ar-H_to_Ar-F,1,21,1,"{""1"": -1, ""9"": 1}",1.130333768495006,1.2787536009528289,0.14841983245782275,0,1,1,0.0,0.0,0.0,CL,CL,mL.min-1.kg-1,mL.min-1.kg-1,,,1,1,0,0,1,0,1,1,pending,Verify the parent/fluorinated identity and assay-table values in the cited source.
HLM,2133629,121318,10.1021/acs.jmedchem.1c00679,"Discovery of IACS-9779 and IACS-70465 as Potent Inhibitors Targeting Indoleamine 2,3-Dioxygenase 1 (IDO1) Apoenzyme.",DWNULWBSCIJVRK,QJWFVIVYQTUNSR,CCC(NC(=O)c1ccc(Cl)cc1)[C@H]1[C@@H]2C[C@@H](n3cnc4ccccc43)C[C@@H]21,CCC(NC(=O)c1ccc(Cl)cc1)[C@H]1[C@@H]2C[C@@H](n3cnc4ccc(F)cc43)C[C@@H]21,Ar-H_to_Ar-F,1,23,1,"{""1"": -1, ""9"": 1}",1.130333768495006,1.0718820073061255,-0.058451761188880624,1,1,1,0.0,0.0,0.0,CL,CL,mL.min-1.kg-1,mL.min-1.kg-1,,,1,1,0,0,1,0,1,1,pending,Verify the parent/fluorinated identity and assay-table values in the cited source.
HLM,2133629,121318,10.1021/acs.jmedchem.1c00679,"Discovery of IACS-9779 and IACS-70465 as Potent Inhibitors Targeting Indoleamine 2,3-Dioxygenase 1 (IDO1) Apoenzyme.",DWNULWBSCIJVRK,XNUPGPWBJNYPSC,CCC(NC(=O)c1ccc(Cl)cc1)[C@H]1[C@@H]2C[C@@H](n3cnc4ccccc43)C[C@@H]21,CCC(NC(=O)c1ccc(Cl)cc1)[C@H]1[C@@H]2C[C@@H](n3cnc4cccc(F)c43)C[C@@H]21,Ar-H_to_Ar-F,1,24,1,"{""1"": -1, ""9"": 1}",1.130333768495006,1.212187604403958,0.08185383590895179,0,1,1,0.0,0.0,0.0,CL,CL,mL.min-1.kg-1,mL.min-1.kg-1,,,1,1,0,0,1,0,1,1,pending,Verify the parent/fluorinated identity and assay-table values in the cited source.
HLM,501248,46450,10.1016/j.bmcl.2009.02.056,"8-[2-(4-Aryl-1-piperazinyl)ethyl]-2H-1,4-benzoxazin-3(4H)-ones: dual-acting 5-HT1 receptor antagonists and serotonin reuptake inhibitors--part II.",DYMOFCTVBPZWIC,SQAJJIRLNALPSN,Cc1ccc2c(N3CCN(CCc4cccc5c4OCC(=O)N5C)CC3)cccc2n1,Cc1ccc2c(N3CCN(CCc4cccc5c4OCC(=O)N5C)CC3)cc(F)cc2n1,Ar-H_to_Ar-F,1,27,1,"{""1"": -1, ""9"": 1}",0.4483971034577676,0.5733358400660676,0.12493873660830002,0,1,1,0.0,0.0,0.0,CL,CL,mL.min-1.g-1,mL.min-1.g-1,mL.min-1.kg-1,mL.min-1.kg-1,1,1,0,0,1,0,1,1,pending,Verify the parent/fluorinated identity and assay-table values in the cited source.
HLM,388720,31600,10.1016/j.bmcl.2006.05.075,Substituted chromones and quinolones as potent melanin-concentrating hormone receptor 1 antagonists.,DYRNKMXKRHDTNQ,SLQUSFKXKMWFSQ,CN(C)C1CCN(c2ccc(-c3coc4cc(-c5ccccc5)ccc4c3=O)cn2)C1,CN(C)C1CCN(c2ccc(-c3coc4cc(-c5ccc(F)cc5)ccc4c3=O)cn2)C1,Ar-H_to_Ar-F,1,20,1,"{""1"": -1, ""9"": 1}",1.3424226808222062,1.2041199826559248,-0.13830269816628138,1,1,1,0.0,0.0,0.0,CL,CL,mL.min-1.kg-1,mL.min-1.kg-1,,,1,1,0,0,1,0,1,1,pending,Verify the parent/fluorinated identity and assay-table values in the cited source.
HLM,853107,65507,10.1021/ml3000148,"A Potent and Orally Efficacious, Hydroxyethylamine-Based Inhibitor of β-Secretase.",FBJQDUYQPYABBR,AAHFBZODUHKGBC,CC(=O)N[C@@H](Cc1ccc(F)cc1)[C@H](O)CN[C@H]1CC2(CCC2)Oc2ncc(CC(C)(C)C)cc21,CC(=O)N[C@@H](Cc1ccc(F)cc1F)[C@H](O)CN[C@H]1CC2(CCC2)Oc2ncc(CC(C)(C)C)cc21,Ar-H_to_Ar-F,1,12,1,"{""1"": -1, ""9"": 1}",2.0975696394313714,1.919444210465237,-0.17812542896613448,1,1,1,0.0,0.0,0.0,CL,CL,mL.min-1.g-1,mL.min-1.g-1,mL.min-1.kg-1,mL.min-1.kg-1,1,1,0,0,1,0,1,1,pending,Verify the parent/fluorinated identity and assay-table values in the cited source.
HLM,1845911,111567,10.1021/acs.jmedchem.0c00628,"Discovery of <i>N</i>-Ethyl-4-[2-(4-fluoro-2,6-dimethyl-phenoxy)-5-(1-hydroxy-1-methyl-ethyl)phenyl]-6-methyl-7-oxo-1<i>H</i>-pyrrolo[2,3-<i>c</i>]pyridine-2-carboxamide (ABBV-744), a BET Bromodomain Inhibitor with Selectivity for the Second Bromodomain.",FBXGVPZCURIFQH,ZNGXUZDXVRDOBZ,CCNC(=O)c1cc2c(-c3cc(NS(=O)(=O)CC)ccc3Oc3c(C)cccc3C)cn(C)c(=O)c2[nH]1,CCNC(=O)c1cc2c(-c3cc(NS(=O)(=O)CC)ccc3Oc3c(C)cc(F)cc3C)cn(C)c(=O)c2[nH]1,Ar-H_to_Ar-F,1,26,1,"{""1"": -1, ""9"": 1}",2.263233538439489,2.500606922065987,0.23737338362649796,0,1,1,0.0,0.0,0.0,CL,CL,mL.min-1.kg-1,mL.min-1.kg-1,,,1,1,0,0,1,0,1,1,pending,Verify the parent/fluorinated identity and assay-table values in the cited source.
HLM,874019,66641,10.1021/jm3011838,Pharmacokinetic optimization of class-selective histone deacetylase inhibitors and identification of associated candidate predictive biomarkers of hepatocellular carcinoma tumor response.,FGVTXESYHLGRBC,XNQATTGYZIUBGW,Cc1cccc(NC(=O)[C@H]2CN(C)C[C@@H]2c2ccc(/C=C/C(=O)Nc3ccccc3N)cc2)c1,Cc1cc(NC(=O)[C@H]2CN(C)C[C@@H]2c2ccc(/C=C/C(=O)Nc3ccccc3N)cc2)ccc1F,Ar-H_to_Ar-F,1,33,1,"{""1"": -1, ""9"": 1}",1.146128035678238,1.1760912590556813,0.029963223377443393,0,1,1,0.0,0.0,0.0,CL,CL,mL.min-1.kg-1,mL.min-1.kg-1,,,1,1,0,0,1,0,1,1,pending,Verify the parent/fluorinated identity and assay-table values in the cited source.
HLM,982379,74904,10.1016/j.bmcl.2013.07.071,Discovery of cyclic sulfoxide hydroxyethylamines as potent and selective β-site APP-cleaving enzyme 1 (BACE1) inhibitors: structure based design and in vivo reduction of amyloid β-peptides.,FIUDDEQHPBHZBI,PZJIORSTWTVMPM,COC[C@@H](Oc1cc(C[C@@H]2C[S@@+]([O-])C[C@H](NCc3cccc(C(C)(C)C)c3)[C@H]2O)cc(F)c1N)C(F)(F)F,COC[C@@H](Oc1cc(C[C@@H]2C[S@@+]([O-])C[C@H](NCc3cc(C(C)(C)C)ccc3F)[C@H]2O)cc(F)c1N)C(F)(F)F,Ar-H_to_Ar-F,1,26,1,"{""1"": -1, ""9"": 1}",2.8067464891059926,2.670245853074124,-0.13650063603186835,1,2,1,0.07918124604762466,0.0,0.07918124604762466,CL,CL,mL.min-1.g-1,mL.min-1.g-1,mL.min-1.kg-1,mL.min-1.kg-1,1,1,0,0,1,0,1,1,pending,Verify the parent/fluorinated identity and assay-table values in the cited source.
HLM,863880,65939,10.1021/jm3005866,"The discovery and optimization of a novel class of potent, selective, and orally bioavailable anaplastic lymphoma kinase (ALK) inhibitors with potential utility for the treatment of cancer.",FJFHEMLIRUMYDY,WSTUJEXAPHIEIM,CC(C)NC(=O)[C@H]1CC[C@@H](n2c(NC(=O)c3ccccc3)nc3ccc(CN4CCC(C(C)(C)O)CC4)cc32)CC1,CC(C)NC(=O)[C@H]1CC[C@@H](n2c(NC(=O)c3ccc(F)cc3)nc3ccc(CN4CCC(C(C)(C)O)CC4)cc32)CC1,Ar-H_to_Ar-F,1,18,1,"{""1"": -1, ""9"": 1}",1.670245853074124,1.775756037844098,0.10551018476997398,0,1,1,0.0,0.0,0.0,CL,CL,mL.min-1.g-1,mL.min-1.g-1,mL.min-1.kg-1,mL.min-1.kg-1,1,1,0,0,1,0,1,1,pending,Verify the parent/fluorinated identity and assay-table values in the cited source.
HLM,863880,65939,10.1021/jm3005866,"The discovery and optimization of a novel class of potent, selective, and orally bioavailable anaplastic lymphoma kinase (ALK) inhibitors with potential utility for the treatment of cancer.",FJFHEMLIRUMYDY,ZPOFDMHUQICKGG,CC(C)NC(=O)[C@H]1CC[C@@H](n2c(NC(=O)c3ccccc3)nc3ccc(CN4CCC(C(C)(C)O)CC4)cc32)CC1,CC(C)NC(=O)[C@H]1CC[C@@H](n2c(NC(=O)c3cccc(F)c3)nc3ccc(CN4CCC(C(C)(C)O)CC4)cc32)CC1,Ar-H_to_Ar-F,1,19,1,"{""1"": -1, ""9"": 1}",1.670245853074124,2.076786033508079,0.40654018043395523,0,1,1,0.0,0.0,0.0,CL,CL,mL.min-1.g-1,mL.min-1.g-1,mL.min-1.kg-1,mL.min-1.kg-1,1,1,0,0,1,0,1,1,pending,Verify the parent/fluorinated identity and assay-table values in the cited source.
HLM,1810580,110470,10.1021/acs.jmedchem.8b00994,"Discovery, Structure-Activity Relationship, and Biological Characterization of a Novel Series of 6-((1 H-Pyrazolo[4,3- b]pyridin-3-yl)amino)-benzo[ d]isothiazole-3-carboxamides as Positive Allosteric Modulators of the Metabotropic Glutamate Receptor 4 (mGlu<sub>4</sub>).",FLWCYUXGFBGAIM,SEWTUAMNGASPPB,Cc1noc2ccc(Nc3[nH]nc4cccnc34)cc12,Cc1noc2ccc(Nc3[nH]nc4cc(F)cnc34)cc12,Ar-H_to_Ar-F,1,14,1,"{""1"": -1, ""9"": 1}",1.1702617153949575,1.3838153659804313,0.21355365058547382,0,1,1,0.0,0.0,0.0,CL,CL,mL.min-1.kg-1,mL.min-1.kg-1,,,1,1,0,0,1,0,1,1,pending,Verify the parent/fluorinated identity and assay-table values in the cited source.
HLM,1810580,110470,10.1021/acs.jmedchem.8b00994,"Discovery, Structure-Activity Relationship, and Biological Characterization of a Novel Series of 6-((1 H-Pyrazolo[4,3- b]pyridin-3-yl)amino)-benzo[ d]isothiazole-3-carboxamides as Positive Allosteric Modulators of the Metabotropic Glutamate Receptor 4 (mGlu<sub>4</sub>).",FLWCYUXGFBGAIM,ZYDFCUFZQFYWKO,Cc1noc2ccc(Nc3[nH]nc4cccnc34)cc12,Cc1noc2c(F)cc(Nc3[nH]nc4cccnc34)cc12,Ar-H_to_Ar-F,1,5,1,"{""1"": -1, ""9"": 1}",1.1702617153949575,1.4927603890268375,0.32249867363188,0,1,1,0.0,0.0,0.0,CL,CL,mL.min-1.kg-1,mL.min-1.kg-1,,,1,1,0,0,1,0,1,1,pending,Verify the parent/fluorinated identity and assay-table values in the cited source.
HLM,1810580,110470,10.1021/acs.jmedchem.8b00994,"Discovery, Structure-Activity Relationship, and Biological Characterization of a Novel Series of 6-((1 H-Pyrazolo[4,3- b]pyridin-3-yl)amino)-benzo[ d]isothiazole-3-carboxamides as Positive Allosteric Modulators of the Metabotropic Glutamate Receptor 4 (mGlu<sub>4</sub>).",FMJQBDRMAKWHII,CMKYFVFTNIFSHB,Cc1noc2ccc(Nc3[nH]nc4ncccc34)cc12,Cc1noc2c(F)cc(Nc3[nH]nc4ncccc34)cc12,Ar-H_to_Ar-F,1,5,1,"{""1"": -1, ""9"": 1}",1.9106244048892012,1.7007037171450194,-0.2099206877441817,1,1,1,0.0,0.0,0.0,CL,CL,mL.min-1.kg-1,mL.min-1.kg-1,,,1,1,0,0,1,0,1,1,pending,Verify the parent/fluorinated identity and assay-table values in the cited source.
HLM,1810580,110470,10.1021/acs.jmedchem.8b00994,"Discovery, Structure-Activity Relationship, and Biological Characterization of a Novel Series of 6-((1 H-Pyrazolo[4,3- b]pyridin-3-yl)amino)-benzo[ d]isothiazole-3-carboxamides as Positive Allosteric Modulators of the Metabotropic Glutamate Receptor 4 (mGlu<sub>4</sub>).",FMJQBDRMAKWHII,JRJYHSWBPDNZCM,Cc1noc2ccc(Nc3[nH]nc4ncccc34)cc12,Cc1noc2ccc(Nc3[nH]nc4ncc(F)cc34)cc12,Ar-H_to_Ar-F,1,15,1,"{""1"": -1, ""9"": 1}",1.9106244048892012,1.3729120029701065,-0.5377124019190946,1,1,1,0.0,0.0,0.0,CL,CL,mL.min-1.kg-1,mL.min-1.kg-1,,,1,1,0,0,1,0,1,1,pending,Verify the parent/fluorinated identity and assay-table values in the cited source.
HLM,2216808,123547,10.1021/acs.jmedchem.2c00675,Discovery and <i>In Vivo</i> Evaluation of ACT-660602: A Potent and Selective Antagonist of the Chemokine Receptor CXCR3 for Autoimmune Diseases.,FNWYUHTYYMOKEC,QSPYPBJJEIJUBY,CCOc1ncc(-c2nc(C(F)(F)F)sc2N2CCN(C(=O)Cn3ccc(C)n3)[C@H](C)C2)cn1,CCOc1ncc(-c2nc(C(F)(F)F)sc2N2CCN(C(=O)Cn3ccc(C(F)(F)F)n3)[C@H](C)C2)cn1,CH3_to_CF3,3,27,1,"{""1"": -3, ""9"": 3}",1.8877297972880303,1.3692158574101427,-0.5185139398778875,1,1,1,0.0,0.0,0.0,CL,CL,mL.min-1.g-1,mL.min-1.g-1,mL.min-1.kg-1,mL.min-1.kg-1,1,1,0,0,1,0,1,1,pending,Verify the parent/fluorinated identity and assay-table values in the cited source.
HLM,789191,60365,10.1016/j.bmcl.2011.10.002,"The discovery of AZD9164, a novel muscarinic M3 antagonist.",FPVBKJOAXYOMGD,FKEWCZKTNYQRTE,C[C@@](C(=O)O[C@H]1C[N+]2(CC(=O)Nc3ccccc3)CCC1CC2)(c1ccccc1)N1CCCCC1,C[C@@](C(=O)O[C@H]1C[N+]2(CC(=O)Nc3cccc(F)c3)CCC1CC2)(c1ccccc1)N1CCCCC1,Ar-H_to_Ar-F,1,16,1,"{""1"": -1, ""9"": 1}",1.8605775512444156,1.5996647787884168,-0.26091277245599875,1,1,1,0.0,0.0,0.0,CL,CL,mL.min-1.g-1,mL.min-1.g-1,mL.min-1.kg-1,mL.min-1.kg-1,1,1,0,0,1,0,1,1,pending,Verify the parent/fluorinated identity and assay-table values in the cited source.
HLM,2114596,120603,10.1021/acs.jmedchem.0c01448,Pyrazole Agonist of the Apelin Receptor Improves Symptoms of Metabolic Syndrome in Mice.,FQHBCDRUCUFIPW,RHQAUFANQUICQB,COc1cccc(OC)c1-c1cc(C(=O)N[C@@H](CCN2CCCCC2)CC(=O)NC2CCC2)nn1C1CCCC1,COc1cccc(OC)c1-c1cc(C(=O)N[C@@H](CCN2CCCCC2)CC(=O)NC2CC(F)(F)C2)nn1C1CCCC1,CH2_to_CF2,2,31,1,"{""1"": -2, ""9"": 2}",1.3010299956639813,1.510545010206612,0.20951501454263077,0,1,1,0.0,0.0,0.0,CL,CL,mL.min-1.kg-1,mL.min-1.kg-1,,,1,1,0,0,1,0,1,1,pending,Verify the parent/fluorinated identity and assay-table values in the cited source.
HLM,536356,44642,10.1016/j.bmcl.2008.08.105,Design and synthesis of 6-phenylnicotinamide derivatives as antagonists of TRPV1.,FQMMZAXRATYRCZ,NQDSUKJZNRLIIE,O=C(Nc1ccc2cccnc2c1)c1ccc(-c2ccccc2)nc1,O=C(Nc1ccc2cccnc2c1)c1ccc(-c2ccc(F)cc2)nc1,Ar-H_to_Ar-F,1,20,1,"{""1"": -1, ""9"": 1}",0.5595475555804343,0.2986347831244356,-0.26091277245599875,1,1,1,0.0,0.0,0.0,CL,CL,mL.min-1.g-1,mL.min-1.g-1,mL.min-1.kg-1,mL.min-1.kg-1,1,1,0,0,1,0,1,1,pending,Verify the parent/fluorinated identity and assay-table values in the cited source.
HLM,450509,37120,10.1021/jm070806a,Discovery of 1-[2-[(1S)-(3-dimethylaminopropionyl)amino-2-methylpropyl]-4-methylphenyl]-4-[(2R)-methyl-3-(4-chlorophenyl)-propionyl]piperazine as an orally active antagonist of the melanocortin-4 receptor for the potential treatment of cachexia.,FRHBHVROLQSPMW,NIDQERYOGAPSJL,Cc1ccc(N2CCN(C(=O)[C@H](C)Cc3ccc(Cl)cc3)CC2)c([C@@H](NC(=O)CCN(C)C)C(C)C)c1,Cc1ccc(N2CCN(C(=O)[C@H](C)Cc3ccc(Cl)cc3F)CC2)c([C@@H](NC(=O)CCN(C)C)C(C)C)c1,Ar-H_to_Ar-F,1,20,1,"{""1"": -1, ""9"": 1}",1.0863598306747482,1.2041199826559248,0.11776015198117662,0,1,1,0.0,0.0,0.0,CL,CL,mL.min-1.kg-1,mL.min-1.kg-1,,,1,1,0,0,1,0,1,1,pending,Verify the parent/fluorinated identity and assay-table values in the cited source.
HLM,496471,45766,10.1016/j.bmcl.2008.07.086,Discovery of benzoylpiperazines as a novel class of potent and selective GlyT1 inhibitors.,FSGKVHCWDKUUMJ,QYUJVXKCYGKGBB,CS(=O)(=O)c1ccc(-c2ccccc2)c(C(=O)N2CCN(c3ccc(C(F)(F)F)cc3)CC2)c1,CS(=O)(=O)c1ccc(-c2ccc(F)cc2)c(C(=O)N2CCN(c3ccc(C(F)(F)F)cc3)CC2)c1,Ar-H_to_Ar-F,1,11,1,"{""1"": -1, ""9"": 1}",4.147367107793786,4.147367107793786,0.0,0,1,1,0.0,0.0,0.0,CL,CL,mL.min-1.g-1,mL.min-1.g-1,mL.min-1.kg-1,mL.min-1.kg-1,1,1,0,0,1,0,1,1,pending,Verify the parent/fluorinated identity and assay-table values in the cited source.
HLM,977565,74639,10.1016/j.bmcl.2013.06.090,"Identification of 2,3-dihydro-1H-pyrrolo[3,4-c]pyridine-derived ureas as potent inhibitors of human nicotinamide phosphoribosyltransferase (NAMPT).",FSKWZBIVMXYVIB,LXEQFLOYTCPTOE,O=C(NCc1ccc(S(=O)(=O)C2CCCCC2)cc1)N1Cc2ccncc2C1,O=C(NCc1ccc(S(=O)(=O)C2CCC(F)(F)CC2)cc1)N1Cc2ccncc2C1,CH2_to_CF2,2,14,1,"{""1"": -2, ""9"": 2}",1.2041199826559248,0.7781512503836436,-0.42596873227228116,1,1,1,0.0,0.0,0.0,CL,CL,mL.min-1.kg-1,mL.min-1.kg-1,,,1,1,0,0,1,0,1,1,pending,Verify the parent/fluorinated identity and assay-table values in the cited source.
HLM,2089339,119817,10.1016/j.ejmech.2020.112424,Discovery of coumarin derivatives as potent and selective cyclin-dependent kinase 9 (CDK9) inhibitors with high antitumour activity.,FTGMCTBSWOHGKU,RDOKVGWGKMHBMG,COc1cc(F)ccc1-c1ccnc(Nc2ccc3c(N4CCOCC4)c(C(C)=O)c(=O)oc3c2)n1,COc1cc(F)ccc1-c1nc(Nc2ccc3c(N4CCOCC4)c(C(C)=O)c(=O)oc3c2)ncc1F,Ar-H_to_Ar-F,1,35,1,"{""1"": -1, ""9"": 1}",1.6851862028670606,1.6570175873403687,-0.02816861552669181,1,1,1,0.0,0.0,0.0,CL,CL,mL.min-1.g-1,mL.min-1.g-1,mL.min-1.kg-1,mL.min-1.kg-1,1,1,0,0,1,0,1,1,pending,Verify the parent/fluorinated identity and assay-table values in the cited source.
HLM,853107,65507,10.1021/ml3000148,"A Potent and Orally Efficacious, Hydroxyethylamine-Based Inhibitor of β-Secretase.",FYUUNYNZWADHLV,MYTVXNHBRORZBI,CC(=O)N[C@@H](Cc1cccc(C(F)(F)F)c1)[C@H](O)CN[C@H]1CC2(CCC2)Oc2ncc(CC(C)(C)C)cc21,CC(=O)N[C@@H](Cc1ccc(F)c(C(F)(F)F)c1)[C@H](O)CN[C@H]1CC2(CCC2)Oc2ncc(CC(C)(C)C)cc21,Ar-H_to_Ar-F,1,9,1,"{""1"": -1, ""9"": 1}",2.556736578246606,2.1952906601109694,-0.36144591813563665,1,1,1,0.0,0.0,0.0,CL,CL,mL.min-1.g-1,mL.min-1.g-1,mL.min-1.kg-1,mL.min-1.kg-1,1,1,0,0,1,0,1,1,pending,Verify the parent/fluorinated identity and assay-table values in the cited source.
HLM,1925814,114173,10.1021/acs.jmedchem.6b00425,Application of a Parallel Synthetic Strategy in the Discovery of Biaryl Acyl Sulfonamides as Efficient and Selective NaV1.7 Inhibitors.,FZYCZJOQFWMVCT,DGHAHFNJROJTII,COc1cc(C(=O)NS(C)(=O)=O)ccc1-c1cnc(OC2CCC2)c(Cl)c1,COc1cc(C(=O)NS(C)(=O)=O)c(F)cc1-c1cnc(OC2CCC2)c(Cl)c1,Ar-H_to_Ar-F,1,12,1,"{""1"": -1, ""9"": 1}",2.076786033508079,2.2750117377780112,0.19822570426993202,0,1,1,0.0,0.0,0.0,CL,CL,mL.min-1.g-1,mL.min-1.g-1,mL.min-1.kg-1,mL.min-1.kg-1,1,1,0,0,1,0,1,1,pending,Verify the parent/fluorinated identity and assay-table values in the cited source.
HLM,2157786,121885,10.1021/acsmedchemlett.2c00055,Fluoroalkylation of Dextromethorphan Improves CNS Exposure and Metabolic Stability.,GDTQGQQSMOOSMP,AFLNMGAGYFICEC,CN1CC[C@@]23CCCC[C@@H]2[C@@H]1Cc1ccc(C(C)(F)F)cc13,CN1CC[C@@]23CCCC[C@@H]2[C@@H]1Cc1ccc(C(F)(F)C(F)(F)F)cc13,CH3_to_CF3,3,19,1,"{""1"": -3, ""9"": 3}",0.8284504283431942,1.0791812460476249,0.25073081770443073,0,2,2,0.1937233263129109,0.15836249209524977,0.1937233263129109,CL,CL,mL.min-1.kg-1,mL.min-1.kg-1,,,1,1,0,0,1,0,1,1,pending,Verify the parent/fluorinated identity and assay-table values in the cited source.
HLM,858344,65886,10.1016/j.bmcl.2012.08.100,Discovery and characterization of AZD9272 and AZD6538-Two novel mGluR5 negative allosteric modulators selected for clinical development.,GELAFISMURFRCA,RBSPCALDSNXWEP,N#Cc1cc(F)cc(-c2nc(-c3ccccn3)no2)c1,N#Cc1cc(F)cc(-c2nc(-c3ccc(F)cn3)no2)c1,Ar-H_to_Ar-F,1,14,1,"{""1"": -1, ""9"": 1}",2.031973689091717,1.1985196302411678,-0.833454058850549,1,1,1,0.0,0.0,0.0,CL,CL,mL.min-1.g-1,mL.min-1.g-1,mL.min-1.kg-1,mL.min-1.kg-1,1,1,0,0,1,0,1,1,pending,Verify the parent/fluorinated identity and assay-table values in the cited source.
HLM,1921430,113971,10.1021/acs.jmedchem.8b01679,Design and Synthesis of a Novel and Selective Kappa Opioid Receptor (KOR) Antagonist (BTRX-335140).,GEUGRQYYFPZRCQ,NWDCTXUFRKENTN,CCc1ccc2nc(N3CCC(N[C@@H]4CCCOC4)CC3)c(-c3nc(C)no3)cc2c1,CCc1cc(F)c2nc(N3CCC(N[C@@H]4CCCOC4)CC3)c(-c3nc(C)no3)cc2c1,Ar-H_to_Ar-F,1,4,1,"{""1"": -1, ""9"": 1}",1.6053050461411094,1.0791812460476249,-0.5261238000934845,1,1,1,0.0,0.0,0.0,CL,CL,mL.min-1.kg-1,mL.min-1.kg-1,,,1,1,0,0,1,0,1,1,pending,Verify the parent/fluorinated identity and assay-table values in the cited source.
HLM,751259,57778,10.1016/j.bmc.2011.03.035,Development and SAR of functionally selective allosteric modulators of GABAA receptors.,GHAKOMSWWPIYKC,JFIKLORMMPFPHK,CCn1cc2nc3c(-c4cc(OC)ccc4OC)cccc3c(N)c2c1O,CCn1cc2nc3c(-c4cc(OC)ccc4OC)c(F)ccc3c(N)c2c1O,Ar-H_to_Ar-F,1,18,1,"{""1"": -1, ""9"": 1}",1.2723058444020865,0.670245853074124,-0.6020599913279625,1,1,1,0.0,0.0,0.0,CL,CL,mL.min-1.g-1,mL.min-1.g-1,mL.min-1.kg-1,mL.min-1.kg-1,1,1,0,0,1,0,1,1,pending,Verify the parent/fluorinated identity and assay-table values in the cited source.
HLM,630935,51179,10.1016/j.bmcl.2010.03.094,"Discovery of 2-chloro-N-((4,4-difluoro-1-hydroxycyclohexyl)methyl)-5-(5-fluoropyrimidin-2-yl)benzamide as a potent and CNS penetrable P2X7 receptor antagonist.",GKCWCLHXKQQJNL,NZAHMXCZCUYJQD,O=C(NCC1(O)CCCCCC1)c1cc(-c2ccccn2)ccc1Cl,O=C(NCC1(O)CCCCCC1)c1cc(-c2ccc(F)cn2)ccc1Cl,Ar-H_to_Ar-F,1,18,1,"{""1"": -1, ""9"": 1}",1.724275869600789,1.462397997898956,-0.26187787170183285,1,1,1,0.0,0.0,0.0,CL,CL,mL.min-1.kg-1,mL.min-1.kg-1,,,1,1,0,0,1,0,1,1,pending,Verify the parent/fluorinated identity and assay-table values in the cited source.
HLM,2072215,119235,10.1016/j.bmcl.2020.127418,"Discovery, synthesis and characterization of a series of 7-aryl-imidazo[1,2-a]pyridine-3-ylquinolines as activin-like kinase (ALK) inhibitors.",GLNHGBGBCHOYLN,VGNKRPOVFPKJEN,Cc1cc(-c2cnc3cc(-c4ccc(C5COCCN5)cc4)ccn23)c2ccccc2n1,Cc1cc(-c2cnc3cc(-c4ccc(C5COCCN5)cc4)ccn23)c2cc(F)ccc2n1,Ar-H_to_Ar-F,1,27,1,"{""1"": -1, ""9"": 1}",2.143014800254095,2.1271047983648077,-0.015910001889287262,1,1,1,0.0,0.0,0.0,CL,CL,mL.min-1.kg-1,mL.min-1.kg-1,,,1,1,0,0,1,0,1,1,pending,Verify the parent/fluorinated identity and assay-table values in the cited source.
HLM,2223393,123813,10.1021/acs.jmedchem.2c00313,SAGE-718: A First-in-Class <i>N</i>-Methyl-d-Aspartate Receptor Positive Allosteric Modulator for the Potential Treatment of Cognitive Impairment.,GLXBRGHIMATFKV,BVBRUQYHUXKZMQ,C[C@H](CCC(C)(C)O)[C@H]1CC[C@H]2[C@@H]3CC=C4C[C@@](C)(O)CC[C@]4(C)[C@H]3CC[C@]12C,C[C@H](CC[C@](C)(O)C(F)(F)F)[C@H]1CC[C@H]2[C@@H]3CC=C4C[C@@](C)(O)CC[C@]4(C)[C@H]3CC[C@]12C,CH3_to_CF3,3,7,1,"{""1"": -3, ""9"": 3}",0.823930455125564,0.823930455125564,0.0,0,1,1,0.0,0.0,0.0,CL,CL,mL.min-1.kg-1,mL.min-1.kg-1,,,1,1,0,0,1,0,1,1,pending,Verify the parent/fluorinated identity and assay-table values in the cited source.
HLM,2120429,120836,10.1016/j.ejmech.2021.113718,Synthesis and analysis of dihydrotetrabenazine derivatives as novel vesicular monoamine transporter 2 inhibitors.,GMIKCMWFQLESAU,JXFGMMABBUBPCW,CCOc1cc2c(cc1OC)C1CC(O)C(CC(C)C)CN1CC2,COc1cc2c(cc1OCC(F)(F)F)CCN1CC(CC(C)C)C(O)CC21,CH3_to_CF3,3,10,1,"{""1"": -3, ""9"": 3}",1.1583624920952498,0.9344984512435677,-0.2238640408516821,1,1,1,0.0,0.0,0.0,CL,CL,mL.min-1.kg-1,mL.min-1.kg-1,,,1,1,0,0,1,0,1,1,pending,Verify the parent/fluorinated identity and assay-table values in the cited source.
HLM,812134,61472,10.1016/j.bmcl.2012.01.015,"Discovery and hit-to-lead optimization of pyrrolopyrimidines as potent, state-dependent Na(v)1.7 antagonists.",GMNUDKNXDRQFJE,BEJUVCBQQYRZCJ,Cc1ccc(Cn2ccc3c(OC4CCN(Cc5cscn5)CC4)ncnc32)cc1,FC(F)(F)c1ccc(Cn2ccc3c(OC4CCN(Cc5cscn5)CC4)ncnc32)cc1,CH3_to_CF3,3,1,1,"{""1"": -3, ""9"": 3}",2.2613104601006233,2.3186058640550558,0.057295403954432444,0,1,1,0.0,0.0,0.0,CL,CL,mL.min-1.g-1,mL.min-1.g-1,mL.min-1.kg-1,mL.min-1.kg-1,1,1,0,0,1,0,1,1,pending,Verify the parent/fluorinated identity and assay-table values in the cited source.
HLM,820024,62033,10.1016/j.bmcl.2012.04.128,"N-Methyl-3-(tetrahydro-2H-pyran-4-yl)-2,3,4,9-tetrahydro-1H-carbazole-6-carboxamides as a novel class of cannabinoid receptors agonists with low CNS penetration.",GMNVCBCXIRKAHE,LHROVEQUEJTMFN,CCNC(=O)CC[C@@H](CO)N(C)C(=O)c1ccc2c(c1)c1c(n2C)CC[C@@H](C2CCOCC2)C1,CN(C(=O)c1ccc2c(c1)c1c(n2C)CC[C@@H](C2CCOCC2)C1)[C@H](CO)CCC(=O)NCCF,C-H_to_C-F,1,33,1,"{""1"": -1, ""9"": 1}",1.390405156480081,1.499549625905149,0.10914446942506806,0,1,1,0.0,0.0,0.0,CL,CL,mL.min-1.g-1,mL.min-1.g-1,mL.min-1.kg-1,mL.min-1.kg-1,1,1,0,0,1,0,1,1,pending,Verify the parent/fluorinated identity and assay-table values in the cited source.
HLM,2266261,125043,10.1021/acsmedchemlett.2c00500,Macrocyclic Retinoic Acid Receptor-Related Orphan Receptor C2 Inverse Agonists.,GMUUZFVHYAPQEI,VXFMIUPXRHHRGD,Cc1c2cccc1NS(=O)(=O)CCCCC[C@H]1CN(CCN1C(=O)C(C)C)C2,Cc1c2cc(F)cc1NS(=O)(=O)CCCCC[C@H]1CN(CCN1C(=O)C(C)C)C2,Ar-H_to_Ar-F,1,4,1,"{""1"": -1, ""9"": 1}",2.4164907247943224,2.379939722801916,-0.03655100199240646,1,1,1,0.0,0.0,0.0,CL,CL,mL.min-1.g-1,mL.min-1.g-1,mL.min-1.kg-1,mL.min-1.kg-1,1,1,0,0,1,0,1,1,pending,Verify the parent/fluorinated identity and assay-table values in the cited source.
HLM,467091,38671,10.1021/jm701487t,Benzodioxoles: novel cannabinoid-1 receptor inverse agonists for the treatment of obesity.,GNUDAIROHJOQGV,VUCKSZWMRCSPME,O=C(c1ccc2c(c1)OC(c1ccc(F)cc1)(c1ccc(Cl)cc1Cl)O2)N1CCOCC1,O=C(c1cc2c(cc1F)OC(c1ccc(F)cc1)(c1ccc(Cl)cc1Cl)O2)N1CCOCC1,Ar-H_to_Ar-F,1,7,1,"{""1"": -1, ""9"": 1}",1.3469394626989906,1.0681858617461617,-0.27875360095282886,1,1,1,0.0,0.0,0.0,CL,CL,mL.min-1.g-1,mL.min-1.g-1,mL.min-1.kg-1,mL.min-1.kg-1,1,1,0,0,1,0,1,1,pending,Verify the parent/fluorinated identity and assay-table values in the cited source.
HLM,2118298,120738,10.1021/acs.jmedchem.1c00847,GDC-9545 (Giredestrant): A Potent and Orally Bioavailable Selective Estrogen Receptor Antagonist and Degrader with an Exceptional Preclinical Profile for ER+ Breast Cancer.,GQCXHIKRWBIQMD,CQQRFPSWPGCKCH,C[C@@H]1Cc2c([nH]c3ccccc23)[C@@H](c2c(F)cc(NC3CN(CCCF)C3)cc2F)N1CC(F)(F)CO,C[C@@H]1Cc2c([nH]c3cccc(F)c23)[C@@H](c2c(F)cc(NC3CN(CCCF)C3)cc2F)N1CC(F)(F)CO,Ar-H_to_Ar-F,1,10,1,"{""1"": -1, ""9"": 1}",1.0413926851582251,1.0791812460476249,0.03778856088939975,0,1,1,0.0,0.0,0.0,CL,CL,mL.min-1.kg-1,mL.min-1.kg-1,,,1,1,0,0,1,0,1,1,pending,Verify the parent/fluorinated identity and assay-table values in the cited source.
HLM,2118298,120738,10.1021/acs.jmedchem.1c00847,GDC-9545 (Giredestrant): A Potent and Orally Bioavailable Selective Estrogen Receptor Antagonist and Degrader with an Exceptional Preclinical Profile for ER+ Breast Cancer.,GQCXHIKRWBIQMD,DGCYBRDAKZFTDA,C[C@@H]1Cc2c([nH]c3ccccc23)[C@@H](c2c(F)cc(NC3CN(CCCF)C3)cc2F)N1CC(F)(F)CO,C[C@@H]1Cc2c([nH]c3c(F)cccc23)[C@@H](c2c(F)cc(NC3CN(CCCF)C3)cc2F)N1CC(F)(F)CO,Ar-H_to_Ar-F,1,7,1,"{""1"": -1, ""9"": 1}",1.0413926851582251,1.0413926851582251,0.0,0,1,1,0.0,0.0,0.0,CL,CL,mL.min-1.kg-1,mL.min-1.kg-1,,,1,1,0,0,1,0,1,1,pending,Verify the parent/fluorinated identity and assay-table values in the cited source.
HLM,2118298,120738,10.1021/acs.jmedchem.1c00847,GDC-9545 (Giredestrant): A Potent and Orally Bioavailable Selective Estrogen Receptor Antagonist and Degrader with an Exceptional Preclinical Profile for ER+ Breast Cancer.,GQCXHIKRWBIQMD,IHPLYTHECYNRBF,C[C@@H]1Cc2c([nH]c3ccccc23)[C@@H](c2c(F)cc(NC3CN(CCCF)C3)cc2F)N1CC(F)(F)CO,C[C@@H]1Cc2c([nH]c3ccc(F)cc23)[C@@H](c2c(F)cc(NC3CN(CCCF)C3)cc2F)N1CC(F)(F)CO,Ar-H_to_Ar-F,1,9,1,"{""1"": -1, ""9"": 1}",1.0413926851582251,1.0,-0.04139268515822514,1,1,1,0.0,0.0,0.0,CL,CL,mL.min-1.kg-1,mL.min-1.kg-1,,,1,1,0,0,1,0,1,1,pending,Verify the parent/fluorinated identity and assay-table values in the cited source.
HLM,2118298,120738,10.1021/acs.jmedchem.1c00847,GDC-9545 (Giredestrant): A Potent and Orally Bioavailable Selective Estrogen Receptor Antagonist and Degrader with an Exceptional Preclinical Profile for ER+ Breast Cancer.,GQCXHIKRWBIQMD,NESQDZKUKHWOLS,C[C@@H]1Cc2c([nH]c3ccccc23)[C@@H](c2c(F)cc(NC3CN(CCCF)C3)cc2F)N1CC(F)(F)CO,C[C@@H]1Cc2c([nH]c3cc(F)ccc23)[C@@H](c2c(F)cc(NC3CN(CCCF)C3)cc2F)N1CC(F)(F)CO,Ar-H_to_Ar-F,1,8,1,"{""1"": -1, ""9"": 1}",1.0413926851582251,0.9542425094393249,-0.08715017571890027,1,1,1,0.0,0.0,0.0,CL,CL,mL.min-1.kg-1,mL.min-1.kg-1,,,1,1,0,0,1,0,1,1,pending,Verify the parent/fluorinated identity and assay-table values in the cited source.
HLM,2216919,123549,10.1021/acs.jmedchem.2c00676,"Design, Synthesis, and Pharmacological Evaluation of Benzimidazolo-thiazoles as Potent CXCR3 Antagonists with Therapeutic Potential in Autoimmune Diseases: Discovery of ACT-672125.",GQETWNSPPDJJEM,PTPLFXLDZSNCPH,Cc1nc(C)n(CC(=O)N2CCN(c3sc(C(F)(F)F)nc3-c3nc4ccccc4[nH]3)C[C@H]2C)n1,Cc1nc(C)n(CC(=O)N2CCN(c3sc(C(F)(F)F)nc3-c3nc4c(F)cccc4[nH]3)C[C@H]2C)n1,Ar-H_to_Ar-F,1,25,1,"{""1"": -1, ""9"": 1}",1.545307116465824,1.4483971034577676,-0.09691001300805646,1,1,1,0.0,0.0,0.0,CL,CL,mL.min-1.g-1,mL.min-1.g-1,mL.min-1.kg-1,mL.min-1.kg-1,1,1,0,0,1,0,1,1,pending,Verify the parent/fluorinated identity and assay-table values in the cited source.
HLM,812134,61472,10.1016/j.bmcl.2012.01.015,"Discovery and hit-to-lead optimization of pyrrolopyrimidines as potent, state-dependent Na(v)1.7 antagonists.",GQJOVRAJLZZUTH,UMLBPTKZCLVUIO,Cc1ccccc1Cn1ccc2c(OC3CCN(Cc4cscn4)CC3)ncnc21,FC(F)(F)c1ccccc1Cn1ccc2c(OC3CCN(Cc4cscn4)CC3)ncnc21,CH3_to_CF3,3,1,1,"{""1"": -3, ""9"": 3}",2.4897897886159925,2.464385208841898,-0.025404579774094493,1,1,1,0.0,0.0,0.0,CL,CL,mL.min-1.g-1,mL.min-1.g-1,mL.min-1.kg-1,mL.min-1.kg-1,1,1,0,0,1,0,1,1,pending,Verify the parent/fluorinated identity and assay-table values in the cited source.
HLM,751259,57778,10.1016/j.bmc.2011.03.035,Development and SAR of functionally selective allosteric modulators of GABAA receptors.,GQMUWCBZEGCPJZ,WGCPZHIFHUFWEV,COc1ccc(OC)c(-c2cccc3c(N)c4c(O)n(C5CCC5)cc4nc23)c1,COc1ccc(OC)c(-c2c(F)ccc3c(N)c4c(O)n(C5CCC5)cc4nc23)c1,Ar-H_to_Ar-F,1,10,1,"{""1"": -1, ""9"": 1}",1.7402837196818792,1.8316138553090988,0.09133013562721959,0,1,1,0.0,0.0,0.0,CL,CL,mL.min-1.g-1,mL.min-1.g-1,mL.min-1.kg-1,mL.min-1.kg-1,1,1,0,0,1,0,1,1,pending,Verify the parent/fluorinated identity and assay-table values in the cited source.
HLM,1793528,109728,10.1021/acs.jmedchem.8b01222,Reducing the Lipophilicity of Perfluoroalkyl Groups by CF2-F/CF2-Me or CF3/CH3 Exchange.,GRHBODILPPXVKN,VDMBOSAQISDFJX,CCCCOc1cccc(CCNCC(=O)N(C)C)c1,CN(C)C(=O)CNCCc1cccc(OCCC(C)(F)F)c1,CH2_to_CF2,2,17,1,"{""1"": -2, ""9"": 2}",1.1821292140529984,0.9132839017604184,-0.26884531229258,1,1,1,0.0,0.0,0.0,CL,CL,mL.min-1.g-1,mL.min-1.g-1,mL.min-1.kg-1,mL.min-1.kg-1,1,1,0,0,1,0,1,1,pending,Verify the parent/fluorinated identity and assay-table values in the cited source.
HLM,834895,63001,10.1016/j.bmcl.2012.06.087,Orally available pyridinylpyrimidine derivatives as novel RANKL-induced osteoclastogenesis inhibitors.,GZIPJTDUDKQMMA,WZTXCIJAMBUMOO,COc1cnc(-c2ccccn2)nc1NCc1ccccc1C(F)(F)F,COc1cnc(-c2ccccn2)nc1NCc1ccc(F)cc1C(F)(F)F,Ar-H_to_Ar-F,1,19,1,"{""1"": -1, ""9"": 1}",1.8864907251724818,1.8864907251724818,0.0,0,1,1,0.0,0.0,0.0,CL,CL,mL.min-1.kg-1,mL.min-1.kg-1,,,1,1,0,0,1,0,1,1,pending,Verify the parent/fluorinated identity and assay-table values in the cited source.
HLM,2262312,124870,10.1016/j.bmcl.2022.129006,Synthesis and antidepressant activity of novel 1-(1-benzoylpiperidin-4-yl) methanamine derivatives selectively targeting SSRI/5-HT<sub>1A</sub>.,HCVIGPQXPNXQSD,GHTQLAJAELADED,O=C(c1cccc(Cl)c1)N1CCC(CNCCCc2c[nH]c3ccc(F)cc23)CC1,O=C(c1ccc(F)c(Cl)c1)N1CCC(CNCCCc2c[nH]c3ccc(F)cc23)CC1,Ar-H_to_Ar-F,1,5,1,"{""1"": -1, ""9"": 1}",2.2523092159858327,1.7826832703959676,-0.46962594558986503,1,1,1,0.0,0.0,0.0,CL,CL,mL.min-1.g-1,mL.min-1.g-1,mL.min-1.kg-1,mL.min-1.kg-1,1,1,0,0,1,0,1,1,pending,Verify the parent/fluorinated identity and assay-table values in the cited source.
HLM,834895,63001,10.1016/j.bmcl.2012.06.087,Orally available pyridinylpyrimidine derivatives as novel RANKL-induced osteoclastogenesis inhibitors.,HDTFWSMQGOILNL,NSROMLZGKSTOEF,COc1cnc(-c2ccccn2)nc1N1CCCC1,COc1cnc(-c2ccccn2)nc1N1CCC(F)(F)C1,CH2_to_CF2,2,17,1,"{""1"": -2, ""9"": 2}",2.660865478003869,2.4913616938342726,-0.16950378416959655,1,1,1,0.0,0.0,0.0,CL,CL,mL.min-1.kg-1,mL.min-1.kg-1,,,1,1,0,0,1,0,1,1,pending,Verify the parent/fluorinated identity and assay-table values in the cited source.
HLM,657974,52714,10.1021/jm100482n,"Design and synthesis of novel tricyclic benzoxazines as potent 5-HT(1A/B/D) receptor antagonists leading to the discovery of 6-{2-[4-(2-methyl-5-quinolinyl)-1-piperazinyl]ethyl}-4H-imidazo[5,1-c][1,4]benzoxazine-3-carboxamide (GSK588045).",HEHHNIMMUJHLIO,SKGSBVPKDPLIEF,Cc1cn2c(n1)COc1c(CCN3CCN(c4cccc5nc(C)ccc45)CC3)cccc1-2,Cc1ccc2c(N3CCN(CCc4cccc5c4OCc4nc(C(F)(F)F)cn4-5)CC3)cccc2n1,CH3_to_CF3,3,23,1,"{""1"": -3, ""9"": 3}",0.5453071164658241,0.10957854690438673,-0.43572856956143735,1,1,1,0.0,0.0,0.0,CL,CL,mL.min-1.g-1,mL.min-1.g-1,mL.min-1.kg-1,mL.min-1.kg-1,1,1,0,0,1,0,1,1,pending,Verify the parent/fluorinated identity and assay-table values in the cited source.
HLM,637914,51593,10.1016/j.bmc.2010.04.077,"A statistical analysis of in vitro human microsomal metabolic stability of small phenyl group substituents, leading to improved design sets for parallel SAR exploration of a chemical series.",HFWSBSZUEUHMRM,OJRBYISQZIBETE,Cc1ccc(C(=O)N2CCC(C(=O)c3ccc(F)cc3)CC2)cc1,O=C(c1ccc(F)cc1)C1CCN(C(=O)c2ccc(C(F)(F)F)cc2)CC1,CH3_to_CF3,3,19,1,"{""1"": -3, ""9"": 3}",1.6893621435211967,1.258517559916453,-0.43084458360474365,1,1,1,0.0,0.0,0.0,CL,CL,mL.min-1.g-1,mL.min-1.g-1,mL.min-1.kg-1,mL.min-1.kg-1,1,1,0,0,1,0,1,1,pending,Verify the parent/fluorinated identity and assay-table values in the cited source.
HLM,803092,61153,10.1016/j.bmcl.2011.12.117,"Balancing hERG affinity and absorption in the discovery of AZD5672, an orally active CCR5 antagonist for the treatment of rheumatoid arthritis.",HGUBMNSXGREHNN,YMVUDXXJWGJTPG,CCN(C(=O)Cc1ccc(S(C)(=O)=O)cc1)C1CCN(CCC(c2ccccc2)C2CCN(S(=O)(=O)CC)CC2)CC1,CCN(C(=O)Cc1ccc(S(C)(=O)=O)cc1)C1CCN(CCC(c2ccccc2)C2CCN(S(=O)(=O)CC(F)(F)F)CC2)CC1,CH3_to_CF3,3,37,1,"{""1"": -3, ""9"": 3}",1.8535156967569286,1.515343893088381,-0.3381718036685477,1,1,1,0.0,0.0,0.0,CL,CL,mL.min-1.g-1,mL.min-1.g-1,mL.min-1.kg-1,mL.min-1.kg-1,1,1,0,0,1,0,1,1,pending,Verify the parent/fluorinated identity and assay-table values in the cited source.
HLM,746944,57544,10.1021/jm200128m,"Optimization of potent, selective, and orally bioavailable pyrrolodinopyrimidine-containing inhibitors of heat shock protein 90. Identification of development candidate 2-amino-4-{4-chloro-2-[2-(4-fluoro-1H-pyrazol-1-yl)ethoxy]-6-methylphenyl}-N-(2,2-difluoropropyl)-5,7-dihydro-6H-pyrrolo[3,4-d]pyrimidine-6-carboxamide.",HHVKWRGBSXPPJI,BXUPOUMTIMEFOP,Nc1nc2c(c(-c3c(Cl)cc(Cl)cc3OCCn3cccn3)n1)CN(C(=O)NC1CCC1)C2,Nc1nc2c(c(-c3c(Cl)cc(Cl)cc3OCCn3cccn3)n1)CN(C(=O)NC1CC(F)(F)C1)C2,CH2_to_CF2,2,30,1,"{""1"": -2, ""9"": 2}",1.7494270991217489,1.390405156480081,-0.35902194264166787,1,1,1,0.0,0.0,0.0,CL,CL,mL.min-1.g-1,mL.min-1.g-1,mL.min-1.kg-1,mL.min-1.kg-1,1,1,0,0,1,0,1,1,pending,Verify the parent/fluorinated identity and assay-table values in the cited source.
HLM,959443,73675,10.1021/jm4000038,"Discovery of novel, induced-pocket binding oxazolidinones as potent, selective, and orally bioavailable tankyrase inhibitors.",HJUQWFCFPAEZGB,NKPDQKILCAOJCZ,CC1(C)OC(=O)N([C@H]2CC[C@H](NC(=O)c3ccnc4cccnc34)CC2)[C@H]1c1ccccc1,CC1(C)OC(=O)N([C@H]2CC[C@H](NC(=O)c3ccnc4cc(F)cnc34)CC2)[C@H]1c1ccccc1,Ar-H_to_Ar-F,1,20,1,"{""1"": -1, ""9"": 1}",1.624488362513449,1.775756037844098,0.151267675330649,0,1,1,0.0,0.0,0.0,CL,CL,mL.min-1.g-1,mL.min-1.g-1,mL.min-1.kg-1,mL.min-1.kg-1,1,1,0,0,1,0,1,1,pending,Verify the parent/fluorinated identity and assay-table values in the cited source.
HLM,686317,53996,10.1016/j.bmcl.2010.09.064,"Design, synthesis and SAR of a novel series of benzimidazoles as potent NPY Y5 antagonists.",HLMMAUXFZLRZEP,YRFZDCNXFCWVLF,O=C1O[C@]2(CC[C@H](c3nc4cc(OC(F)(F)F)ccc4[nH]3)CC2)CN1c1ccccn1,O=C1O[C@]2(CC[C@H](c3nc4cc(OC(F)(F)F)ccc4[nH]3)CC2)CN1c1cccc(F)n1,Ar-H_to_Ar-F,1,29,1,"{""1"": -1, ""9"": 1}",-0.23284413391781958,-0.23284413391781958,0.0,0,1,1,0.0,0.0,0.0,CL,CL,mL.min-1.g-1,mL.min-1.g-1,mL.min-1.kg-1,mL.min-1.kg-1,1,1,0,0,1,0,1,1,pending,Verify the parent/fluorinated identity and assay-table values in the cited source.
HLM,2253674,124678,10.1021/acs.jmedchem.2c00398,"Structure-Aided Design, Synthesis, and Biological Evaluation of Potent and Selective Non-Nucleoside Inhibitors Targeting Protein Arginine Methyltransferase 5.",HMQBXYQUDOVTJJ,GKWQGBRAJHDHPX,C[C@H](Oc1ccc(-c2nc3c(C4=CCNCC4)ncnc3[nH]2)cc1)c1ccccc1,C[C@H](Oc1ccc(-c2nc3c(C4=CCNCC4)ncnc3[nH]2)c(F)c1)c1ccccc1,Ar-H_to_Ar-F,1,22,1,"{""1"": -1, ""9"": 1}",1.545307116465824,1.7740495740300808,0.2287424575642567,0,1,1,0.0,0.0,0.0,CL,CL,mL.min-1.g-1,mL.min-1.g-1,mL.min-1.kg-1,mL.min-1.kg-1,1,1,0,0,1,0,1,1,pending,Verify the parent/fluorinated identity and assay-table values in the cited source.
HLM,1369285,84147,10.6019/CHEMBL3301361,Experimental in vitro DMPK and physicochemical data on a set of publicly disclosed compounds,HNEVUPPOOWAXPS,QSWGEOMEAZNPPB,CCn1nc(C)c(C(=O)N[C@@H](C)C(C)(C)C)c1NS(=O)(=O)c1ccc(C)cc1,Cc1ccc(S(=O)(=O)Nc2c(C(=O)N[C@@H](C)C(C)(C)C)c(C)nn2CC(F)(F)F)cc1,CH3_to_CF3,3,25,1,"{""1"": -3, ""9"": 3}",0.691435152144062,1.2986347831244356,0.6071996309803736,0,1,1,0.0,0.0,0.0,CL,CL,mL.min-1.g-1,mL.min-1.g-1,mL.min-1.kg-1,mL.min-1.kg-1,1,1,0,0,1,0,1,1,pending,Verify the parent/fluorinated identity and assay-table values in the cited source.
HLM,624025,50787,10.1021/jm9017866,Discovery of a selective small-molecule melanocortin-4 receptor agonist with efficacy in a pilot study of sexual dysfunction in humans.,HSGLTPLGLIYMNU,QHWJXGPDURMWRJ,CC(C)N1C[C@@H](C(=O)N2C[C@@H](C)[C@](O)(c3ccccc3)[C@@H](C)C2)[C@H](c2ccc(F)cc2F)C1,CC(C)N1C[C@@H](C(=O)N2C[C@@H](C)[C@](O)(c3cccc(F)c3)[C@@H](C)C2)[C@H](c2ccc(F)cc2F)C1,Ar-H_to_Ar-F,1,18,1,"{""1"": -1, ""9"": 1}",2.17539583139403,1.9132839017604184,-0.26211192963361163,1,1,1,0.0,0.0,0.0,CL,CL,mL.min-1.g-1,mL.min-1.g-1,mL.min-1.kg-1,mL.min-1.kg-1,1,1,0,0,1,0,1,1,pending,Verify the parent/fluorinated identity and assay-table values in the cited source.
HLM,2253202,124668,10.1021/acsmedchemlett.2c00100,Synthesis and Biological Characterization of a Series of 2-Sulfonamidebenzamides as Allosteric Modulators of MrgX1.,HYHIFVZDKTXLEK,NWQYHNJNDPEQRD,CCOc1ccccc1NC(=O)c1cc(F)ccc1NS(=O)(=O)C1CC1,CCOc1ccc(F)cc1NC(=O)c1cc(F)ccc1NS(=O)(=O)C1CC1,Ar-H_to_Ar-F,1,6,1,"{""1"": -1, ""9"": 1}",1.657055852857104,1.7737864449811935,0.11673059212408954,0,1,1,0.0,0.0,0.0,CL,CL,mL.min-1.kg-1,mL.min-1.kg-1,,,1,1,0,0,1,0,1,1,pending,Verify the parent/fluorinated identity and assay-table values in the cited source.
HLM,2155458,121804,10.1021/acs.jmedchem.1c00720,"Design and Synthesis of Pyrrolo[2,3-<i>d</i>]pyrimidine-Derived Leucine-Rich Repeat Kinase 2 (LRRK2) Inhibitors Using a Checkpoint Kinase 1 (CHK1)-Derived Crystallographic Surrogate.",HZCHVYOFMPDLIU,OMCQJTRDERMTMZ,Cc1nn(C)cc1Nc1nc(N)c2c(C#N)c(N3CCC[C@H]3C)n(C)c2n1,C[C@@H]1CCCN1c1c(C#N)c2c(N)nc(Nc3cn(C)nc3C(F)(F)F)nc2n1C,CH3_to_CF3,3,22,1,"{""1"": -3, ""9"": 3}",1.845098040014257,1.52283531366053,-0.322262726353727,1,1,1,0.0,0.0,0.0,CL,CL,mL.min-1.kg-1,mL.min-1.kg-1,,,1,1,0,0,1,0,1,1,pending,Verify the parent/fluorinated identity and assay-table values in the cited source.
HLM,2203727,123064,10.1016/j.bmcl.2022.128823,Diazepinone HBV capsid assembly modulators.,IASARPXIYPGZKZ,RIGKLSBGWWETBH,CN1CCCn2nc3c(c2C1=O)CN(C(=O)Nc1ccc(F)c(Cl)c1)CC3,CN1CC(F)Cn2nc3c(c2C1=O)CN(C(=O)Nc1ccc(F)c(Cl)c1)CC3,C-H_to_C-F,1,3,1,"{""1"": -1, ""9"": 1}",1.0413926851582251,1.0791812460476249,0.03778856088939975,0,1,1,0.0,0.0,0.0,CL,CL,mL.min-1.kg-1,mL.min-1.kg-1,,,1,1,0,0,1,0,1,1,pending,Verify the parent/fluorinated identity and assay-table values in the cited source.
HLM,2203727,123064,10.1016/j.bmcl.2022.128823,Diazepinone HBV capsid assembly modulators.,IASARPXIYPGZKZ,WSZVYOPIQIQKML,CN1CCCn2nc3c(c2C1=O)CN(C(=O)Nc1ccc(F)c(Cl)c1)CC3,CN1CC(F)(F)Cn2nc3c(c2C1=O)CN(C(=O)Nc1ccc(F)c(Cl)c1)CC3,CH2_to_CF2,2,3,1,"{""1"": -2, ""9"": 2}",1.0413926851582251,0.9084850188786497,-0.1329076662795754,1,1,1,0.0,0.0,0.0,CL,CL,mL.min-1.kg-1,mL.min-1.kg-1,,,1,1,0,0,1,0,1,1,pending,Verify the parent/fluorinated identity and assay-table values in the cited source.
HLM,1825665,110861,10.1021/acs.jmedchem.9b01721,"Discovery of Highly Potent, Selective, and Orally Efficacious p300/CBP Histone Acetyltransferases Inhibitors.",IBPGRSASCGUKNK,QXMPWAOORBXKOQ,CNC(=O)Nc1ccc2c(c1)CC[C@@]21OC(=O)N(CC(=O)N2Cc3ccccc3CC[C@H]2C(F)(F)F)C1=O,CNC(=O)Nc1ccc2c(c1)CC[C@@]21OC(=O)N(CC(=O)N2Cc3ccc(F)cc3CC[C@H]2C(F)(F)F)C1=O,Ar-H_to_Ar-F,1,26,1,"{""1"": -1, ""9"": 1}",2.2355031964943377,2.2750117377780112,0.03950854128367354,0,1,1,0.0,0.0,0.0,CL,CL,mL.min-1.g-1,mL.min-1.g-1,mL.min-1.kg-1,mL.min-1.kg-1,1,1,0,0,1,0,1,1,pending,Verify the parent/fluorinated identity and assay-table values in the cited source.
HLM,2051505,118555,10.1016/j.bmc.2020.115879,Identification and structure-activity relationship studies of small molecule inhibitors of the human cathepsin D.,IERFJPNFKUPOFN,BEFPFKHAAQYCJY,COc1ccc(CC(=O)N=C(N)N[C@H](Cc2ccccc2)C(=O)Nc2cc(S(N)(=O)=O)ccc2C)cc1OC,COc1ccc(CC(=O)N=C(N)N[C@H](Cc2ccccc2F)C(=O)Nc2cc(S(N)(=O)=O)ccc2C)cc1OC,Ar-H_to_Ar-F,1,20,1,"{""1"": -1, ""9"": 1}",2.3492192289938894,2.3011819721383153,-0.04803725685557403,1,1,1,0.0,0.0,0.0,CL,CL,mL.min-1.g-1,mL.min-1.g-1,mL.min-1.kg-1,mL.min-1.kg-1,1,1,0,0,1,0,1,1,pending,Verify the parent/fluorinated identity and assay-table values in the cited source.
HLM,834895,63001,10.1016/j.bmcl.2012.06.087,Orally available pyridinylpyrimidine derivatives as novel RANKL-induced osteoclastogenesis inhibitors.,IGMPLBBDJQRYQV,GZIPJTDUDKQMMA,COc1cnc(-c2ccccn2)nc1NCc1ccccc1C,COc1cnc(-c2ccccn2)nc1NCc1ccccc1C(F)(F)F,CH3_to_CF3,3,22,1,"{""1"": -3, ""9"": 3}",1.7403626894942439,1.8864907251724818,0.14612803567823796,0,1,1,0.0,0.0,0.0,CL,CL,mL.min-1.kg-1,mL.min-1.kg-1,,,1,1,0,0,1,0,1,1,pending,Verify the parent/fluorinated identity and assay-table values in the cited source.
HLM,572699,47378,10.1021/jm900302q,In vitro intrinsic clearance-based optimization of N3-phenylpyrazinones as corticotropin-releasing factor-1 (CRF1) receptor antagonists.,IHMNDIHWYVSTIY,YDWBDNCGHKINMY,COc1cc(Cl)c(Nc2nc(Cl)cn([C@H](C)C3CC3)c2=O)c(Cl)c1,C[C@H](C1CC1)n1cc(Cl)nc(Nc2c(Cl)cc(OC(F)(F)F)cc2Cl)c1=O,OCH3_to_OCF3,3,18,1,"{""1"": -3, ""9"": 3}",2.113943352306837,1.4771212547196624,-0.6368220975871746,1,1,1,0.0,0.0,0.0,CL,CL,mL.min-1.kg-1,mL.min-1.kg-1,,,1,1,0,0,1,0,1,1,pending,Verify the parent/fluorinated identity and assay-table values in the cited source.
HLM,2051664,118560,10.1021/acs.jmedchem.0c01588,"Discovery of the Potent, Selective, Orally Available CXCR7 Antagonist ACT-1004-1239.",IIDSHAJKXPUYSL,MCOWERZUOCNRPO,O=C(N[C@H]1CCN(CC2CC2)C[C@@H]1C(=O)NC1(c2ncccn2)CC1)c1cc(-c2ccc(F)cc2F)on1,O=C(N[C@H]1CCN(CC2(F)CC2)C[C@@H]1C(=O)NC1(c2ncccn2)CC1)c1cc(-c2ccc(F)cc2F)on1,C-H_to_C-F,1,8,1,"{""1"": -1, ""9"": 1}",1.0319736890917168,1.4106085425683679,0.37863485347665105,0,1,1,0.0,0.0,0.0,CL,CL,mL.min-1.g-1,mL.min-1.g-1,mL.min-1.kg-1,mL.min-1.kg-1,1,1,0,0,1,0,1,1,pending,Verify the parent/fluorinated identity and assay-table values in the cited source.
HLM,2235744,124234,10.1021/acs.jmedchem.2c00741,"Design and Discovery of MRTX0902, a Potent, Selective, Brain-Penetrant, and Orally Bioavailable Inhibitor of the SOS1:KRAS Protein-Protein Interaction.",IJMUCKKOQQOPAH,LRLGRVNVGBZJTE,Cc1nn(C)cc1[C@@H](C)Nc1nnc(C)c2cnc(N3CCOCC3)cc12,Cc1nnc(N[C@H](C)c2cn(C)nc2C(F)(F)F)c2cc(N3CCOCC3)ncc12,CH3_to_CF3,3,14,1,"{""1"": -3, ""9"": 3}",1.568201724066995,2.597695185925512,1.0294934618585172,0,1,1,0.0,0.0,0.0,CL,CL,mL.min-1.kg-1,mL.min-1.kg-1,,,1,1,0,0,1,0,1,1,pending,Verify the parent/fluorinated identity and assay-table values in the cited source.
HLM,762255,58563,10.1016/j.bmcl.2011.06.023,"Identification of MK-5710 ((8aS)-8a-methyl-1,3-dioxo-2-[(1S,2R)-2-phenylcyclo- propyl]-N-(1-phenyl-1H-pyrazol-5-yl)hexahydro-imidazo[1,5-a]pyrazine-7(1H)-carboxamide), a potent smoothened antagonist for use in Hedgehog pathway dependent malignancies, part 2.",JBGMTTZYMPCMDO,BPMYUMVMMXCEIA,O=C(Nc1ccnn1-c1ccccc1)N1CCn2c(c(O)n([C@H]3C[C@@H]3c3ccccc3)c2=O)C1,O=C(Nc1ccnn1-c1cccc(F)c1)N1CCn2c(c(O)n([C@H]3C[C@@H]3c3ccccc3)c2=O)C1,Ar-H_to_Ar-F,1,12,1,"{""1"": -1, ""9"": 1}",4.559547555580434,4.721398375521505,0.16185081994107087,0,1,1,0.0,0.0,0.0,CL,CL,mL.min-1.g-1,mL.min-1.g-1,mL.min-1.kg-1,mL.min-1.kg-1,1,1,0,0,1,0,1,1,pending,Verify the parent/fluorinated identity and assay-table values in the cited source.
HLM,1996092,116817,10.1021/acs.jmedchem.0c00483,"Late-Stage Lead Diversification Coupled with Quantitative Nuclear Magnetic Resonance Spectroscopy to Identify New Structure-Activity Relationship Vectors at Nanomole-Scale Synthesis: Application to Loratadine, a Human Histamine H1 Receptor Inverse Agonist.",JCCNYMKQOSZNPW,XFNHWMQOTLCYCD,CCOC(=O)N1CCC(=C2c3ccc(Cl)cc3CCc3cccnc32)CC1,CCOC(=O)N1CCC(=C2c3ccc(Cl)cc3CC(F)c3cccnc32)CC1,C-H_to_C-F,1,18,1,"{""1"": -1, ""9"": 1}",2.2049064289025684,2.1473671077937864,-0.057539321108782016,1,1,1,0.0,0.0,0.0,CL,CL,mL.min-1.g-1,mL.min-1.g-1,mL.min-1.kg-1,mL.min-1.kg-1,1,1,0,0,1,0,1,1,pending,Verify the parent/fluorinated identity and assay-table values in the cited source.
HLM,630266,51249,10.1016/j.bmcl.2010.03.095,"Novel hexahydropyrrolo[3,4-c]pyrrole CCR5 antagonists.",JDAMZZFWGUKIOM,ZUSMCXAJFLVLLT,Cc1ncnc(C)c1C(=O)N1C[C@H]2CN(CC[C@H](NC(=O)CC3CC(F)(F)C3)c3cccc(F)c3)C[C@H]2C1,Cc1ncnc(C)c1C(=O)N1C[C@H]2CN(CC[C@H](NC(=O)CC3CC(F)(F)C3)c3cc(F)cc(F)c3)C[C@H]2C1,Ar-H_to_Ar-F,1,30,1,"{""1"": -1, ""9"": 1}",1.515343893088381,1.7213983755215052,0.2060544824331243,0,1,1,0.0,0.0,0.0,CL,CL,mL.min-1.g-1,mL.min-1.g-1,mL.min-1.kg-1,mL.min-1.kg-1,1,1,0,0,1,0,1,1,pending,Verify the parent/fluorinated identity and assay-table values in the cited source.
HLM,959384,73641,10.1016/j.bmcl.2013.04.001,"Identification of substituted 2-thio-6-oxo-1,6-dihydropyrimidines as inhibitors of human lactate dehydrogenase.",JDIGFAGHWNBGPU,DGPLKIFFYFAJEC,CC(Sc1nc(-c2ccc(Cl)cc2)c(C#N)c(=O)[nH]1)C(=O)Nc1ccc(S(N)(=O)=O)cc1,CC(Sc1nc(-c2ccc(Cl)c(F)c2)c(C#N)c(=O)[nH]1)C(=O)Nc1ccc(S(N)(=O)=O)cc1,Ar-H_to_Ar-F,1,11,1,"{""1"": -1, ""9"": 1}",0.414973347970818,0.5314789170422551,0.11650556907143717,0,1,1,0.0,0.0,0.0,CL,CL,mL.min-1.kg-1,mL.min-1.kg-1,,,1,1,0,0,1,0,1,1,pending,Verify the parent/fluorinated identity and assay-table values in the cited source.
HLM,630266,51249,10.1016/j.bmcl.2010.03.095,"Novel hexahydropyrrolo[3,4-c]pyrrole CCR5 antagonists.",JDJKNPKGUPLZOR,JDAMZZFWGUKIOM,Cc1ncnc(C)c1C(=O)N1C[C@H]2CN(CC[C@H](NC(=O)CC3CC(F)(F)C3)c3ccccc3)C[C@H]2C1,Cc1ncnc(C)c1C(=O)N1C[C@H]2CN(CC[C@H](NC(=O)CC3CC(F)(F)C3)c3cccc(F)c3)C[C@H]2C1,Ar-H_to_Ar-F,1,32,1,"{""1"": -1, ""9"": 1}",1.8463371121298053,1.515343893088381,-0.3309932190414244,1,1,1,0.0,0.0,0.0,CL,CL,mL.min-1.g-1,mL.min-1.g-1,mL.min-1.kg-1,mL.min-1.kg-1,1,1,0,0,1,0,1,1,pending,Verify the parent/fluorinated identity and assay-table values in the cited source.
HLM,1824450,110829,10.1021/acs.jmedchem.9b01206,Rational Design and Optimization of a Novel Class of Macrocyclic Apoptosis Signal-Regulating Kinase 1 Inhibitors.,JHLDGTLZDAJJHT,XWSVTTAELHOERS,C[C@@H]1CCOc2ccccc2C(=O)Nc2cccc(n2)-c2nncn2C1,C[C@@H]1CCOc2cc(F)ccc2C(=O)Nc2cccc(n2)-c2nncn2C1,Ar-H_to_Ar-F,1,7,1,"{""1"": -1, ""9"": 1}",1.5314789170422551,1.2041199826559248,-0.32735893438633035,1,1,1,0.0,0.0,0.0,CL,CL,mL.min-1.kg-1,mL.min-1.kg-1,,,1,1,0,0,1,0,1,1,pending,Verify the parent/fluorinated identity and assay-table values in the cited source.
HLM,1913273,113635,10.1021/acs.jmedchem.9b01032,Identification of CNS-Penetrant Aryl Sulfonamides as Isoform-Selective Na<sub>V</sub>1.6 Inhibitors with Efficacy in Mouse Models of Epilepsy.,JIEBHKJKDRMVCK,ONNZXUHXIVNZBQ,C[C@H](Nc1cc(F)c(S(=O)(=O)Nc2cscn2)cc1Cl)c1ccccc1,C[C@H](Nc1cc(F)c(S(=O)(=O)Nc2cscn2)cc1Cl)c1ccccc1F,Ar-H_to_Ar-F,1,25,1,"{""1"": -1, ""9"": 1}",1.9444826721501687,1.7075701760979363,-0.2369124960522324,1,1,1,0.0,0.0,0.0,CL,CL,mL.min-1.kg-1,mL.min-1.kg-1,,,1,1,0,0,1,0,1,1,pending,Verify the parent/fluorinated identity and assay-table values in the cited source.
HLM,1824450,110829,10.1021/acs.jmedchem.9b01206,Rational Design and Optimization of a Novel Class of Macrocyclic Apoptosis Signal-Regulating Kinase 1 Inhibitors.,JIGAPEBDOSQETE,WZAVJOVXKFCADI,O=C1Nc2cccc(n2)-c2nncn2CCCCOc2ccccc21,O=C1Nc2cccc(n2)-c2nncn2CCCCOc2ccc(F)cc21,Ar-H_to_Ar-F,1,22,1,"{""1"": -1, ""9"": 1}",1.8512583487190752,1.3222192947339193,-0.5290390539851559,1,1,1,0.0,0.0,0.0,CL,CL,mL.min-1.kg-1,mL.min-1.kg-1,,,1,1,0,0,1,0,1,1,pending,Verify the parent/fluorinated identity and assay-table values in the cited source.
HLM,1824450,110829,10.1021/acs.jmedchem.9b01206,Rational Design and Optimization of a Novel Class of Macrocyclic Apoptosis Signal-Regulating Kinase 1 Inhibitors.,JIGAPEBDOSQETE,ZWGAMHPQDKNAGC,O=C1Nc2cccc(n2)-c2nncn2CCCCOc2ccccc21,O=C1Nc2cccc(n2)-c2nncn2CCCCOc2cc(F)ccc21,Ar-H_to_Ar-F,1,21,1,"{""1"": -1, ""9"": 1}",1.8512583487190752,1.3617278360175928,-0.4895305127014824,1,1,1,0.0,0.0,0.0,CL,CL,mL.min-1.kg-1,mL.min-1.kg-1,,,1,1,0,0,1,0,1,1,pending,Verify the parent/fluorinated identity and assay-table values in the cited source.
HLM,499397,46685,10.1016/j.bmcl.2009.03.162,Potent and selective alpha1A adrenoceptor partial agonists--novel imidazole frameworks.,JOZLKCRZSXEYJL,DCZFXJLVCNQIPP,COc1ccccc1C1Cc2nccn2C1,FC(F)Oc1ccccc1C1Cc2nccn2C1,CH2_to_CF2,2,1,1,"{""1"": -2, ""9"": 2}",1.6363875858131567,1.4106085425683679,-0.2257790432447888,1,1,1,0.0,0.0,0.0,CL,CL,mL.min-1.g-1,mL.min-1.g-1,mL.min-1.kg-1,mL.min-1.kg-1,1,1,0,0,1,0,1,1,pending,Verify the parent/fluorinated identity and assay-table values in the cited source.
HLM,450652,37125,10.1016/j.bmcl.2007.09.053,"Synthesis of aromatic compounds containing a 1,1-dialkyl-2-trifluoromethyl group, a bioisostere of the tert-alkyl moiety.",JPQLYXMJKNOOIS,WUTRELIDULYHSO,COc1ccc(C(C)(C)C)cc1CN[C@H]1CCCN[C@H]1c1ccccc1,COc1ccc(C(C)(C)C(F)(F)F)cc1CN[C@H]1CCCN[C@H]1c1ccccc1,CH3_to_CF3,3,9,1,"{""1"": -3, ""9"": 3}",2.0121747368199334,1.718493384878098,-0.2936813519418353,1,1,1,0.0,0.0,0.0,CL,CL,mL.min-1.g-1,mL.min-1.g-1,mL.min-1.kg-1,mL.min-1.kg-1,1,1,0,0,1,0,1,1,pending,Verify the parent/fluorinated identity and assay-table values in the cited source.
HLM,1779573,109096,10.1021/acs.jmedchem.8b00518,"Discovery of TRPM8 Antagonist ( S)-6-(((3-Fluoro-4-(trifluoromethoxy)phenyl)(3-fluoropyridin-2-yl)methyl)carbamoyl)nicotinic Acid (AMG 333), a Clinical Candidate for the Treatment of Migraine.",JROKQADOWNXEPY,VQOWLYUIIHGMNV,Cc1ccc([C@H](NC(=O)c2ccc3cccnc3c2)c2ncccc2C(F)(F)F)cc1,O=C(N[C@@H](c1ccc(C(F)(F)F)cc1)c1ncccc1C(F)(F)F)c1ccc2cccnc2c1,CH3_to_CF3,3,8,1,"{""1"": -3, ""9"": 3}",2.2500294496909343,1.670245853074124,-0.5797835966168103,1,1,1,0.0,0.0,0.0,CL,CL,mL.min-1.g-1,mL.min-1.g-1,mL.min-1.kg-1,mL.min-1.kg-1,1,1,0,0,1,0,1,1,pending,Verify the parent/fluorinated identity and assay-table values in the cited source.
HLM,1901973,113314,10.1021/acs.jmedchem.9b01720,Structure-Based Design and Pharmacokinetic Optimization of Covalent Allosteric Inhibitors of the Mutant GTPase KRASG12C.,JTOFAQWGXSZNJH,CXKJZZTXQSAOQP,C=CC(=O)N1CCN2c3c(cnc4cc(-c5c(O)cccc5F)c(Cl)cc34)OC[C@H]2C1,C=CC(=O)N1CCN2c3c(cnc4c(F)c(-c5c(O)cccc5F)c(Cl)cc34)OC[C@H]2C1,Ar-H_to_Ar-F,1,13,1,"{""1"": -1, ""9"": 1}",1.4661258704181992,1.2986347831244356,-0.1674910872937636,1,1,1,0.0,0.0,0.0,CL,CL,mL.min-1.g-1,mL.min-1.g-1,mL.min-1.kg-1,mL.min-1.kg-1,1,1,0,0,1,0,1,1,pending,Verify the parent/fluorinated identity and assay-table values in the cited source.
HLM,577247,47614,10.1021/jm900179y,Chemical and biological investigation of cyclopropyl containing diaryl-pyrazole-3-carboxamides as novel and potent cannabinoid type 1 receptor antagonists.,JUYLDKHOYZAAGS,OMUSNWXGPSAWML,Cc1c(C(=O)NN2CCCCC2)nn(-c2ccccc2Cl)c1-c1ccc(C2CC2)cc1,Cc1c(C(=O)NN2CCCCC2)nn(-c2ccc(F)cc2Cl)c1-c1ccc(C2CC2)cc1,Ar-H_to_Ar-F,1,17,1,"{""1"": -1, ""9"": 1}",-0.15366288787019475,-0.31903028153410284,-0.1653673936639081,1,1,1,0.0,0.0,0.0,CL,CL,mL.min-1.g-1,mL.min-1.g-1,mL.min-1.kg-1,mL.min-1.kg-1,1,1,0,0,1,0,1,1,pending,Verify the parent/fluorinated identity and assay-table values in the cited source.
HLM,519299,45518,10.1016/j.bmcl.2008.10.066,"Novel 2-imidazoles as potent, selective and CNS penetrant alpha1A adrenoceptor partial agonists.",JWBITSJEDCQDHU,NEABEQDKTHRKNB,COCc1cccc2c1CC[C@H]2c1ncc[nH]1,COCc1c(F)ccc2c1CC[C@H]2c1ncc[nH]1,Ar-H_to_Ar-F,1,4,1,"{""1"": -1, ""9"": 1}",1.1473671077937864,1.1095785469043866,-0.03778856088939975,1,1,1,0.0,0.0,0.0,CL,CL,mL.min-1.g-1,mL.min-1.g-1,mL.min-1.kg-1,mL.min-1.kg-1,1,1,0,0,1,0,1,1,pending,Verify the parent/fluorinated identity and assay-table values in the cited source.
HLM,874019,66641,10.1021/jm3011838,Pharmacokinetic optimization of class-selective histone deacetylase inhibitors and identification of associated candidate predictive biomarkers of hepatocellular carcinoma tumor response.,JWDILCWILLHYQF,BUUVBFWYVFIYPE,CN1C[C@H](C(=O)Nc2cccc(Cl)c2)[C@@H](c2ccc(/C=C/C(=O)Nc3ccccc3N)cc2)C1,CN1C[C@H](C(=O)Nc2ccc(F)c(Cl)c2)[C@@H](c2ccc(/C=C/C(=O)Nc3ccccc3N)cc2)C1,Ar-H_to_Ar-F,1,10,1,"{""1"": -1, ""9"": 1}",0.8450980400142568,1.1760912590556813,0.33099321904142454,0,1,1,0.0,0.0,0.0,CL,CL,mL.min-1.kg-1,mL.min-1.kg-1,,,1,1,0,0,1,0,1,1,pending,Verify the parent/fluorinated identity and assay-table values in the cited source.
HLM,803092,61153,10.1016/j.bmcl.2011.12.117,"Balancing hERG affinity and absorption in the discovery of AZD5672, an orally active CCR5 antagonist for the treatment of rheumatoid arthritis.",JYULPTUAHQIXEE,XXWFSNOROXVFAO,CCN(C(=O)Cc1ccc(S(C)(=O)=O)cc1)C1CCN(CCC(c2ccccc2)N2CCN(c3ccccc3)CC2)CC1,CCN(C(=O)Cc1ccc(S(C)(=O)=O)cc1)C1CCN(CCC(c2ccccc2)N2CCN(c3cccc(F)c3)CC2)CC1,Ar-H_to_Ar-F,1,37,1,"{""1"": -1, ""9"": 1}",1.4831592097169797,1.4106085425683679,-0.0725506671486118,1,1,1,0.0,0.0,0.0,CL,CL,mL.min-1.g-1,mL.min-1.g-1,mL.min-1.kg-1,mL.min-1.kg-1,1,1,0,0,1,0,1,1,pending,Verify the parent/fluorinated identity and assay-table values in the cited source.
HLM,766746,58850,10.1016/j.bmcl.2011.07.031,"Identification of a series of 4-[3-(quinolin-2-yl)-1,2,4-oxadiazol-5-yl]piperazinyl ureas as potent smoothened antagonist hedgehog pathway inhibitors.",JYXOBNUYKRNJJO,PEMTWAKHOMWYRY,O=C(NC1CCCCC1)N1CCN(c2nc(-c3ccc4ccccc4n3)no2)CC1,O=C(NC1CCC(F)(F)CC1)N1CCN(c2nc(-c3ccc4ccccc4n3)no2)CC1,CH2_to_CF2,2,6,1,"{""1"": -2, ""9"": 2}",1.8463371121298053,0.9712758487381052,-0.8750612633917001,1,1,1,0.0,0.0,0.0,CL,CL,mL.min-1.g-1,mL.min-1.g-1,mL.min-1.kg-1,mL.min-1.kg-1,1,1,0,0,1,0,1,1,pending,Verify the parent/fluorinated identity and assay-table values in the cited source.
HLM,1913273,113635,10.1021/acs.jmedchem.9b01032,Identification of CNS-Penetrant Aryl Sulfonamides as Isoform-Selective Na<sub>V</sub>1.6 Inhibitors with Efficacy in Mouse Models of Epilepsy.,KBLIOLOEZADQDG,NNOURUCQGKSLJV,C[C@H](Nc1cc(F)c(S(=O)(=O)Nc2nccs2)cc1Cl)c1ccccc1,C[C@H](Nc1cc(F)c(S(=O)(=O)Nc2nccs2)cc1Cl)c1ccc(F)cc1,Ar-H_to_Ar-F,1,23,1,"{""1"": -1, ""9"": 1}",2.03342375548695,1.4771212547196624,-0.5563025007672875,1,1,1,0.0,0.0,0.0,CL,CL,mL.min-1.kg-1,mL.min-1.kg-1,,,1,1,0,0,1,0,1,1,pending,Verify the parent/fluorinated identity and assay-table values in the cited source.
HLM,2155731,121814,10.1016/j.ejmech.2021.113805,"Design, synthesis, and biological evaluation of novel pyrrolidinone small-molecule Formyl peptide receptor 2 agonists.",KCNQCLLNZNTDNL,UMGJWMXOISJILN,O=C(Nc1ccc(Br)cc1)NC1CCN(c2ccccc2)C1=O,O=C(Nc1ccc(Br)cc1)NC1CCN(c2ccc(F)cc2)C1=O,Ar-H_to_Ar-F,1,18,1,"{""1"": -1, ""9"": 1}",3.369215857410143,3.545307116465824,0.1760912590556809,0,1,1,0.0,0.0,0.0,CL,CL,mL.min-1.g-1,mL.min-1.g-1,mL.min-1.kg-1,mL.min-1.kg-1,1,1,0,0,1,0,1,1,pending,Verify the parent/fluorinated identity and assay-table values in the cited source.
HLM,686317,53996,10.1016/j.bmcl.2010.09.064,"Design, synthesis and SAR of a novel series of benzimidazoles as potent NPY Y5 antagonists.",KCXFGPNQDBKDQK,KIWCYIQJEGJEPP,O=C1OC2(CCN(c3nc4ccccc4[nH]3)CC2)CN1c1ccccc1,O=C1OC2(CCN(c3nc4cc(F)ccc4[nH]3)CC2)CN1c1ccccc1,Ar-H_to_Ar-F,1,11,1,"{""1"": -1, ""9"": 1}",1.0594119374386566,0.9132839017604184,-0.14612803567823818,1,1,1,0.0,0.0,0.0,CL,CL,mL.min-1.g-1,mL.min-1.g-1,mL.min-1.kg-1,mL.min-1.kg-1,1,1,0,0,1,0,1,1,pending,Verify the parent/fluorinated identity and assay-table values in the cited source.
HLM,686317,53996,10.1016/j.bmcl.2010.09.064,"Design, synthesis and SAR of a novel series of benzimidazoles as potent NPY Y5 antagonists.",KDNNOONPIUSODK,FFHHVAVTPWLQJT,O=C1O[C@]2(CC[C@H](c3nc4cc(OC(F)(F)F)ccc4[nH]3)CC2)CN1c1ccccc1,O=C1O[C@]2(CC[C@H](c3nc4cc(OC(F)(F)F)ccc4[nH]3)CC2)CN1c1ccccc1F,Ar-H_to_Ar-F,1,30,1,"{""1"": -1, ""9"": 1}",-0.23284413391781958,-0.23284413391781958,0.0,0,1,1,0.0,0.0,0.0,CL,CL,mL.min-1.g-1,mL.min-1.g-1,mL.min-1.kg-1,mL.min-1.kg-1,1,1,0,0,1,0,1,1,pending,Verify the parent/fluorinated identity and assay-table values in the cited source.
HLM,686317,53996,10.1016/j.bmcl.2010.09.064,"Design, synthesis and SAR of a novel series of benzimidazoles as potent NPY Y5 antagonists.",KDNNOONPIUSODK,LZYDRCATBMQDRA,O=C1O[C@]2(CC[C@H](c3nc4cc(OC(F)(F)F)ccc4[nH]3)CC2)CN1c1ccccc1,O=C1O[C@]2(CC[C@H](c3nc4cc(OC(F)(F)F)ccc4[nH]3)CC2)CN1c1ccc(F)cc1,Ar-H_to_Ar-F,1,28,1,"{""1"": -1, ""9"": 1}",-0.23284413391781958,-0.23284413391781958,0.0,0,1,1,0.0,0.0,0.0,CL,CL,mL.min-1.g-1,mL.min-1.g-1,mL.min-1.kg-1,mL.min-1.kg-1,1,1,0,0,1,0,1,1,pending,Verify the parent/fluorinated identity and assay-table values in the cited source.
HLM,2237613,124297,10.1021/acs.jmedchem.1c00004,"Discovery, Optimization, and Evaluation of Quinazolinone Derivatives with Novel Linkers as Orally Efficacious Phosphoinositide-3-Kinase Delta Inhibitors for Treatment of Inflammatory Diseases.",KDXPYSDMEYVJDW,XUANUANWNLHHLZ,N#Cc1c(N)ncnc1N1[C@H](c2nc3cccc(Cl)c3c(=O)n2-c2ccccc2)C[C@@H]2CCCC[C@@H]21,N#Cc1c(N)ncnc1N1[C@H](c2nc3cccc(Cl)c3c(=O)n2-c2cccc(F)c2)C[C@@H]2CCCC[C@@H]21,Ar-H_to_Ar-F,1,27,1,"{""1"": -1, ""9"": 1}",1.3648510520076929,1.0681858617461617,-0.29666519026153115,1,1,1,0.0,0.0,0.0,CL,CL,mL.min-1.g-1,mL.min-1.g-1,mL.min-1.kg-1,mL.min-1.kg-1,1,1,0,0,1,0,1,1,pending,Verify the parent/fluorinated identity and assay-table values in the cited source.
HLM,1369285,84147,10.6019/CHEMBL3301361,Experimental in vitro DMPK and physicochemical data on a set of publicly disclosed compounds,KDZIBHRPMCHQOB,AEKZALMFASFTNO,CCN(C(=O)Cc1ccc(S(C)(=O)=O)cc1)C1CCN(CC[C@H](c2ccc(S(C)(=O)=O)cc2)c2cccc(Cl)c2)CC1,CCN(C(=O)Cc1ccc(S(C)(=O)=O)cc1)C1CCN(CC[C@H](c2ccc(S(C)(=O)=O)cc2)c2cc(F)cc(Cl)c2)CC1,Ar-H_to_Ar-F,1,35,1,"{""1"": -1, ""9"": 1}",1.1473671077937864,0.8810992183890173,-0.2662678894047691,1,1,1,0.0,0.0,0.0,CL,CL,mL.min-1.g-1,mL.min-1.g-1,mL.min-1.kg-1,mL.min-1.kg-1,1,1,0,0,1,0,1,1,pending,Verify the parent/fluorinated identity and assay-table values in the cited source.
HLM,744910,57426,10.1016/j.ejmech.2011.02.027,"Synthesis, cytotoxicity, metabolic stability and pharmacokinetic evaluation of fluorinated docetaxel analogs.",KHYOGRDOPCOKSL,BCNCJBSJDUROKM,CC(=O)O[C@@]12CO[C@@H]1C[C@H](O)[C@@]1(C)C(=O)C(=O)C3C(C)[C@@H](OC(=O)[C@H](O)[C@@H](NC(=O)OC(C)(C)C(F)(F)F)c4ccccc4)C[C@@](O)([C@@H](OC(=O)c4ccccc4)[C@H]21)C3(C)C,CC(=O)O[C@@]12CO[C@@H]1C[C@H](O)[C@@]1(C)C(=O)C(=O)C3C(C)[C@@H](OC(=O)[C@H](O)[C@@H](NC(=O)OC(C)(C)C(F)(F)F)c4ccccc4)C[C@@](O)([C@@H](OC(=O)c4cccc(F)c4)[C@H]21)C3(C)C,Ar-H_to_Ar-F,1,55,1,"{""1"": -1, ""9"": 1}",0.7168377232995244,0.7596678446896304,0.042830121390106,0,1,1,0.0,0.0,0.0,CL,CL,mL.min-1.kg-1,mL.min-1.kg-1,,,1,1,0,0,1,0,1,1,pending,Verify the parent/fluorinated identity and assay-table values in the cited source.
HLM,1932816,114532,10.1021/acs.jmedchem.6b00610,Discovery and Optimization of Quinazolinone-pyrrolopyrrolones as Potent and Orally Bioavailable Pan-Pim Kinase Inhibitors.,KIPSRZQNNGSYJE,YIZTXYBSHMFWTH,Cc1nc2cccc(-c3cc4c([nH]3)CCNC4=O)c2nc1NC(C)(C)C,Cc1nc2ccc(F)c(-c3cc4c([nH]3)CCNC4=O)c2nc1NC(C)(C)C,Ar-H_to_Ar-F,1,6,1,"{""1"": -1, ""9"": 1}",1.9132839017604184,1.8877297972880303,-0.02555410447238815,1,1,1,0.0,0.0,0.0,CL,CL,mL.min-1.g-1,mL.min-1.g-1,mL.min-1.kg-1,mL.min-1.kg-1,1,1,0,0,1,0,1,1,pending,Verify the parent/fluorinated identity and assay-table values in the cited source.
HLM,687959,54117,10.1016/j.bmcl.2010.10.065,"The identification of a series of novel, soluble non-peptidic neuropeptide Y Y2 receptor antagonists.",KJQFZAPPDIUPSB,IXIYFAWMJZJKNH,Cc1cccc(C(C)(C)C(=O)Nc2ccc(N3CCC(NCC4CC4)CC3)c(Cl)c2)c1,CC(C)(C(=O)Nc1ccc(N2CCC(NCC3CC3)CC2)c(Cl)c1)c1cccc(C(F)(F)F)c1,CH3_to_CF3,3,29,1,"{""1"": -3, ""9"": 3}",1.2723058444020865,0.21431389742439957,-1.0579919469776868,1,1,1,0.0,0.0,0.0,CL,CL,mL.min-1.g-1,mL.min-1.g-1,mL.min-1.kg-1,mL.min-1.kg-1,1,1,0,0,1,0,1,1,pending,Verify the parent/fluorinated identity and assay-table values in the cited source.
HLM,2253202,124668,10.1021/acsmedchemlett.2c00100,Synthesis and Biological Characterization of a Series of 2-Sulfonamidebenzamides as Allosteric Modulators of MrgX1.,KNAHALYPMLPJDV,XZSURIRSTGBYKA,CCOc1ccccc1NC(=O)c1cc(C)ccc1NS(=O)(=O)C1CC1,CCOc1ccc(F)cc1NC(=O)c1cc(C)ccc1NS(=O)(=O)C1CC1,Ar-H_to_Ar-F,1,6,1,"{""1"": -1, ""9"": 1}",1.8756399370041683,2.0580462303952816,0.18240629339111325,0,1,1,0.0,0.0,0.0,CL,CL,mL.min-1.kg-1,mL.min-1.kg-1,,,1,1,0,0,1,0,1,1,pending,Verify the parent/fluorinated identity and assay-table values in the cited source.
HLM,2223242,123808,10.1021/acs.jmedchem.2c00604,Discovery of Potent and Selective Receptor-Interacting Serine/Threonine Protein Kinase 2 (RIPK2) Inhibitors for the Treatment of Inflammatory Bowel Diseases (IBDs).,KNFCMGBNRFGQAB,MDVFDZFEODJEAU,Cc1ccc(-c2cn([C@H]3CC[C@@H](N)CC3)c3ncnc(N)c23)cc1,Cc1ccc(-c2cn([C@H]3CC[C@@H](N)CC3)c3ncnc(N)c23)cc1F,Ar-H_to_Ar-F,1,23,1,"{""1"": -1, ""9"": 1}",1.7723363785859607,1.780835563373373,0.008499184787412295,0,1,1,0.0,0.0,0.0,CL,CL,mL.min-1.g-1,mL.min-1.g-1,mL.min-1.kg-1,mL.min-1.kg-1,1,1,0,0,1,0,1,1,pending,Verify the parent/fluorinated identity and assay-table values in the cited source.
HLM,640167,51636,10.1016/j.bmcl.2010.05.008,2-Substituted N-aryl piperazines as novel triple reuptake inhibitors for the treatment of depression.,KOPIUBJLSUXFHC,BTDSNKFEFWKZPW,c1ccc(CC2CNCCN2c2ccc3[nH]ccc3c2)cc1,Fc1cc(N2CCNCC2Cc2ccccc2)cc2cc[nH]c12,Ar-H_to_Ar-F,1,1,1,"{""1"": -1, ""9"": 1}",1.704673758099527,1.2934951434720245,-0.4111786146275025,1,1,1,0.0,0.0,0.0,CL,CL,mL.min-1.g-1,mL.min-1.g-1,mL.min-1.kg-1,mL.min-1.kg-1,1,1,0,0,1,0,1,1,pending,Verify the parent/fluorinated identity and assay-table values in the cited source.
HLM,630266,51249,10.1016/j.bmcl.2010.03.095,"Novel hexahydropyrrolo[3,4-c]pyrrole CCR5 antagonists.",KOSURTOZOCPWIN,FQPZJAJAPZQKDN,Cc1cccc(C)c1C(=O)N1C[C@H]2CN(CC[C@H](NC(=O)C3CCCC3)c3ccccc3)C[C@H]2C1,Cc1cc(F)cc(C)c1C(=O)N1C[C@H]2CN(CC[C@H](NC(=O)C3CCCC3)c3ccccc3)C[C@H]2C1,Ar-H_to_Ar-F,1,3,1,"{""1"": -1, ""9"": 1}",2.4764258270580113,2.4410978647162684,-0.03532796234174285,1,1,1,0.0,0.0,0.0,CL,CL,mL.min-1.g-1,mL.min-1.g-1,mL.min-1.kg-1,mL.min-1.kg-1,1,1,0,0,1,0,1,1,pending,Verify the parent/fluorinated identity and assay-table values in the cited source.
HLM,2234800,124211,10.1021/acs.jmedchem.2c00611,"Design, Synthesis, and Optimization of Macrocyclic Peptides as Species-Selective Antimalaria Proteasome Inhibitors.",KQBQKSGCGXCPPX,AYFFCMCTBRPUQM,O=C(NC1CCCC1)[C@@H]1CCCCOc2cccc(c2)C[C@H](N2CCCC2=O)C(=O)N[C@@H](CCc2ccccc2)C(=O)N1,O=C(NC1CCCC1)[C@@H]1CCCCOc2cccc(c2)C[C@H](N2CCCC2=O)C(=O)N[C@@H](CCc2ccc(F)cc2)C(=O)N1,Ar-H_to_Ar-F,1,37,1,"{""1"": -1, ""9"": 1}",2.8437963097525225,2.8591743368349776,0.015378027082455059,0,1,1,0.0,0.0,0.0,CL,CL,mL.min-1.g-1,mL.min-1.g-1,mL.min-1.kg-1,mL.min-1.kg-1,1,1,0,0,1,0,1,1,pending,Verify the parent/fluorinated identity and assay-table values in the cited source.
HLM,2118298,120738,10.1021/acs.jmedchem.1c00847,GDC-9545 (Giredestrant): A Potent and Orally Bioavailable Selective Estrogen Receptor Antagonist and Degrader with an Exceptional Preclinical Profile for ER+ Breast Cancer.,KRMPODQFMDXWMT,GQCXHIKRWBIQMD,C[C@@H]1Cc2c([nH]c3ccccc23)[C@@H](c2ccc(NC3CN(CCCF)C3)cc2F)N1CC(F)(F)CO,C[C@@H]1Cc2c([nH]c3ccccc23)[C@@H](c2c(F)cc(NC3CN(CCCF)C3)cc2F)N1CC(F)(F)CO,Ar-H_to_Ar-F,1,14,1,"{""1"": -1, ""9"": 1}",1.0,1.0413926851582251,0.04139268515822514,0,1,1,0.0,0.0,0.0,CL,CL,mL.min-1.kg-1,mL.min-1.kg-1,,,1,1,0,0,1,0,1,1,pending,Verify the parent/fluorinated identity and assay-table values in the cited source.
HLM,2203727,123064,10.1016/j.bmcl.2022.128823,Diazepinone HBV capsid assembly modulators.,KRPUKWADPQKXQJ,GVWHZYJVNODNFQ,CC1CN(C)C(=O)c2c3c(nn2C1)CCN(C(=O)Nc1ccc(F)c(Cl)c1)C3,CN1CC(C(F)F)Cn2nc3c(c2C1=O)CN(C(=O)Nc1ccc(F)c(Cl)c1)CC3,CH2_to_CF2,2,4,1,"{""1"": -2, ""9"": 2}",1.4471580313422192,1.1760912590556813,-0.27106677228653786,1,1,1,0.0,0.0,0.0,CL,CL,mL.min-1.kg-1,mL.min-1.kg-1,,,1,1,0,0,1,0,1,1,pending,Verify the parent/fluorinated identity and assay-table values in the cited source.
HLM,1794573,109758,10.1016/j.bmcl.2018.07.043,"Novel, potent, selective and brain penetrant vasopressin 1b receptor antagonists.",KSMVBENPNMJAKN,STHFKBWMSGXLJU,CCOc1ccc(OC)cc1C1(N2CCN(c3ccncc3)CC2)C(=O)N(S(=O)(=O)c2cccc3cccnc23)c2ccc(C#N)cc21,CCOc1ccc(OC)cc1C1(N2CCN(c3ccncc3)CC2)C(=O)N(S(=O)(=O)c2ccc(F)c3cccnc23)c2ccc(C#N)cc21,Ar-H_to_Ar-F,1,33,1,"{""1"": -1, ""9"": 1}",2.2986347831244354,2.185457157401926,-0.11317762572250922,1,1,1,0.0,0.0,0.0,CL,CL,mL.min-1.g-1,mL.min-1.g-1,mL.min-1.kg-1,mL.min-1.kg-1,1,1,0,0,1,0,1,1,pending,Verify the parent/fluorinated identity and assay-table values in the cited source.
HLM,2072215,119235,10.1016/j.bmcl.2020.127418,"Discovery, synthesis and characterization of a series of 7-aryl-imidazo[1,2-a]pyridine-3-ylquinolines as activin-like kinase (ALK) inhibitors.",KVDFCDPSKGACEZ,AGMGRCAUAZCHPG,Cc1cc(-c2cnc3cc(-c4ccc(N5CCNCC5)cc4)ccn23)c2ccccc2n1,Cc1cc(-c2cnc3cc(-c4ccc(N5CCNCC5)cc4)ccn23)c2cc(F)ccc2n1,Ar-H_to_Ar-F,1,27,1,"{""1"": -1, ""9"": 1}",1.4608978427565478,1.089905111439398,-0.3709927313171497,1,1,1,0.0,0.0,0.0,CL,CL,mL.min-1.kg-1,mL.min-1.kg-1,,,1,1,0,0,1,0,1,1,pending,Verify the parent/fluorinated identity and assay-table values in the cited source.
HLM,492790,45839,10.1016/j.bmcl.2008.09.048,"2,6-Diaryl-4-acylaminopyrimidines as potent and selective adenosine A(2A) antagonists with improved solubility and metabolic stability.",KWXCLKIPZNZLAX,KNRXPSXSKMZADD,CC(=O)Nc1cc(-c2cccc(OC3CCN(C)C3)c2)nc(-n2nc(C)cc2C)n1,CC(=O)Nc1cc(-c2cc(F)cc(OC3CCN(C)C3)c2)nc(-n2nc(C)cc2C)n1,Ar-H_to_Ar-F,1,9,1,"{""1"": -1, ""9"": 1}",1.7323937598229686,0.47712125471966244,-1.2552725051033062,1,1,3,0.0,0.0,0.0,CL,CL,mL.min-1.kg-1,mL.min-1.kg-1,,,1,1,0,0,1,0,1,1,pending,Verify the parent/fluorinated identity and assay-table values in the cited source.
HLM,803092,61153,10.1016/j.bmcl.2011.12.117,"Balancing hERG affinity and absorption in the discovery of AZD5672, an orally active CCR5 antagonist for the treatment of rheumatoid arthritis.",KYLOZBUIUJEBQB,CUHPXYVMUDWNGU,CCN(C(=O)Cc1ccc(S(C)(=O)=O)cc1)C1CCN(CC[C@@H](c2cccc(Cl)c2)C2CCN(S(C)(=O)=O)CC2)CC1,CCN(C(=O)Cc1ccc(S(C)(=O)=O)cc1)C1CCN(CC[C@@H](c2cc(F)cc(Cl)c2)C2CCN(S(C)(=O)=O)CC2)CC1,Ar-H_to_Ar-F,1,25,1,"{""1"": -1, ""9"": 1}",1.5733358400660675,1.4106085425683679,-0.16272729749769965,1,1,1,0.0,0.0,0.0,CL,CL,mL.min-1.g-1,mL.min-1.g-1,mL.min-1.kg-1,mL.min-1.kg-1,1,1,0,0,1,0,1,1,pending,Verify the parent/fluorinated identity and assay-table values in the cited source.
HLM,1809455,110445,10.1016/j.bmc.2019.115122,Development of a novel class of peroxisome proliferator-activated receptor (PPAR) gamma ligands as an anticancer agent with a unique binding mode based on a non-thiazolidinedione scaffold.,LFRNEGDVYOWLIP,QYYKQKYNIQLGNT,C/C(=C1/c2ccc(Cc3c(C4CC4)nc4ccccn34)cc2COc2cc(F)ccc21)c1nc(=O)o[nH]1,C/C(=C1/c2ccc(Cc3c(C4CC4)nc4cc(F)ccn34)cc2COc2cc(F)ccc21)c1nc(=O)o[nH]1,Ar-H_to_Ar-F,1,16,1,"{""1"": -1, ""9"": 1}",1.6020599913279623,1.8129133566428555,0.21085336531489318,0,1,1,0.0,0.0,0.0,CL,CL,mL.min-1.kg-1,mL.min-1.kg-1,,,1,1,0,0,1,0,1,1,pending,Verify the parent/fluorinated identity and assay-table values in the cited source.
HLM,2160099,121944,10.1021/acs.jmedchem.1c02002,"Design, Synthesis, and Biological Evaluation of Triazolone Derivatives as Potent PPARα/δ Dual Agonists for the Treatment of Nonalcoholic Steatohepatitis.",LKTOCSUOSMHIHM,BZFWWXOKSUYPMC,Cc1cc(Cn2ncn(-c3ccc(C(F)(F)F)cc3)c2=O)cc(C)c1OC(C)(C)C(=O)O,Cc1cc(Cn2ncn(-c3ccc(C(F)(F)F)cc3)c2=O)cc(C(F)(F)F)c1OC(C)(C)C(=O)O,CH3_to_CF3,3,23,1,"{""1"": -3, ""9"": 3}",0.5563025007672873,0.43136376415898736,-0.1249387366082999,1,1,1,0.0,0.0,0.0,CL,CL,mL.min-1.kg-1,mL.min-1.kg-1,,,1,1,0,0,1,0,1,1,pending,Verify the parent/fluorinated identity and assay-table values in the cited source.
HLM,624025,50787,10.1021/jm9017866,Discovery of a selective small-molecule melanocortin-4 receptor agonist with efficacy in a pilot study of sexual dysfunction in humans.,LMQNBSXCIOOYRS,RSRHMLHYZXKQPI,C[C@@H]1CN(C(=O)[C@@H]2CN(C(C)(C)C)C[C@H]2c2ccc(F)cc2F)C[C@H](C)[C@@]1(O)c1cccc(F)c1,C[C@@H]1CN(C(=O)[C@@H]2CN(C(C)(C)C)C[C@H]2c2ccc(F)cc2F)C[C@H](C)[C@@]1(O)c1ccc(F)c(F)c1,Ar-H_to_Ar-F,1,31,1,"{""1"": -1, ""9"": 1}",1.784189205380961,1.4106085425683679,-0.37358066281259306,1,1,1,0.0,0.0,0.0,CL,CL,mL.min-1.g-1,mL.min-1.g-1,mL.min-1.kg-1,mL.min-1.kg-1,1,1,0,0,1,0,1,1,pending,Verify the parent/fluorinated identity and assay-table values in the cited source.
HLM,749195,57753,10.1016/j.bmcl.2011.04.022,Synthesis and SAR studies of novel 2-(6-aminomethylaryl-2-aryl-4-oxo-quinazolin-3(4H)-yl)acetamide vasopressin V1b receptor antagonists.,LPENTUWRJDWCMV,YTTCFMVSQHRZHC,COc1cccc(-c2nc3ccc(-c4cccc(CN(C)C)c4)cc3c(=O)n2CC(=O)NC(C)C)c1,COc1cccc(-c2nc3ccc(-c4cc(CN(C)C)ccc4F)cc3c(=O)n2CC(=O)NC(C)C)c1,Ar-H_to_Ar-F,1,22,1,"{""1"": -1, ""9"": 1}",1.7213983755215052,1.8316138553090988,0.1102154797875936,0,1,1,0.0,0.0,0.0,CL,CL,mL.min-1.g-1,mL.min-1.g-1,mL.min-1.kg-1,mL.min-1.kg-1,1,1,0,0,1,0,1,1,pending,Verify the parent/fluorinated identity and assay-table values in the cited source.
HLM,2104456,120200,10.1016/j.bmc.2021.116208,"Discovery of a novel series of GPR119 agonists: Design, synthesis, and biological evaluation of N-(Piperidin-4-yl)-N-(trifluoromethyl)pyrimidin-4-amine derivatives.",LPLPNJWCCCXUQU,NTGWXGVFVHJWLL,CC(C)c1noc(N2CCC(N(c3cc(OC4CCN(S(C)(=O)=O)CC4)ncn3)C(F)(F)F)CC2)n1,CC(C)(F)c1noc(N2CCC(N(c3cc(OC4CCN(S(C)(=O)=O)CC4)ncn3)C(F)(F)F)CC2)n1,C-H_to_C-F,1,1,1,"{""1"": -1, ""9"": 1}",2.101609617233111,1.499549625905149,-0.6020599913279621,1,1,1,0.0,0.0,0.0,CL,CL,mL.min-1.g-1,mL.min-1.g-1,mL.min-1.kg-1,mL.min-1.kg-1,1,1,0,0,1,0,1,1,pending,Verify the parent/fluorinated identity and assay-table values in the cited source.
HLM,2021865,117524,10.1016/j.bmcl.2020.127433,"Optimization of a series of potent, selective and orally bioavailable SYK inhibitors.",LSASLBFVFUJZOD,UXDHJZXXNJZCJZ,CNC(=O)c1nn(C)c2ccc(Nc3nccc(-n4cc(CN(C)C)cn4)n3)cc12,CNC(=O)c1nn(C)c2ccc(Nc3nccc(-n4cc(CN(C)C)c(F)n4)n3)cc12,Ar-H_to_Ar-F,1,25,1,"{""1"": -1, ""9"": 1}",1.784189205380961,1.9924651478080433,0.20827594242708236,0,1,1,0.0,0.0,0.0,CL,CL,mL.min-1.g-1,mL.min-1.g-1,mL.min-1.kg-1,mL.min-1.kg-1,1,1,0,0,1,0,1,1,pending,Verify the parent/fluorinated identity and assay-table values in the cited source.
HLM,2158630,121906,10.1016/j.ejmech.2021.113986,"Synthesis, biological, and structural explorations of a series of μ-opioid receptor (MOR) agonists with high G protein signaling bias.",LTBSXKNJCNNQFE,RMGNJLAUHBTNLF,c1ccc([C@]2(CCNCc3scc4c3CCC4)CCO[C@]3(CCOC3)C2)nc1,Fc1ccc([C@]2(CCNCc3scc4c3CCC4)CCO[C@]3(CCOC3)C2)nc1,Ar-H_to_Ar-F,1,1,1,"{""1"": -1, ""9"": 1}",1.6901960800285136,2.0346284566253203,0.3444323765968067,0,1,1,0.0,0.0,0.0,CL,CL,mL.min-1.kg-1,mL.min-1.kg-1,,,1,1,0,0,1,0,1,1,pending,Verify the parent/fluorinated identity and assay-table values in the cited source.
HLM,865004,65917,10.1021/jm201642z,Lead optimization of 3-carboxyl-4(1H)-quinolones to deliver orally bioavailable antimalarials.,LWEMFPJHVREVBZ,ZIRLMVDCUSOULK,CCOC(=O)c1c(-c2cccc(Cl)c2)[nH]c2cc(OC)ccc2c1=O,CCOC(=O)c1c(-c2cccc(Cl)c2)[nH]c2cc(OC)c(F)cc2c1=O,Ar-H_to_Ar-F,1,20,1,"{""1"": -1, ""9"": 1}",0.5996647787884168,-0.23284413391781958,-0.8325089127062364,1,1,1,0.0,0.0,0.0,CL,CL,mL.min-1.g-1,mL.min-1.g-1,mL.min-1.kg-1,mL.min-1.kg-1,1,1,0,0,1,0,1,1,pending,Verify the parent/fluorinated identity and assay-table values in the cited source.
HLM,652286,52446,10.1016/j.bmcl.2010.07.020,"Design, synthesis, and biological evaluation of new monoamine reuptake inhibitors with potential therapeutic utility in depression and pain.",LWIZTBGDAFNFMW,ZOOYCXCRVKSAIY,O=C(c1ccc2[nH]ccc2c1)C1(Cc2ccccc2)CCNC1,O=C(c1cc(F)c2[nH]ccc2c1)C1(Cc2ccccc2)CCNC1,Ar-H_to_Ar-F,1,4,1,"{""1"": -1, ""9"": 1}",1.624488362513449,1.5391898882573183,-0.08529847425613069,1,1,2,0.0,0.14612803567823818,0.14612803567823818,CL,CL,mL.min-1.g-1,mL.min-1.g-1,mL.min-1.kg-1,mL.min-1.kg-1,1,1,0,0,1,0,1,1,pending,Verify the parent/fluorinated identity and assay-table values in the cited source.
HLM,2157147,121860,10.1021/acsmedchemlett.1c00473,Discovery of Spiro-azaindoline Inhibitors of Hematopoietic Progenitor Kinase 1 (HPK1).,LZYWVOKHWFMDJU,PBRKEKVJQVXNEQ,CCc1c[nH]c2ncc(-c3ccc(N)c(C(=O)N(C)C)c3)cc12,CCc1c[nH]c2ncc(-c3ccc(N)c(C(=O)N(C)C)c3F)cc12,Ar-H_to_Ar-F,1,20,1,"{""1"": -1, ""9"": 1}",1.0791812460476249,1.2041199826559248,0.1249387366082999,0,1,1,0.0,0.0,0.0,CL,CL,mL.min-1.kg-1,mL.min-1.kg-1,,,1,1,0,0,1,0,1,1,pending,Verify the parent/fluorinated identity and assay-table values in the cited source.
HLM,2051664,118560,10.1021/acs.jmedchem.0c01588,"Discovery of the Potent, Selective, Orally Available CXCR7 Antagonist ACT-1004-1239.",MAPFYIFELGDXNA,FHVASGJXQHWLJT,CCCN1CC[C@H](NC(=O)c2cc(-c3ccc(F)cc3F)on2)[C@@H](C(=O)NC2(c3ncccn3)CC2)C1,O=C(N[C@H]1CCN(CCCF)C[C@@H]1C(=O)NC1(c2ncccn2)CC1)c1cc(-c2ccc(F)cc2F)on1,C-H_to_C-F,1,9,1,"{""1"": -1, ""9"": 1}",1.2143138974243997,1.2723058444020865,0.05799194697768684,0,1,1,0.0,0.0,0.0,CL,CL,mL.min-1.g-1,mL.min-1.g-1,mL.min-1.kg-1,mL.min-1.kg-1,1,1,0,0,1,0,1,1,pending,Verify the parent/fluorinated identity and assay-table values in the cited source.
HLM,969487,74259,10.1021/jm400487c,"Discovery of RG7388, a potent and selective p53-MDM2 inhibitor in clinical development.",MEPKPTIQIKKNNL,FHYGQTXLSUSDHS,CC(C)(C)C[C@@H]1N[C@@H](C(=O)Nc2ccc(C(=O)O)cc2)[C@H](c2cccc(Cl)c2F)[C@@]1(C#N)c1ccc(Cl)cc1F,CC(C)(C)C[C@@H]1N[C@@H](C(=O)Nc2ccc(C(=O)O)c(F)c2)[C@H](c2cccc(Cl)c2F)[C@@]1(C#N)c1ccc(Cl)cc1F,Ar-H_to_Ar-F,1,18,1,"{""1"": -1, ""9"": 1}",0.6901960800285137,1.0863598306747482,0.39616375064623444,0,1,1,0.0,0.0,0.0,CL,CL,mL.min-1.kg-1,mL.min-1.kg-1,,,1,1,0,0,1,0,1,1,pending,Verify the parent/fluorinated identity and assay-table values in the cited source.
HLM,969487,74259,10.1021/jm400487c,"Discovery of RG7388, a potent and selective p53-MDM2 inhibitor in clinical development.",MEPKPTIQIKKNNL,ZBFIMRGNCSUEQT,CC(C)(C)C[C@@H]1N[C@@H](C(=O)Nc2ccc(C(=O)O)cc2)[C@H](c2cccc(Cl)c2F)[C@@]1(C#N)c1ccc(Cl)cc1F,CC(C)(C)C[C@@H]1N[C@@H](C(=O)Nc2ccc(C(=O)O)cc2F)[C@H](c2cccc(Cl)c2F)[C@@]1(C#N)c1ccc(Cl)cc1F,Ar-H_to_Ar-F,1,19,1,"{""1"": -1, ""9"": 1}",0.6901960800285137,0.8450980400142568,0.15490195998574308,0,1,1,0.0,0.0,0.0,CL,CL,mL.min-1.kg-1,mL.min-1.kg-1,,,1,1,0,0,1,0,1,1,pending,Verify the parent/fluorinated identity and assay-table values in the cited source.
HLM,1845911,111567,10.1021/acs.jmedchem.0c00628,"Discovery of <i>N</i>-Ethyl-4-[2-(4-fluoro-2,6-dimethyl-phenoxy)-5-(1-hydroxy-1-methyl-ethyl)phenyl]-6-methyl-7-oxo-1<i>H</i>-pyrrolo[2,3-<i>c</i>]pyridine-2-carboxamide (ABBV-744), a BET Bromodomain Inhibitor with Selectivity for the Second Bromodomain.",MFKOWXPRDGJYSC,YSFIKYDQTQWEIH,Cc1cccc(C)c1Oc1ccc(C(C)(C)O)cc1-c1cn(C)c(=O)c2[nH]c(C(=O)NC(C)(C)C)cc12,Cc1cc(F)cc(C)c1Oc1ccc(C(C)(C)O)cc1-c1cn(C)c(=O)c2[nH]c(C(=O)NC(C)(C)C)cc12,Ar-H_to_Ar-F,1,3,1,"{""1"": -1, ""9"": 1}",2.8939447594865166,3.335792770068036,0.44184801058151946,0,1,1,0.0,0.0,0.0,CL,CL,mL.min-1.kg-1,mL.min-1.kg-1,,,1,1,0,0,1,0,1,1,pending,Verify the parent/fluorinated identity and assay-table values in the cited source.
HLM,939013,72112,10.1016/j.bmcl.2012.11.107,Synthesis and biological evaluation of substituted benzoxazoles as inhibitors of mPGES-1: use of a conformation-based hypothesis to facilitate compound design.,MFZBMGMZVDXMEK,QJXIELVSPWEUAM,Cc1cc2oc(N3CCC(C(=O)N[C@H]4CCC[C@H](C(C)(C)O)C4)CC3)nc2cc1Cl,CC(C)(O)[C@H]1CCC[C@H](NC(=O)C2CCN(c3nc4cc(Cl)c(C(F)(F)F)cc4o3)CC2)C1,CH3_to_CF3,3,23,1,"{""1"": -3, ""9"": 3}",2.3483048630481607,1.9912260756924949,-0.3570787873556658,1,1,1,0.0,0.0,0.0,CL,CL,mL.min-1.kg-1,mL.min-1.kg-1,,,1,1,0,0,1,0,1,1,pending,Verify the parent/fluorinated identity and assay-table values in the cited source.
HLM,744910,57426,10.1016/j.ejmech.2011.02.027,"Synthesis, cytotoxicity, metabolic stability and pharmacokinetic evaluation of fluorinated docetaxel analogs.",MGPSCITXYYLCAC,HPKMQHZDADFSIW,CC(=O)O[C@@]12CO[C@@H]1C[C@H](O)[C@@]1(C)C(=O)C(=O)C3C(C)[C@@H](OC(=O)[C@H](O)[C@@H](NC(=O)OC(C)(C)CF)c4ccccc4)C[C@@](O)([C@@H](OC(=O)c4ccccc4)[C@H]21)C3(C)C,CC(=O)O[C@@]12CO[C@@H]1C[C@H](O)[C@@]1(C)C(=O)C(=O)C3C(C)[C@@H](OC(=O)[C@H](O)[C@@H](NC(=O)OC(C)(C)CF)c4ccccc4)C[C@@](O)([C@@H](OC(=O)c4cccc(F)c4)[C@H]21)C3(C)C,Ar-H_to_Ar-F,1,53,1,"{""1"": -1, ""9"": 1}",1.0102999566398119,1.0025979807199086,-0.007701975919903292,1,1,1,0.0,0.0,0.0,CL,CL,mL.min-1.kg-1,mL.min-1.kg-1,,,1,1,0,0,1,0,1,1,pending,Verify the parent/fluorinated identity and assay-table values in the cited source.
HLM,1908624,113495,10.1021/acsmedchemlett.9b00430,"Discovery of a Potent and Selective TRPC5 Inhibitor, Efficacious in a Focal Segmental Glomerulosclerosis Model.",MITRKIWBJVJRAM,PPGTXNCAMZXQKT,O=C1CN(c2cn[nH]c(=O)c2Cl)CCN1Cc1ccccc1C(F)(F)F,O=C1CN(c2cn[nH]c(=O)c2Cl)CCN1Cc1ccc(F)cc1C(F)(F)F,Ar-H_to_Ar-F,1,19,1,"{""1"": -1, ""9"": 1}",0.8920946026904804,0.6334684555795865,-0.2586261471108938,1,1,1,0.0,0.0,0.0,CL,CL,mL.min-1.kg-1,mL.min-1.kg-1,,,1,1,0,0,1,0,1,1,pending,Verify the parent/fluorinated identity and assay-table values in the cited source.
HLM,2101649,120090,10.1021/acs.jmedchem.1c00820,Discovery of TAK-041: a Potent and Selective GPR139 Agonist Explored for the Treatment of Negative Symptoms Associated with Schizophrenia.,MLWZRROZCADIQQ,BFNPBDJFKSZLHJ,Cc1ccc([C@H](C)NC(=O)Cn2nnc3ccc(C)cc3c2=O)cc1,Cc1ccc([C@H](C)NC(=O)Cn2nnc3c(F)cc(C)cc3c2=O)cc1,Ar-H_to_Ar-F,1,15,1,"{""1"": -1, ""9"": 1}",2.2528530309798933,1.9294189257142926,-0.3234341052656007,1,1,1,0.0,0.0,0.0,CL,CL,mL.min-1.kg-1,mL.min-1.kg-1,,,1,1,0,0,1,0,1,1,pending,Verify the parent/fluorinated identity and assay-table values in the cited source.
HLM,2101649,120090,10.1021/acs.jmedchem.1c00820,Discovery of TAK-041: a Potent and Selective GPR139 Agonist Explored for the Treatment of Negative Symptoms Associated with Schizophrenia.,MLWZRROZCADIQQ,GMLBGSJQDOOBRU,Cc1ccc([C@H](C)NC(=O)Cn2nnc3ccc(C)cc3c2=O)cc1,Cc1ccc([C@H](C)NC(=O)Cn2nnc3ccc(C(F)(F)F)cc3c2=O)cc1,CH3_to_CF3,3,18,1,"{""1"": -3, ""9"": 3}",2.2528530309798933,2.6384892569546374,0.3856362259747441,0,1,1,0.0,0.0,0.0,CL,CL,mL.min-1.kg-1,mL.min-1.kg-1,,,1,1,0,0,1,0,1,1,pending,Verify the parent/fluorinated identity and assay-table values in the cited source.
HLM,834895,63001,10.1016/j.bmcl.2012.06.087,Orally available pyridinylpyrimidine derivatives as novel RANKL-induced osteoclastogenesis inhibitors.,MNEUEWDEJDGILN,VNBRKGDHGYREED,COc1cnc(-c2ccccn2)nc1NCc1ccccc1F,COc1cnc(-c2ccccn2)nc1NCc1ccc(F)cc1F,Ar-H_to_Ar-F,1,19,1,"{""1"": -1, ""9"": 1}",1.7853298350107671,1.8976270912904414,0.11229725627967424,0,1,1,0.0,0.0,0.0,CL,CL,mL.min-1.kg-1,mL.min-1.kg-1,,,1,1,0,0,1,0,1,1,pending,Verify the parent/fluorinated identity and assay-table values in the cited source.
HLM,2149700,121631,10.1021/acs.jmedchem.1c00563,Fragment-Based Optimization of Dihydropyrazino-Benzimidazolones as Metabotropic Glutamate Receptor-2 Positive Allosteric Modulators against Migraine.,MNMMYRNEABEESW,APVCUKKQQJRKKW,O=C1c2nc3cccc(Br)c3n2CCN1Cc1ccc(Cl)cc1,O=C1c2nc3cccc(Br)c3n2CCN1Cc1ccc(Cl)cc1F,Ar-H_to_Ar-F,1,22,1,"{""1"": -1, ""9"": 1}",-0.07448164182256993,-0.09296504751658309,-0.01848340569401316,1,1,1,0.0,0.0,0.0,CL,CL,mL.min-1.g-1,mL.min-1.g-1,mL.min-1.kg-1,mL.min-1.kg-1,1,1,0,0,1,0,1,1,pending,Verify the parent/fluorinated identity and assay-table values in the cited source.
HLM,2068636,119055,10.1021/acs.jmedchem.0c01279,Synthesis and Structure-Activity Relationship of Tetra-Substituted Cyclohexyl Diol Inhibitors of Proviral Insertion of Moloney Virus (PIM) Kinases.,MQJKFTSCVWNMCE,LWJSFVCONTZMIO,C[C@H]1C[C@@H](c2ccncc2NC(=O)c2nc(-c3c(F)cccc3F)ncc2N)C[C@@H](O)[C@]1(C)O,C[C@H]1C[C@@H](c2ccncc2NC(=O)c2nc(-c3c(F)cccc3F)ncc2N)C[C@@H](O)[C@@]1(O)CF,C-H_to_C-F,1,33,1,"{""1"": -1, ""9"": 1}",1.0413926851582251,1.462397997898956,0.42100531274073094,0,1,1,0.0,0.0,0.0,CL,CL,mL.min-1.kg-1,mL.min-1.kg-1,,,1,1,0,0,1,0,1,1,pending,Verify the parent/fluorinated identity and assay-table values in the cited source.
HLM,637914,51593,10.1016/j.bmc.2010.04.077,"A statistical analysis of in vitro human microsomal metabolic stability of small phenyl group substituents, leading to improved design sets for parallel SAR exploration of a chemical series.",MQJKLSGVNGIUER,IYZWPZVSKDLRDH,Cc1cccc(C(=O)N2CCC(C(=O)c3ccc(F)cc3)CC2)c1,O=C(c1ccc(F)cc1)C1CCN(C(=O)c2cccc(C(F)(F)F)c2)CC1,CH3_to_CF3,3,20,1,"{""1"": -3, ""9"": 3}",1.7076723510147476,1.2049064289025684,-0.5027659221121792,1,1,1,0.0,0.0,0.0,CL,CL,mL.min-1.g-1,mL.min-1.g-1,mL.min-1.kg-1,mL.min-1.kg-1,1,1,0,0,1,0,1,1,pending,Verify the parent/fluorinated identity and assay-table values in the cited source.
HLM,637914,51593,10.1016/j.bmc.2010.04.077,"A statistical analysis of in vitro human microsomal metabolic stability of small phenyl group substituents, leading to improved design sets for parallel SAR exploration of a chemical series.",MSLVNCKQBBYFEE,WGPQNZMHIHQQTK,COc1ccccc1C(=O)N1CCC(C(=O)c2ccc(F)cc2)CC1,O=C(c1ccc(F)cc1)C1CCN(C(=O)c2ccccc2OC(F)(F)F)CC1,OCH3_to_OCF3,3,22,1,"{""1"": -3, ""9"": 3}",1.2235218992112236,1.2960725663598351,0.07255066714861158,0,1,1,0.0,0.0,0.0,CL,CL,mL.min-1.g-1,mL.min-1.g-1,mL.min-1.kg-1,mL.min-1.kg-1,1,1,0,0,1,0,1,1,pending,Verify the parent/fluorinated identity and assay-table values in the cited source.
HLM,2133629,121318,10.1021/acs.jmedchem.1c00679,"Discovery of IACS-9779 and IACS-70465 as Potent Inhibitors Targeting Indoleamine 2,3-Dioxygenase 1 (IDO1) Apoenzyme.",MYCSOYFHSBECSR,AISFDGSJTOZJQL,CCC(NC(=O)c1ccc(Cl)cc1)[C@H]1[C@@H]2C[C@@H](n3cnc4cc(F)ccc43)C[C@@H]21,CCC(NC(=O)c1ccc(Cl)cc1)[C@H]1[C@@H]2C[C@@H](n3cnc4cc(F)cc(F)c43)C[C@@H]21,Ar-H_to_Ar-F,1,25,1,"{""1"": -1, ""9"": 1}",0.919078092376074,0.7403626894942439,-0.17871540288183008,1,1,1,0.0,0.0,0.0,CL,CL,mL.min-1.kg-1,mL.min-1.kg-1,,,1,1,0,0,1,0,1,1,pending,Verify the parent/fluorinated identity and assay-table values in the cited source.
HLM,2133629,121318,10.1021/acs.jmedchem.1c00679,"Discovery of IACS-9779 and IACS-70465 as Potent Inhibitors Targeting Indoleamine 2,3-Dioxygenase 1 (IDO1) Apoenzyme.",MYCSOYFHSBECSR,PJRNKUWABSYXJP,CCC(NC(=O)c1ccc(Cl)cc1)[C@H]1[C@@H]2C[C@@H](n3cnc4cc(F)ccc43)C[C@@H]21,CCC(NC(=O)c1ccc(Cl)cc1)[C@H]1[C@@H]2C[C@@H](n3cnc4cc(F)c(F)cc43)C[C@@H]21,Ar-H_to_Ar-F,1,24,1,"{""1"": -1, ""9"": 1}",0.919078092376074,1.1760912590556813,0.2570131666796074,0,1,1,0.0,0.0,0.0,CL,CL,mL.min-1.kg-1,mL.min-1.kg-1,,,1,1,0,0,1,0,1,1,pending,Verify the parent/fluorinated identity and assay-table values in the cited source.
HLM,1925814,114173,10.1021/acs.jmedchem.6b00425,Application of a Parallel Synthetic Strategy in the Discovery of Biaryl Acyl Sulfonamides as Efficient and Selective NaV1.7 Inhibitors.,NDCGLCOJCCYECT,PJWDCRXXCSYMLG,CC(C)COc1ncc(-c2ccc(C(=O)NS(C)(=O)=O)cc2)cc1Cl,CC(C)COc1ncc(-c2ccc(C(=O)NS(C)(=O)=O)cc2F)cc1Cl,Ar-H_to_Ar-F,1,21,1,"{""1"": -1, ""9"": 1}",1.2143138974243997,1.499549625905149,0.2852357284807494,0,1,1,0.0,0.0,0.0,CL,CL,mL.min-1.g-1,mL.min-1.g-1,mL.min-1.kg-1,mL.min-1.kg-1,1,1,0,0,1,0,1,1,pending,Verify the parent/fluorinated identity and assay-table values in the cited source.
HLM,637914,51593,10.1016/j.bmc.2010.04.077,"A statistical analysis of in vitro human microsomal metabolic stability of small phenyl group substituents, leading to improved design sets for parallel SAR exploration of a chemical series.",NEMAGJNFSRVYHA,IYMHMWPTSAHJQT,COc1cccc(C(=O)N2CCC(C(=O)c3ccc(F)cc3)CC2)c1,O=C(c1ccc(F)cc1)C1CCN(C(=O)c2cccc(OC(F)(F)F)c2)CC1,OCH3_to_OCF3,3,21,1,"{""1"": -3, ""9"": 3}",1.1787755720454105,1.5706129817305943,0.39183740968518377,0,1,1,0.0,0.0,0.0,CL,CL,mL.min-1.g-1,mL.min-1.g-1,mL.min-1.kg-1,mL.min-1.kg-1,1,1,0,0,1,0,1,1,pending,Verify the parent/fluorinated identity and assay-table values in the cited source.
HLM,2073422,119264,10.1021/acs.jmedchem.0c00936,"Discovery of IACS-9439, a Potent, Exquisitely Selective, and Orally Bioavailable Inhibitor of CSF1R.",NGKALCMOLVCFHL,KTRYEZRTYBBSHL,Nc1nccc(COc2ccc3nc(N[C@@H]4CCCC[C@H]4O)sc3c2)c1Cl,Nc1nccc(COc2cc(F)c3nc(N[C@@H]4CCCC[C@H]4O)sc3c2)c1Cl,Ar-H_to_Ar-F,1,10,1,"{""1"": -1, ""9"": 1}",1.3979400086720377,1.2787536009528289,-0.11918640771920885,1,1,1,0.0,0.0,0.0,CL,CL,mL.min-1.kg-1,mL.min-1.kg-1,,,1,1,0,0,1,0,1,1,pending,Verify the parent/fluorinated identity and assay-table values in the cited source.
HLM,853107,65507,10.1021/ml3000148,"A Potent and Orally Efficacious, Hydroxyethylamine-Based Inhibitor of β-Secretase.",NHIPWBOQIBZBNP,MYTVXNHBRORZBI,CC(=O)N[C@@H](Cc1ccc(F)c(C)c1)[C@H](O)CN[C@H]1CC2(CCC2)Oc2ncc(CC(C)(C)C)cc21,CC(=O)N[C@@H](Cc1ccc(F)c(C(F)(F)F)c1)[C@H](O)CN[C@H]1CC2(CCC2)Oc2ncc(CC(C)(C)C)cc21,CH3_to_CF3,3,12,1,"{""1"": -3, ""9"": 3}",2.986740392296435,2.1952906601109694,-0.7914497321854657,1,1,1,0.0,0.0,0.0,CL,CL,mL.min-1.g-1,mL.min-1.g-1,mL.min-1.kg-1,mL.min-1.kg-1,1,1,0,0,1,0,1,1,pending,Verify the parent/fluorinated identity and assay-table values in the cited source.
HLM,740418,57182,10.1016/j.bmcl.2011.02.019,Pharmacokinetic optimisation of novel indole-2-carboxamide cannabinoid CB1 antagonists.,NJHFERUHLBEMGP,MRXHARQQENIWRP,CC(O)CCNC(=O)c1cc2cc(C#N)ccc2n1Cc1cccc(OC(F)(F)F)c1,N#Cc1ccc2c(c1)cc(C(=O)NCCC(O)C(F)(F)F)n2Cc1cccc(OC(F)(F)F)c1,CH3_to_CF3,3,17,1,"{""1"": -3, ""9"": 3}",2.121264305229581,1.839037873388306,-0.28222643184127527,1,1,1,0.0,0.0,0.0,CL,CL,mL.min-1.g-1,mL.min-1.g-1,mL.min-1.kg-1,mL.min-1.kg-1,1,1,0,0,1,0,1,1,pending,Verify the parent/fluorinated identity and assay-table values in the cited source.
HLM,2165926,122085,10.1021/acsmedchemlett.1c00682,Discovery of Phospholipase D Inhibitors with Improved Drug-like Properties and Central Nervous System Penetrance.,NNIGCQKMLQLPDE,SAYDLSNHEFBCSP,C[C@@H](CN1CCC2(CC1)OC(=O)Nc1ccccc12)NC(=O)c1ccc(F)cc1,C[C@@H](CN1CCC2(CC1)OC(=O)Nc1cc(F)ccc12)NC(=O)c1ccc(F)cc1,Ar-H_to_Ar-F,1,15,1,"{""1"": -1, ""9"": 1}",1.591064607026499,1.8325089127062364,0.2414443056797373,0,1,1,0.0,0.0,0.0,CL,CL,mL.min-1.kg-1,mL.min-1.kg-1,,,1,1,0,0,1,0,1,1,pending,Verify the parent/fluorinated identity and assay-table values in the cited source.
HLM,1913273,113635,10.1021/acs.jmedchem.9b01032,Identification of CNS-Penetrant Aryl Sulfonamides as Isoform-Selective Na<sub>V</sub>1.6 Inhibitors with Efficacy in Mouse Models of Epilepsy.,NNOURUCQGKSLJV,PGAFBTBFTNJDLQ,C[C@H](Nc1cc(F)c(S(=O)(=O)Nc2nccs2)cc1Cl)c1ccc(F)cc1,C[C@H](Nc1cc(F)c(S(=O)(=O)Nc2nccs2)cc1Cl)c1ccc(F)cc1F,Ar-H_to_Ar-F,1,26,1,"{""1"": -1, ""9"": 1}",1.4771212547196624,0.9542425094393249,-0.5228787452803375,1,1,1,0.0,0.0,0.0,CL,CL,mL.min-1.kg-1,mL.min-1.kg-1,,,1,1,0,0,1,0,1,1,pending,Verify the parent/fluorinated identity and assay-table values in the cited source.
HLM,630935,51179,10.1016/j.bmcl.2010.03.094,"Discovery of 2-chloro-N-((4,4-difluoro-1-hydroxycyclohexyl)methyl)-5-(5-fluoropyrimidin-2-yl)benzamide as a potent and CNS penetrable P2X7 receptor antagonist.",NPKWTUPLJQXKEA,ZNZFAEUFDSBTTN,O=C(NCC1(O)CCCCC1)c1cc(-c2ncc(F)cn2)ccc1Cl,O=C(NCC1(O)CCCC(F)(F)C1)c1cc(-c2ncc(F)cn2)ccc1Cl,CH2_to_CF2,2,9,1,"{""1"": -2, ""9"": 2}",1.0791812460476249,1.0,-0.07918124604762489,1,1,1,0.0,0.0,0.0,CL,CL,mL.min-1.kg-1,mL.min-1.kg-1,,,1,1,0,0,1,0,1,1,pending,Verify the parent/fluorinated identity and assay-table values in the cited source.
HLM,835093,63010,10.1016/j.bmcl.2012.07.012,Isosteric replacements for benzothiazoles and optimisation to potent Cathepsin K inhibitors free from hERG channel inhibition.,NQRGNZATXBCCQO,LQZGVZTWZJQLPS,Cc1nc(N2CCN(C(=O)[C@@H]3CCCC[C@H]3C(=O)NC3(C#N)CC3)CC2)sc1C,Cc1sc(N2CCN(C(=O)[C@@H]3CCCC[C@H]3C(=O)NC3(C#N)CC3)CC2)nc1C(F)(F)F,CH3_to_CF3,3,28,1,"{""1"": -3, ""9"": 3}",1.0681858617461617,1.499549625905149,0.43136376415898736,0,1,1,0.0,0.0,0.0,CL,CL,mL.min-1.g-1,mL.min-1.g-1,mL.min-1.kg-1,mL.min-1.kg-1,1,1,0,0,1,0,1,1,pending,Verify the parent/fluorinated identity and assay-table values in the cited source.
HLM,637914,51593,10.1016/j.bmc.2010.04.077,"A statistical analysis of in vitro human microsomal metabolic stability of small phenyl group substituents, leading to improved design sets for parallel SAR exploration of a chemical series.",NRFXXQOQSMBUTQ,IOOPIIMCRMNFAG,O=C(c1ccc(F)cc1)C1CCN(C(=O)c2ccccc2Cl)CC1,O=C(c1ccc(F)cc1)C1CCN(C(=O)c2ccc(F)cc2Cl)CC1,Ar-H_to_Ar-F,1,18,1,"{""1"": -1, ""9"": 1}",1.5814034618141006,1.3234583668494677,-0.2579450949646329,1,1,1,0.0,0.0,0.0,CL,CL,mL.min-1.g-1,mL.min-1.g-1,mL.min-1.kg-1,mL.min-1.kg-1,1,1,0,0,1,0,1,1,pending,Verify the parent/fluorinated identity and assay-table values in the cited source.
HLM,751259,57778,10.1016/j.bmc.2011.03.035,Development and SAR of functionally selective allosteric modulators of GABAA receptors.,NVWCZRPXYVDQEE,PFZUQESQYBPRGB,CCCNC(=O)c1nnc2c(-c3cc(OC)ccc3OC)cccc2c1N,CCCNC(=O)c1nnc2c(-c3cc(OC)ccc3OC)c(F)ccc2c1N,Ar-H_to_Ar-F,1,21,1,"{""1"": -1, ""9"": 1}",1.4483971034577676,1.7924617313469506,0.344064627889183,0,1,1,0.0,0.0,0.0,CL,CL,mL.min-1.g-1,mL.min-1.g-1,mL.min-1.kg-1,mL.min-1.kg-1,1,1,0,0,1,0,1,1,pending,Verify the parent/fluorinated identity and assay-table values in the cited source.
HLM,751259,57778,10.1016/j.bmc.2011.03.035,Development and SAR of functionally selective allosteric modulators of GABAA receptors.,NVWCZRPXYVDQEE,XLIRBKWLVJGYBI,CCCNC(=O)c1nnc2c(-c3cc(OC)ccc3OC)cccc2c1N,COc1ccc(OC)c(-c2cccc3c(N)c(C(=O)NCCC(F)(F)F)nnc23)c1,CH3_to_CF3,3,22,1,"{""1"": -3, ""9"": 3}",1.4483971034577676,1.6122539060964374,0.16385680263866975,0,1,1,0.0,0.0,0.0,CL,CL,mL.min-1.g-1,mL.min-1.g-1,mL.min-1.kg-1,mL.min-1.kg-1,1,1,0,0,1,0,1,1,pending,Verify the parent/fluorinated identity and assay-table values in the cited source.
HLM,1760745,108310,10.1021/acs.jmedchem.8b00678,"Scaffold-Hopping Approach To Discover Potent, Selective, and Efficacious Inhibitors of NF-κB Inducing Kinase.",NXAKTRYQXPJCEF,TUXMKFYFDNOHIO,CN1CC[C@@](O)(C#Cc2cccc(-n3nc(C(N)=O)c4ccccc43)c2)C1=O,CN1CC[C@@](O)(C#Cc2cccc(-n3nc(C(N)=O)c4cc(F)ccc43)c2)C1=O,Ar-H_to_Ar-F,1,21,1,"{""1"": -1, ""9"": 1}",0.8750612633917001,1.0413926851582251,0.16633142176652504,0,1,1,0.0,0.0,0.0,CL,CL,mL.min-1.kg-1,mL.min-1.kg-1,,,1,1,0,0,1,0,1,1,pending,Verify the parent/fluorinated identity and assay-table values in the cited source.
HLM,1779573,109096,10.1021/acs.jmedchem.8b00518,"Discovery of TRPM8 Antagonist ( S)-6-(((3-Fluoro-4-(trifluoromethoxy)phenyl)(3-fluoropyridin-2-yl)methyl)carbamoyl)nicotinic Acid (AMG 333), a Clinical Candidate for the Treatment of Migraine.",NYPSHWNPJKZMIX,YNRFVYBOUKLFOD,Cc1cccc([C@H](NC(=O)c2ccc3cccnc3c2)c2ncccc2C(F)(F)F)c1,O=C(N[C@@H](c1cccc(C(F)(F)F)c1)c1ncccc1C(F)(F)F)c1ccc2cccnc2c1,CH3_to_CF3,3,9,1,"{""1"": -3, ""9"": 3}",2.247162809039331,1.4299136977637545,-0.8172491112755764,1,1,1,0.0,0.0,0.0,CL,CL,mL.min-1.g-1,mL.min-1.g-1,mL.min-1.kg-1,mL.min-1.kg-1,1,1,0,0,1,0,1,1,pending,Verify the parent/fluorinated identity and assay-table values in the cited source.
HLM,2218673,123621,10.1021/acs.jmedchem.1c00475,Structure-Activity Relationship Studies of Trisubstituted Isoxazoles as Selective Allosteric Ligands for the Retinoic-Acid-Receptor-Related Orphan Receptor γt.,NZRBQNXUTCVFCO,WKGLEAWUJDYKCF,O=C(O)c1ccc(OCc2c(-c3c(Cl)cccc3C(F)(F)F)noc2-c2cc[nH]c2)cc1,O=C(O)c1ccc(OCc2c(-c3c(Cl)cccc3C(F)(F)F)noc2-c2cc[nH]c2)cc1F,Ar-H_to_Ar-F,1,31,1,"{""1"": -1, ""9"": 1}",1.8301137001666907,1.9546765869186435,0.12456288675195282,0,1,1,0.0,0.0,0.0,CL,CL,mL.min-1.g-1,mL.min-1.g-1,mL.min-1.kg-1,mL.min-1.kg-1,1,1,0,0,1,0,1,1,pending,Verify the parent/fluorinated identity and assay-table values in the cited source.
HLM,2145313,121460,10.1021/acs.jmedchem.1c00715,"Design, Synthesis, and Biological Evaluation of Stable Colchicine-Binding Site Tubulin Inhibitors 6-Aryl-2-benzoyl-pyridines as Potential Anticancer Agents.",OALURXFCDQIMHW,SIOLHJWDONLOHE,COc1cc(C(=O)c2cccc(-c3ccc(C(F)F)cc3)n2)cc(OC)c1OC,COc1cc(C(=O)c2nc(-c3ccc(C(F)F)cc3)ccc2F)cc(OC)c1OC,Ar-H_to_Ar-F,1,21,1,"{""1"": -1, ""9"": 1}",2.3803921600570273,1.5809249756756194,-0.7994671843814078,1,1,1,0.0,0.0,0.0,CL,CL,mL.min-1.kg-1,mL.min-1.kg-1,,,1,1,0,0,1,0,1,1,pending,Verify the parent/fluorinated identity and assay-table values in the cited source.
HLM,810398,61433,10.1016/j.bmcl.2011.10.033,"Discovery, optimisation and in vivo evaluation of novel GPR119 agonists.",OBCYIDQCUJDTIC,PJKKZSMSDDSMEJ,CN(C(=O)Cc1ccc(S(C)(=O)=O)cc1)C1CCN(Cc2ccc(C(F)(F)F)cc2)CC1,CN(C(=O)Cc1ccc(S(C)(=O)=O)cc1F)C1CCN(Cc2ccc(C(F)(F)F)cc2)CC1,Ar-H_to_Ar-F,1,14,1,"{""1"": -1, ""9"": 1}",0.5453071164658241,1.3234583668494677,0.7781512503836436,0,1,1,0.0,0.0,0.0,CL,CL,mL.min-1.g-1,mL.min-1.g-1,mL.min-1.kg-1,mL.min-1.kg-1,1,1,0,0,1,0,1,1,pending,Verify the parent/fluorinated identity and assay-table values in the cited source.
HLM,810398,61433,10.1016/j.bmcl.2011.10.033,"Discovery, optimisation and in vivo evaluation of novel GPR119 agonists.",OBCYIDQCUJDTIC,XLRFNVGYXCZQNE,CN(C(=O)Cc1ccc(S(C)(=O)=O)cc1)C1CCN(Cc2ccc(C(F)(F)F)cc2)CC1,CN(C(=O)Cc1ccc(S(C)(=O)=O)c(F)c1)C1CCN(Cc2ccc(C(F)(F)F)cc2)CC1,Ar-H_to_Ar-F,1,13,1,"{""1"": -1, ""9"": 1}",0.5453071164658241,1.2442771208018428,0.6989700043360187,0,1,1,0.0,0.0,0.0,CL,CL,mL.min-1.g-1,mL.min-1.g-1,mL.min-1.kg-1,mL.min-1.kg-1,1,1,0,0,1,0,1,1,pending,Verify the parent/fluorinated identity and assay-table values in the cited source.
HLM,1928924,114290,10.1021/acs.jmedchem.6b00879,Design and Synthesis of Orally Bioavailable 4-Methyl Heteroaryldihydropyrimidine Based Hepatitis B Virus (HBV) Capsid Inhibitors.,OBVFUZUREBRDGI,ZIWRQEOBKYNZIV,COC(=O)C1C(CN2CCC[C@H]2C(=O)O)=NC(c2nccs2)=N[C@@]1(C)c1ccc(F)cc1,COC(=O)C1C(CN2CC(F)(F)C[C@H]2C(=O)O)=NC(c2nccs2)=N[C@@]1(C)c1ccc(F)cc1,CH2_to_CF2,2,9,1,"{""1"": -2, ""9"": 2}",0.36172783601759284,1.0791812460476249,0.717453410030032,0,1,1,0.0,0.0,0.0,CL,CL,mL.min-1.kg-1,mL.min-1.kg-1,,,1,1,0,0,1,0,1,1,pending,Verify the parent/fluorinated identity and assay-table values in the cited source.
HLM,834895,63001,10.1016/j.bmcl.2012.06.087,Orally available pyridinylpyrimidine derivatives as novel RANKL-induced osteoclastogenesis inhibitors.,ODCDWGADKFHUDV,MNEUEWDEJDGILN,COc1cnc(-c2ccccn2)nc1NCc1ccccc1,COc1cnc(-c2ccccn2)nc1NCc1ccccc1F,Ar-H_to_Ar-F,1,21,1,"{""1"": -1, ""9"": 1}",1.8260748027008264,1.7853298350107671,-0.04074496769005931,1,1,1,0.0,0.0,0.0,CL,CL,mL.min-1.kg-1,mL.min-1.kg-1,,,1,1,0,0,1,0,1,1,pending,Verify the parent/fluorinated identity and assay-table values in the cited source.
HLM,2104609,120208,10.1016/j.bmcl.2021.128133,Identification of aryl sulfonamides as novel and potent inhibitors of Na<sub>V</sub>1.5.,OEDUWACNIWKZMU,VBLCBSQHABJKEB,O=S(=O)(Nc1cccc(F)n1)c1cc(F)c(O[C@H]2CCN(CC(F)(F)F)C[C@@H]2c2ccccc2F)cc1F,O=S(=O)(Nc1cccc(F)n1)c1cc(F)c(O[C@H]2CCN(CC(F)(F)F)C[C@@H]2c2ccc(F)cc2F)cc1F,Ar-H_to_Ar-F,1,31,1,"{""1"": -1, ""9"": 1}",1.2304489213782739,1.1139433523068367,-0.11650556907143717,1,1,1,0.0,0.0,0.0,CL,CL,mL.min-1.kg-1,mL.min-1.kg-1,,,1,1,0,0,1,0,1,1,pending,Verify the parent/fluorinated identity and assay-table values in the cited source.
HLM,874019,66641,10.1021/jm3011838,Pharmacokinetic optimization of class-selective histone deacetylase inhibitors and identification of associated candidate predictive biomarkers of hepatocellular carcinoma tumor response.,OHVGXEANLKQKLV,QOAAEOYFDZIXCS,CN1C[C@H](C(=O)Nc2ccccc2F)[C@@H](c2ccc(/C=C/C(=O)Nc3ccccc3N)cc2)C1,CN1C[C@H](C(=O)Nc2ccc(F)cc2F)[C@@H](c2ccc(/C=C/C(=O)Nc3ccccc3N)cc2)C1,Ar-H_to_Ar-F,1,10,1,"{""1"": -1, ""9"": 1}",1.0,1.0791812460476249,0.07918124604762489,0,1,1,0.0,0.0,0.0,CL,CL,mL.min-1.kg-1,mL.min-1.kg-1,,,1,1,0,0,1,0,1,1,pending,Verify the parent/fluorinated identity and assay-table values in the cited source.
HLM,348526,31043,10.1016/j.bmcl.2006.01.100,Structure-activity relationship of thiopyrimidines as mGluR5 antagonists.,OHXDZMRKYJSXLE,WIVNCNFPFSEZJX,Clc1ccc(Sc2ccnc(-c3ccccn3)n2)cc1Cl,Fc1ccc(-c2nccc(Sc3ccc(Cl)c(Cl)c3)n2)nc1,Ar-H_to_Ar-F,1,1,1,"{""1"": -1, ""9"": 1}",2.0224283711854865,2.2143138974244,0.19188552623891342,0,1,1,0.0,0.0,0.0,CL,CL,mL.min-1.g-1,mL.min-1.g-1,mL.min-1.kg-1,mL.min-1.kg-1,1,1,0,0,1,0,1,1,pending,Verify the parent/fluorinated identity and assay-table values in the cited source.
HLM,750429,57865,10.1016/j.bmcl.2009.04.044,The discovery of novel calcium sensing receptor negative allosteric modulators.,OMEWJWUGGRDZKF,NJDXEXYIQVSAJU,Cc1ccc(CC(C)(C)NC[C@@H](O)COc2cccc(C3CC4CC3C3C(C(=O)O)C43)c2)cc1F,Cc1ccc(CC(C)(C)NC[C@@H](O)COc2cc(C3CC4CC3C3C(C(=O)O)C43)ccc2F)cc1F,Ar-H_to_Ar-F,1,31,1,"{""1"": -1, ""9"": 1}",1.4299136977637545,1.3692158574101427,-0.06069784035361181,1,1,1,0.0,0.0,0.0,CL,CL,mL.min-1.g-1,mL.min-1.g-1,mL.min-1.kg-1,mL.min-1.kg-1,1,1,0,0,1,0,1,1,pending,Verify the parent/fluorinated identity and assay-table values in the cited source.
HLM,2289828,125716,10.1016/j.ejmech.2022.114858,"Structural optimization of Imidazo[1, 2-a]pyridine derivatives for the treatment of gastric cancer via STAT3 signaling pathway.",OMQKLMVWHFHOEU,NDRFSVVPXWMUGY,COc1ccn2c(-c3ccc(NC(=O)c4ccc([N+](=O)[O-])o4)c(C)c3)cnc2c1,COc1ccn2c(-c3ccc(NC(=O)c4ccc([N+](=O)[O-])o4)c(C(F)(F)F)c3)cnc2c1,CH3_to_CF3,3,23,1,"{""1"": -3, ""9"": 3}",1.7891716058999008,2.006204959222372,0.2170333533224713,0,1,1,0.0,0.0,0.0,CL,CL,mL.min-1.g-1,mL.min-1.g-1,mL.min-1.kg-1,mL.min-1.kg-1,1,1,0,0,1,0,1,1,pending,Verify the parent/fluorinated identity and assay-table values in the cited source.
HLM,1913273,113635,10.1021/acs.jmedchem.9b01032,Identification of CNS-Penetrant Aryl Sulfonamides as Isoform-Selective Na<sub>V</sub>1.6 Inhibitors with Efficacy in Mouse Models of Epilepsy.,ONNZXUHXIVNZBQ,KLWKJFRXLGLTIH,C[C@H](Nc1cc(F)c(S(=O)(=O)Nc2cscn2)cc1Cl)c1ccccc1F,C[C@H](Nc1cc(F)c(S(=O)(=O)Nc2cscn2)cc1Cl)c1cc(F)ccc1F,Ar-H_to_Ar-F,1,22,1,"{""1"": -1, ""9"": 1}",1.7075701760979363,1.662757831681574,-0.04481234441636217,1,1,1,0.0,0.0,0.0,CL,CL,mL.min-1.kg-1,mL.min-1.kg-1,,,1,1,0,0,1,0,1,1,pending,Verify the parent/fluorinated identity and assay-table values in the cited source.
HLM,1845911,111567,10.1021/acs.jmedchem.0c00628,"Discovery of <i>N</i>-Ethyl-4-[2-(4-fluoro-2,6-dimethyl-phenoxy)-5-(1-hydroxy-1-methyl-ethyl)phenyl]-6-methyl-7-oxo-1<i>H</i>-pyrrolo[2,3-<i>c</i>]pyridine-2-carboxamide (ABBV-744), a BET Bromodomain Inhibitor with Selectivity for the Second Bromodomain.",OPEBMJVHBSSVLY,OESPIJSUAHXLAH,CCNC(=O)c1cc2c(-c3cc(S(=O)(=O)CC)ccc3Oc3c(C)cccc3C)cn(C)c(=O)c2[nH]1,CCNC(=O)c1cc2c(-c3cc(S(=O)(=O)CC)ccc3Oc3c(C)cc(F)cc3C)cn(C)c(=O)c2[nH]1,Ar-H_to_Ar-F,1,25,1,"{""1"": -1, ""9"": 1}",1.954242509439325,2.2218574354191367,0.26761492597981174,0,1,1,0.0,0.0,0.0,CL,CL,mL.min-1.kg-1,mL.min-1.kg-1,,,1,1,0,0,1,0,1,1,pending,Verify the parent/fluorinated identity and assay-table values in the cited source.
HLM,1845911,111567,10.1021/acs.jmedchem.0c00628,"Discovery of <i>N</i>-Ethyl-4-[2-(4-fluoro-2,6-dimethyl-phenoxy)-5-(1-hydroxy-1-methyl-ethyl)phenyl]-6-methyl-7-oxo-1<i>H</i>-pyrrolo[2,3-<i>c</i>]pyridine-2-carboxamide (ABBV-744), a BET Bromodomain Inhibitor with Selectivity for the Second Bromodomain.",OPEBMJVHBSSVLY,OOSDOKNKHNJZHR,CCNC(=O)c1cc2c(-c3cc(S(=O)(=O)CC)ccc3Oc3c(C)cccc3C)cn(C)c(=O)c2[nH]1,CCNC(=O)c1cc2c(-c3cc(S(=O)(=O)CC)ccc3Oc3c(C)cccc3C(F)F)cn(C)c(=O)c2[nH]1,CH2_to_CF2,2,28,1,"{""1"": -2, ""9"": 2}",1.954242509439325,1.8750612633917,-0.07918124604762489,1,1,1,0.0,0.0,0.0,CL,CL,mL.min-1.kg-1,mL.min-1.kg-1,,,1,1,0,0,1,0,1,1,pending,Verify the parent/fluorinated identity and assay-table values in the cited source.
HLM,1845911,111567,10.1021/acs.jmedchem.0c00628,"Discovery of <i>N</i>-Ethyl-4-[2-(4-fluoro-2,6-dimethyl-phenoxy)-5-(1-hydroxy-1-methyl-ethyl)phenyl]-6-methyl-7-oxo-1<i>H</i>-pyrrolo[2,3-<i>c</i>]pyridine-2-carboxamide (ABBV-744), a BET Bromodomain Inhibitor with Selectivity for the Second Bromodomain.",OPEBMJVHBSSVLY,RNNIEDANKZEVPX,CCNC(=O)c1cc2c(-c3cc(S(=O)(=O)CC)ccc3Oc3c(C)cccc3C)cn(C)c(=O)c2[nH]1,CCNC(=O)c1cc2c(-c3cc(S(=O)(=O)CC)ccc3Oc3c(C)cccc3C(F)(F)F)cn(C)c(=O)c2[nH]1,CH3_to_CF3,3,28,1,"{""1"": -3, ""9"": 3}",1.954242509439325,1.8750612633917,-0.07918124604762489,1,1,1,0.0,0.0,0.0,CL,CL,mL.min-1.kg-1,mL.min-1.kg-1,,,1,1,0,0,1,0,1,1,pending,Verify the parent/fluorinated identity and assay-table values in the cited source.
HLM,740418,57182,10.1016/j.bmcl.2011.02.019,Pharmacokinetic optimisation of novel indole-2-carboxamide cannabinoid CB1 antagonists.,OTPJCLRWQYHHMN,YNLWWYZTNZMXTK,Cc1ccc(C)c(Cn2c(C(=O)NCC(C)(C)CO)cc3cc(C#N)ccc32)c1,Cc1ccc(C(F)(F)F)cc1Cn1c(C(=O)NCC(C)(C)CO)cc2cc(C#N)ccc21,CH3_to_CF3,3,5,1,"{""1"": -3, ""9"": 3}",2.4781189850774563,2.3234583668494677,-0.1546606182279886,1,1,1,0.0,0.0,0.0,CL,CL,mL.min-1.g-1,mL.min-1.g-1,mL.min-1.kg-1,mL.min-1.kg-1,1,1,0,0,1,0,1,1,pending,Verify the parent/fluorinated identity and assay-table values in the cited source.
HLM,810398,61433,10.1016/j.bmcl.2011.10.033,"Discovery, optimisation and in vivo evaluation of novel GPR119 agonists.",OWIXGPSLIFEOOY,BKCLNIGTOQSNPO,CN(C(=O)Cc1ccc(S(C)(=O)=O)cc1)[C@@H]1CCN(Cc2nc3ccccc3s2)C[C@@H]1F,CN(C(=O)Cc1ccc(S(C)(=O)=O)cc1)[C@@H]1CCN(Cc2nc3cc(F)ccc3s2)C[C@@H]1F,Ar-H_to_Ar-F,1,24,1,"{""1"": -1, ""9"": 1}",1.0224283711854865,1.1821292140529984,0.15970084286751196,0,1,1,0.0,0.0,0.0,CL,CL,mL.min-1.g-1,mL.min-1.g-1,mL.min-1.kg-1,mL.min-1.kg-1,1,1,0,0,1,0,1,1,pending,Verify the parent/fluorinated identity and assay-table values in the cited source.
HLM,763656,58666,10.1021/jm2006035,"Design and discovery of a selective small molecule κ opioid antagonist (2-methyl-N-((2'-(pyrrolidin-1-ylsulfonyl)biphenyl-4-yl)methyl)propan-1-amine, PF-4455242).",OWVIKBRKPCTDEP,QKMSUYZQEWXVSN,CC(C)CNCc1ccc(-c2ccccc2S(=O)(=O)N2CCCC2)cc1,CC(C)CNCc1ccc(-c2ccccc2S(=O)(=O)N2CCC(F)(F)C2)cc1,CH2_to_CF2,2,22,1,"{""1"": -2, ""9"": 2}",1.4409090820652177,1.2479732663618066,-0.19293581570341112,1,1,1,0.0,0.0,0.0,CL,CL,mL.min-1.kg-1,mL.min-1.kg-1,,,1,1,0,0,1,0,1,1,pending,Verify the parent/fluorinated identity and assay-table values in the cited source.
HLM,716792,55420,10.1016/j.bmcl.2010.12.123,Optimization of a novel class of benzimidazole-based farnesoid X receptor (FXR) agonists to improve physicochemical and ADME properties.,OZGKPOZAIWDSQB,DGVNGMXASUNRAO,O=C(O)c1ccc(NC(=O)[C@H](C2CCCCC2)n2c(-c3ccc(Cl)cc3)nc3cc(F)c(F)cc32)cc1,O=C(O)c1ccc(NC(=O)[C@H](C2CCCCC2)n2c(-c3ccc(Cl)cc3)nc3cc(F)c(F)cc32)c(F)c1,Ar-H_to_Ar-F,1,35,1,"{""1"": -1, ""9"": 1}",0.9712758487381052,1.0224283711854865,0.05115252244738122,0,1,1,0.0,0.0,0.0,CL,CL,mL.min-1.g-1,mL.min-1.g-1,mL.min-1.kg-1,mL.min-1.kg-1,1,1,0,0,1,0,1,1,pending,Verify the parent/fluorinated identity and assay-table values in the cited source.
HLM,2133629,121318,10.1021/acs.jmedchem.1c00679,"Discovery of IACS-9779 and IACS-70465 as Potent Inhibitors Targeting Indoleamine 2,3-Dioxygenase 1 (IDO1) Apoenzyme.",OZPVWUDGSNMDJF,BEYUSXVOFZUXLC,CCC(NC(=O)c1ccc(Cl)cc1)[C@H]1[C@@H]2C[C@@H](n3cnc4c(F)cccc43)C[C@@H]21,CCC(NC(=O)c1ccc(Cl)cc1)[C@H]1[C@@H]2C[C@@H](n3cnc4c(F)cc(F)cc43)C[C@@H]21,Ar-H_to_Ar-F,1,24,1,"{""1"": -1, ""9"": 1}",1.2787536009528289,0.8195439355418687,-0.4592096654109602,1,1,1,0.0,0.0,0.0,CL,CL,mL.min-1.kg-1,mL.min-1.kg-1,,,1,1,0,0,1,0,1,1,pending,Verify the parent/fluorinated identity and assay-table values in the cited source.
HLM,429174,35229,10.1021/jm061159a,"Discovery of diaryl imidazolidin-2-one derivatives, a novel class of muscarinic M3 selective antagonists (Part 1).",PAWBGCCWTWGZPD,PZNWDUWKLZHRGR,O=C1NC(c2cccs2)(c2cccs2)CN1C1CCN(Cc2ccccc2)CC1,O=C1NC(c2cccs2)(c2cccs2)CN1C1CCN(Cc2cccc(F)c2)CC1,Ar-H_to_Ar-F,1,25,1,"{""1"": -1, ""9"": 1}",0.36172783601759284,-0.022276394711152253,-0.3840042307287451,1,1,1,0.0,0.0,0.0,CL,CL,mL.min-1.kg-1,mL.min-1.kg-1,,,1,1,0,0,1,0,1,1,pending,Verify the parent/fluorinated identity and assay-table values in the cited source.
HLM,467816,38711,10.1016/j.bmcl.2008.04.058,IRAK-4 inhibitors. Part 1: a series of amides.,PBCXCIIXLDABDM,PFJLWMBSVUBDHT,COc1ccccc1NC(=O)c1csc(-c2cccnc2)n1,O=C(Nc1ccccc1OC(F)F)c1csc(-c2cccnc2)n1,CH2_to_CF2,2,10,1,"{""1"": -2, ""9"": 2}",2.545307116465824,2.0810230864513337,-0.46428403001449015,1,1,1,0.0,0.0,0.0,CL,CL,mL.min-1.g-1,mL.min-1.g-1,mL.min-1.kg-1,mL.min-1.kg-1,1,1,0,0,1,0,1,1,pending,Verify the parent/fluorinated identity and assay-table values in the cited source.
HLM,702473,54771,10.1021/jm100679e,Integration of lead optimization with crystallography for a membrane-bound ion channel target: discovery of a new class of AMPA receptor positive allosteric modulators.,PDJIWKMJOGMRFV,FMFRNCRYWTXTOL,O=C1CCCN1Cc1ccc(-n2nc(C(F)(F)F)c3c2CCCC3)cc1,O=C1CCCN1Cc1ccc(-n2nc(C(F)(F)F)c3c2CCCC3)cc1F,Ar-H_to_Ar-F,1,25,1,"{""1"": -1, ""9"": 1}",1.0272272540672553,0.5305838596451177,-0.4966433944221377,1,1,1,0.0,0.0,0.0,CL,CL,mL.min-1.g-1,mL.min-1.g-1,mL.min-1.kg-1,mL.min-1.kg-1,1,1,0,0,1,0,1,1,pending,Verify the parent/fluorinated identity and assay-table values in the cited source.
HLM,874019,66641,10.1021/jm3011838,Pharmacokinetic optimization of class-selective histone deacetylase inhibitors and identification of associated candidate predictive biomarkers of hepatocellular carcinoma tumor response.,PDVHOKQIJVUEDD,QOAAEOYFDZIXCS,CN1C[C@H](C(=O)Nc2ccc(F)cc2)[C@@H](c2ccc(/C=C/C(=O)Nc3ccccc3N)cc2)C1,CN1C[C@H](C(=O)Nc2ccc(F)cc2F)[C@@H](c2ccc(/C=C/C(=O)Nc3ccccc3N)cc2)C1,Ar-H_to_Ar-F,1,13,1,"{""1"": -1, ""9"": 1}",0.6989700043360189,1.0791812460476249,0.38021124171160603,0,1,1,0.0,0.0,0.0,CL,CL,mL.min-1.kg-1,mL.min-1.kg-1,,,1,1,0,0,1,0,1,1,pending,Verify the parent/fluorinated identity and assay-table values in the cited source.
HLM,1843237,111471,10.1016/j.bmcl.2019.126779,Structure-activity relationship of 4-azaindole-2-piperidine derivatives as agents against Trypanosoma cruzi.,PFNLTZRVHPTCMC,YDVZODJEUINLGA,O=C(c1ccccc1)N1CCCC(c2cc3ncccc3[nH]2)C1,O=C(c1ccc(F)cc1)N1CCCC(c2cc3ncccc3[nH]2)C1,Ar-H_to_Ar-F,1,5,1,"{""1"": -1, ""9"": 1}",1.5249371711120707,1.6336548646261846,0.10871769351411387,0,2,2,0.12846043886795355,0.034778918688952665,0.12846043886795355,CL,CL,mL.min-1.g-1;mL.min-1.kg-1,mL.min-1.g-1;mL.min-1.kg-1,mL.min-1.kg-1,mL.min-1.kg-1,1,1,0,0,1,0,1,1,pending,Verify the parent/fluorinated identity and assay-table values in the cited source.
HLM,702473,54771,10.1021/jm100679e,Integration of lead optimization with crystallography for a membrane-bound ion channel target: discovery of a new class of AMPA receptor positive allosteric modulators.,PGXLUSOTMSRODM,FYXKSKQPCGSNKY,O=C(Cc1ccc(-n2nc(C(F)(F)F)c3c2CCCC3)cc1)N1CCCC1,O=C(N1CCCC1)C(F)(F)c1ccc(-n2nc(C(F)(F)F)c3c2CCCC3)cc1,CH2_to_CF2,2,7,1,"{""1"": -2, ""9"": 2}",1.464385208841898,1.670245853074124,0.20586064423222594,0,1,1,0.0,0.0,0.0,CL,CL,mL.min-1.g-1,mL.min-1.g-1,mL.min-1.kg-1,mL.min-1.kg-1,1,1,0,0,1,0,1,1,pending,Verify the parent/fluorinated identity and assay-table values in the cited source.
HLM,702473,54771,10.1021/jm100679e,Integration of lead optimization with crystallography for a membrane-bound ion channel target: discovery of a new class of AMPA receptor positive allosteric modulators.,PGXLUSOTMSRODM,JDFFPGMJOIDJDF,O=C(Cc1ccc(-n2nc(C(F)(F)F)c3c2CCCC3)cc1)N1CCCC1,O=C(C(F)c1ccc(-n2nc(C(F)(F)F)c3c2CCCC3)cc1)N1CCCC1,C-H_to_C-F,1,2,1,"{""1"": -1, ""9"": 1}",1.464385208841898,1.3924683170438543,-0.07191689179804373,1,1,1,0.0,0.0,0.0,CL,CL,mL.min-1.g-1,mL.min-1.g-1,mL.min-1.kg-1,mL.min-1.kg-1,1,1,0,0,1,0,1,1,pending,Verify the parent/fluorinated identity and assay-table values in the cited source.
HLM,702473,54771,10.1021/jm100679e,Integration of lead optimization with crystallography for a membrane-bound ion channel target: discovery of a new class of AMPA receptor positive allosteric modulators.,PGXLUSOTMSRODM,LDPUPYCJAUQZJN,O=C(Cc1ccc(-n2nc(C(F)(F)F)c3c2CCCC3)cc1)N1CCCC1,O=C(Cc1ccc(-n2nc(C(F)(F)F)c3c2CCCC3)cc1F)N1CCCC1,Ar-H_to_Ar-F,1,21,1,"{""1"": -1, ""9"": 1}",1.464385208841898,0.907034952483417,-0.557350256358481,1,1,1,0.0,0.0,0.0,CL,CL,mL.min-1.g-1,mL.min-1.g-1,mL.min-1.kg-1,mL.min-1.kg-1,1,1,0,0,1,0,1,1,pending,Verify the parent/fluorinated identity and assay-table values in the cited source.
HLM,702665,54775,10.1021/jm100978n,"An imidazopiperidine series of CCR5 antagonists for the treatment of HIV: the discovery of N-{(1S)-1-(3-fluorophenyl)-3-[(3-endo)-3-(5-isobutyryl-2-methyl-4,5,6,7-tetrahydro-1H-imidazo[4,5-c]pyridin-1-yl)-8-azabicyclo[3.2.1]oct-8-yl]propyl}acetamide (PF-232798).",PGZOJXIIMKNLJD,IZAPOECBOCZPMS,COC(=O)N1CCc2nc(C)n([C@H]3C[C@H]4CC[C@@H](C3)N4CC[C@H](NC(C)=O)c3ccccc3)c2C1,COC(=O)N1CCc2nc(C)n([C@H]3C[C@H]4CC[C@@H](C3)N4CC[C@H](NC(C)=O)c3cccc(F)c3)c2C1,Ar-H_to_Ar-F,1,31,1,"{""1"": -1, ""9"": 1}",1.3234583668494677,1.3469394626989906,0.02348109584952285,0,1,1,0.0,0.0,0.0,CL,CL,mL.min-1.g-1,mL.min-1.g-1,mL.min-1.kg-1,mL.min-1.kg-1,1,1,0,0,1,0,1,1,pending,Verify the parent/fluorinated identity and assay-table values in the cited source.
HLM,598086,48911,10.1016/j.bmcl.2009.07.133,Design and synthesis of piperazinylpyrimidinones as novel selective 5-HT(2C) agonists.,PIROQQYURKLFAS,OPHCHIXWIXYSNL,Cc1ccccc1CCc1nc(N2CCNC[C@H]2C)cc(=O)n1C,C[C@@H]1CNCCN1c1cc(=O)n(C)c(CCc2ccccc2C(F)(F)F)n1,CH3_to_CF3,3,22,1,"{""1"": -3, ""9"": 3}",1.3234583668494677,1.5305838596451178,0.20712549279565007,0,1,1,0.0,0.0,0.0,CL,CL,mL.min-1.g-1,mL.min-1.g-1,mL.min-1.kg-1,mL.min-1.kg-1,1,1,0,0,1,0,1,1,pending,Verify the parent/fluorinated identity and assay-table values in the cited source.
HLM,1925814,114173,10.1021/acs.jmedchem.6b00425,Application of a Parallel Synthetic Strategy in the Discovery of Biaryl Acyl Sulfonamides as Efficient and Selective NaV1.7 Inhibitors.,PJWDCRXXCSYMLG,OHLMDPKLAJGXPT,CC(C)COc1ncc(-c2ccc(C(=O)NS(C)(=O)=O)cc2F)cc1Cl,CC(C)COc1ncc(-c2c(F)cc(C(=O)NS(C)(=O)=O)cc2F)cc1Cl,Ar-H_to_Ar-F,1,10,1,"{""1"": -1, ""9"": 1}",1.499549625905149,1.4106085425683679,-0.08894108333678119,1,1,1,0.0,0.0,0.0,CL,CL,mL.min-1.g-1,mL.min-1.g-1,mL.min-1.kg-1,mL.min-1.kg-1,1,1,0,0,1,0,1,1,pending,Verify the parent/fluorinated identity and assay-table values in the cited source.
HLM,1925814,114173,10.1021/acs.jmedchem.6b00425,Application of a Parallel Synthetic Strategy in the Discovery of Biaryl Acyl Sulfonamides as Efficient and Selective NaV1.7 Inhibitors.,PJWDCRXXCSYMLG,ZVQRMIXAIICOKV,CC(C)COc1ncc(-c2ccc(C(=O)NS(C)(=O)=O)cc2F)cc1Cl,CC(C)COc1ncc(-c2cc(F)c(C(=O)NS(C)(=O)=O)cc2F)cc1Cl,Ar-H_to_Ar-F,1,11,1,"{""1"": -1, ""9"": 1}",1.499549625905149,1.7402837196818792,0.24073409377673016,0,1,1,0.0,0.0,0.0,CL,CL,mL.min-1.g-1,mL.min-1.g-1,mL.min-1.kg-1,mL.min-1.kg-1,1,1,0,0,1,0,1,1,pending,Verify the parent/fluorinated identity and assay-table values in the cited source.
HLM,2165796,122080,10.1021/acsmedchemlett.1c00652,Development of 6-Methanesulfonyl-8-nitrobenzothiazinone Based Antitubercular Agents.,PKLPYXIKZJWRBG,VSAHBFJLXQQAMR,CS(=O)(=O)c1cc([N+](=O)[O-])c2sc(N3CCN(CC4CCCCC4)CC3)nc(=O)c2c1,CS(=O)(=O)c1cc([N+](=O)[O-])c2sc(N3CCN(CC4CCC(F)(F)CC4)CC3)nc(=O)c2c1,CH2_to_CF2,2,21,1,"{""1"": -2, ""9"": 2}",1.7817553746524688,1.6541765418779606,-0.1275788327745082,1,1,1,0.0,0.0,0.0,CL,CL,mL.min-1.kg-1,mL.min-1.kg-1,,,1,1,0,0,1,0,1,1,pending,Verify the parent/fluorinated identity and assay-table values in the cited source.
HLM,637914,51593,10.1016/j.bmc.2010.04.077,"A statistical analysis of in vitro human microsomal metabolic stability of small phenyl group substituents, leading to improved design sets for parallel SAR exploration of a chemical series.",PKZCDDPQKFKJBR,FTRVIKOHNLTKAZ,O=C(c1ccc(F)cc1)C1CCN(C(=O)c2ccccc2F)CC1,O=C(c1ccc(F)cc1)C1CCN(C(=O)c2cccc(F)c2F)CC1,Ar-H_to_Ar-F,1,19,1,"{""1"": -1, ""9"": 1}",1.7356388146361155,1.3234583668494677,-0.41218044778664775,1,1,1,0.0,0.0,0.0,CL,CL,mL.min-1.g-1,mL.min-1.g-1,mL.min-1.kg-1,mL.min-1.kg-1,1,1,0,0,1,0,1,1,pending,Verify the parent/fluorinated identity and assay-table values in the cited source.
HLM,2292715,125793,10.1021/acs.jmedchem.6b00245,"Searching for New Leads for Tuberculosis: Design, Synthesis, and Biological Evaluation of Novel 2-Quinolin-4-yloxyacetamides.",PMKVVDYFRVLSFD,KVECUNCHSFJGTE,COc1ccc2nc(C)cc(OCC(=O)Nc3cc(C)cc(C)c3)c2c1,COc1ccc2nc(C)cc(OCC(=O)Nc3cc(C)c(F)c(C)c3)c2c1,Ar-H_to_Ar-F,1,20,1,"{""1"": -1, ""9"": 1}",0.1821292140529984,0.10957854690438673,-0.07255066714861166,1,1,1,0.0,0.0,0.0,CL,CL,mL.min-1.g-1,mL.min-1.g-1,mL.min-1.kg-1,mL.min-1.kg-1,1,1,0,0,1,0,1,1,pending,Verify the parent/fluorinated identity and assay-table values in the cited source.
HLM,652286,52446,10.1016/j.bmcl.2010.07.020,"Design, synthesis, and biological evaluation of new monoamine reuptake inhibitors with potential therapeutic utility in depression and pain.",PMWJXJVDUJHXHT,WTCFDFPSNBMAOR,CCCC1(C(=O)c2ccc3[nH]ccc3c2)CCCN1,CCCC1(C(=O)c2cc(F)c3[nH]ccc3c2)CCCN1,Ar-H_to_Ar-F,1,8,1,"{""1"": -1, ""9"": 1}",2.105612359686785,1.390405156480081,-0.7152072032067041,1,1,1,0.0,0.0,0.0,CL,CL,mL.min-1.g-1,mL.min-1.g-1,mL.min-1.kg-1,mL.min-1.kg-1,1,1,0,0,1,0,1,1,pending,Verify the parent/fluorinated identity and assay-table values in the cited source.
HLM,1727986,106945,10.1016/j.ejmech.2017.11.055,"A fluorine scan of a tubulin polymerization inhibitor isocombretastatin A-4: Design, synthesis, molecular modelling, and biological evaluation.",PNMBGQAVCUEXEN,CNNMSQTUVDFJKI,C=C(c1ccc(OC)c(N)c1)c1cc(OC)c(OC)c(OC)c1,C=C(c1ccc(OC(F)F)c(N)c1)c1cc(OC)c(OC)c(OC)c1,CH2_to_CF2,2,7,1,"{""1"": -2, ""9"": 2}",1.7309436934277358,1.9315087218666176,0.2005650284388818,0,1,1,0.0,0.0,0.0,CL,CL,mL.min-1.g-1,mL.min-1.g-1,mL.min-1.kg-1,mL.min-1.kg-1,1,1,0,0,1,0,1,1,pending,Verify the parent/fluorinated identity and assay-table values in the cited source.
HLM,1727986,106945,10.1016/j.ejmech.2017.11.055,"A fluorine scan of a tubulin polymerization inhibitor isocombretastatin A-4: Design, synthesis, molecular modelling, and biological evaluation.",PNMBGQAVCUEXEN,KVUQMSRUDFEMNF,C=C(c1ccc(OC)c(N)c1)c1cc(OC)c(OC)c(OC)c1,COc1ccc(C(=C(F)F)c2cc(OC)c(OC)c(OC)c2)cc1N,CH2_to_CF2,2,7,1,"{""1"": -2, ""9"": 2}",1.7309436934277358,1.7016543173257481,-0.029289376101987674,1,1,1,0.0,0.0,0.0,CL,CL,mL.min-1.g-1,mL.min-1.g-1,mL.min-1.kg-1,mL.min-1.kg-1,1,1,0,0,1,0,1,1,pending,Verify the parent/fluorinated identity and assay-table values in the cited source.
HLM,687527,54098,10.1016/j.bmcl.2010.10.036,4-aryl piperazine and piperidine amides as novel mGluR5 positive allosteric modulators.,PNMZFJOPBFIRGI,LISIBTYUESGZGJ,O=C(COCc1ccccc1)N1CCN(c2ccc(F)cc2)CC1,O=C(COCc1ccccc1)N1CCN(c2ccc(F)cc2F)CC1,Ar-H_to_Ar-F,1,21,1,"{""1"": -1, ""9"": 1}",2.1095785469043866,2.831613855309099,0.7220353084047124,0,1,1,0.0,0.0,0.0,CL,CL,mL.min-1.g-1,mL.min-1.g-1,mL.min-1.kg-1,mL.min-1.kg-1,1,1,0,0,1,0,1,1,pending,Verify the parent/fluorinated identity and assay-table values in the cited source.
HLM,497607,47036,10.1016/j.bmcl.2009.03.032,"3-Benzyl-1,3-oxazolidin-2-ones as mGluR2 positive allosteric modulators: Hit-to lead and lead optimization.",PNWVKPYOOCOTSW,NZMJQXONLWEBCO,C[C@@H]1CN(Cc2ccc(-c3ccc(F)cc3)cc2)C(=O)O1,C[C@@H]1CN(Cc2ccc(-c3ccc(F)cc3F)cc2)C(=O)O1,Ar-H_to_Ar-F,1,15,1,"{""1"": -1, ""9"": 1}",0.7558748556724915,0.8633228601204559,0.10744800444796443,0,1,1,0.0,0.0,0.0,CL,CL,mL.min-1.kg-1,mL.min-1.kg-1,,,1,1,0,0,1,0,1,1,pending,Verify the parent/fluorinated identity and assay-table values in the cited source.
HLM,1810580,110470,10.1021/acs.jmedchem.8b00994,"Discovery, Structure-Activity Relationship, and Biological Characterization of a Novel Series of 6-((1 H-Pyrazolo[4,3- b]pyridin-3-yl)amino)-benzo[ d]isothiazole-3-carboxamides as Positive Allosteric Modulators of the Metabotropic Glutamate Receptor 4 (mGlu<sub>4</sub>).",PPHTWUAKTMFTTE,MQAWYYGWCJGFEV,CCc1noc2cc(Nc3[nH]nc4cccnc34)ccc12,CC(F)(F)c1noc2cc(Nc3[nH]nc4cccnc34)ccc12,CH2_to_CF2,2,1,1,"{""1"": -2, ""9"": 2}",1.8444771757456815,1.390935107103379,-0.4535420686423024,1,1,1,0.0,0.0,0.0,CL,CL,mL.min-1.kg-1,mL.min-1.kg-1,,,1,1,0,0,1,0,1,1,pending,Verify the parent/fluorinated identity and assay-table values in the cited source.
HLM,803092,61153,10.1016/j.bmcl.2011.12.117,"Balancing hERG affinity and absorption in the discovery of AZD5672, an orally active CCR5 antagonist for the treatment of rheumatoid arthritis.",PPYMERDBEMQHQM,HFLVCCCLGAIFBB,CCN(C(=O)Cc1ccc(S(C)(=O)=O)cc1)C1CCN(CC[C@@H](c2ccccc2)C2CCN(S(C)(=O)=O)CC2)CC1,CCN(C(=O)Cc1ccc(S(C)(=O)=O)cc1)C1CCN(CC[C@@H](c2ccccc2)C2CCN(S(=O)(=O)C(F)(F)F)CC2)CC1,CH3_to_CF3,3,36,1,"{""1"": -3, ""9"": 3}",1.5595475555804343,1.515343893088381,-0.04420366249205343,1,1,1,0.0,0.0,0.0,CL,CL,mL.min-1.g-1,mL.min-1.g-1,mL.min-1.kg-1,mL.min-1.kg-1,1,1,0,0,1,0,1,1,pending,Verify the parent/fluorinated identity and assay-table values in the cited source.
HLM,803092,61153,10.1016/j.bmcl.2011.12.117,"Balancing hERG affinity and absorption in the discovery of AZD5672, an orally active CCR5 antagonist for the treatment of rheumatoid arthritis.",PPYMERDBEMQHQM,YBLZDNSYXSHJJF,CCN(C(=O)Cc1ccc(S(C)(=O)=O)cc1)C1CCN(CC[C@@H](c2ccccc2)C2CCN(S(C)(=O)=O)CC2)CC1,CCN(C(=O)Cc1ccc(S(C)(=O)=O)cc1)C1CCN(CC[C@@H](c2cccc(F)c2)C2CCN(S(C)(=O)=O)CC2)CC1,Ar-H_to_Ar-F,1,27,1,"{""1"": -1, ""9"": 1}",1.5595475555804343,1.3234583668494677,-0.23608918873096663,1,1,1,0.0,0.0,0.0,CL,CL,mL.min-1.g-1,mL.min-1.g-1,mL.min-1.kg-1,mL.min-1.kg-1,1,1,0,0,1,0,1,1,pending,Verify the parent/fluorinated identity and assay-table values in the cited source.
HLM,853107,65507,10.1021/ml3000148,"A Potent and Orally Efficacious, Hydroxyethylamine-Based Inhibitor of β-Secretase.",PSUGQZDSIJNGJX,FBJQDUYQPYABBR,CC(=O)N[C@@H](Cc1ccccc1)[C@H](O)CN[C@H]1CC2(CCC2)Oc2ncc(CC(C)(C)C)cc21,CC(=O)N[C@@H](Cc1ccc(F)cc1)[C@H](O)CN[C@H]1CC2(CCC2)Oc2ncc(CC(C)(C)C)cc21,Ar-H_to_Ar-F,1,9,1,"{""1"": -1, ""9"": 1}",2.7356388146361157,2.0975696394313714,-0.6380691752047443,1,1,1,0.0,0.0,0.0,CL,CL,mL.min-1.g-1,mL.min-1.g-1,mL.min-1.kg-1,mL.min-1.kg-1,1,1,0,0,1,0,1,1,pending,Verify the parent/fluorinated identity and assay-table values in the cited source.
HLM,853107,65507,10.1021/ml3000148,"A Potent and Orally Efficacious, Hydroxyethylamine-Based Inhibitor of β-Secretase.",PSUGQZDSIJNGJX,ZAJKCLUZHUAIIX,CC(=O)N[C@@H](Cc1ccccc1)[C@H](O)CN[C@H]1CC2(CCC2)Oc2ncc(CC(C)(C)C)cc21,CC(=O)N[C@@H](Cc1ccccc1F)[C@H](O)CN[C@H]1CC2(CCC2)Oc2ncc(CC(C)(C)C)cc21,Ar-H_to_Ar-F,1,11,1,"{""1"": -1, ""9"": 1}",2.7356388146361157,2.6022119678022966,-0.1334268468338191,1,1,1,0.0,0.0,0.0,CL,CL,mL.min-1.g-1,mL.min-1.g-1,mL.min-1.kg-1,mL.min-1.kg-1,1,1,0,0,1,0,1,1,pending,Verify the parent/fluorinated identity and assay-table values in the cited source.
HLM,853107,65507,10.1021/ml3000148,"A Potent and Orally Efficacious, Hydroxyethylamine-Based Inhibitor of β-Secretase.",PSUGQZDSIJNGJX,ZJIPAWSHYBXAKX,CC(=O)N[C@@H](Cc1ccccc1)[C@H](O)CN[C@H]1CC2(CCC2)Oc2ncc(CC(C)(C)C)cc21,CC(=O)N[C@@H](Cc1cccc(F)c1)[C@H](O)CN[C@H]1CC2(CCC2)Oc2ncc(CC(C)(C)C)cc21,Ar-H_to_Ar-F,1,10,1,"{""1"": -1, ""9"": 1}",2.7356388146361157,2.8612774619227417,0.125638647286626,0,1,1,0.0,0.0,0.0,CL,CL,mL.min-1.g-1,mL.min-1.g-1,mL.min-1.kg-1,mL.min-1.kg-1,1,1,0,0,1,0,1,1,pending,Verify the parent/fluorinated identity and assay-table values in the cited source.
HLM,2289828,125716,10.1016/j.ejmech.2022.114858,"Structural optimization of Imidazo[1, 2-a]pyridine derivatives for the treatment of gastric cancer via STAT3 signaling pathway.",PSZGGZJHVFMFFS,MKOWCHSGGDDBTK,COc1ccn2c(-c3ccc(NC(=O)c4ccc([N+](=O)[O-])o4)cc3)cnc2c1,COc1ccn2c(-c3ccc(NC(=O)c4ccc([N+](=O)[O-])o4)cc3F)cnc2c1,Ar-H_to_Ar-F,1,23,1,"{""1"": -1, ""9"": 1}",1.9385897670251886,1.9798760205000228,0.04128625347483417,0,1,1,0.0,0.0,0.0,CL,CL,mL.min-1.g-1,mL.min-1.g-1,mL.min-1.kg-1,mL.min-1.kg-1,1,1,0,0,1,0,1,1,pending,Verify the parent/fluorinated identity and assay-table values in the cited source.
HLM,478843,39450,10.1021/jm701383e,"Discovery of a new class of potent, selective, and orally bioavailable CRTH2 (DP2) receptor antagonists for the treatment of allergic inflammatory diseases.",PTGHDUZXAIHWGN,IXKFWNVFUXXEFY,O=C(O)CN1C(=O)[C@@]2(CC(=O)N(Cc3cccc(Cl)c3)C2=O)c2cc(Cl)ccc21,O=C(O)CN1C(=O)[C@@]2(CC(=O)N(Cc3cc(Cl)ccc3F)C2=O)c2cc(Cl)ccc21,Ar-H_to_Ar-F,1,19,1,"{""1"": -1, ""9"": 1}",0.5453071164658241,0.7671558660821804,0.22184874961635637,0,1,1,0.0,0.0,0.0,CL,CL,mL.min-1.g-1,mL.min-1.g-1,mL.min-1.kg-1,mL.min-1.kg-1,1,1,0,0,1,0,1,1,pending,Verify the parent/fluorinated identity and assay-table values in the cited source.
HLM,808326,61229,10.1021/jm200592f,Structure-guided lead optimization of triazolopyrimidine-ring substituents identifies potent Plasmodium falciparum dihydroorotate dehydrogenase inhibitors with clinical candidate potential.,PXUFRJLLIVKKSB,DKGWAWCOAREKIW,CCc1nc2nc(C)cc(Nc3cccc(Cl)c3)n2n1,Cc1cc(Nc2cccc(Cl)c2)n2nc(C(C)(F)F)nc2n1,CH2_to_CF2,2,15,1,"{""1"": -2, ""9"": 2}",1.9619476238041051,1.7155688318607816,-0.24637879194332357,1,1,1,0.0,0.0,0.0,CL,CL,mL.min-1.g-1,mL.min-1.g-1,mL.min-1.kg-1,mL.min-1.kg-1,1,1,0,0,1,0,1,1,pending,Verify the parent/fluorinated identity and assay-table values in the cited source.
HLM,1369285,84147,10.6019/CHEMBL3301361,Experimental in vitro DMPK and physicochemical data on a set of publicly disclosed compounds,PYCNZTVHCBCNPY,HYJFNTQMONCVNH,Cc1ccc2c(c1)c(-c1ccnc3c(C)cccc13)c(C)n2CC(=O)O,Cc1ccc2c(c1)c(-c1ccnc3c(C(F)(F)F)cccc13)c(C)n2CC(=O)O,CH3_to_CF3,3,14,1,"{""1"": -3, ""9"": 3}",0.7671558660821804,0.8163738887523619,0.049218022670181494,0,1,1,0.0,0.0,0.0,CL,CL,mL.min-1.g-1,mL.min-1.g-1,mL.min-1.kg-1,mL.min-1.kg-1,1,1,0,0,1,0,1,1,pending,Verify the parent/fluorinated identity and assay-table values in the cited source.
HLM,2085847,119720,10.1021/acs.jmedchem.7b01855,Discovery of a Novel Highly Selective Histamine H4 Receptor Antagonist for the Treatment of Atopic Dermatitis.,QBHCQEPPGQIINH,QQRLMVIXUGRZJU,CCOc1nc2nc(N3CCN(C)CC3)c3nncn3c2cc1Cl,CN1CCN(c2nc3nc(OCC(F)(F)F)c(Cl)cc3n3cnnc23)CC1,CH3_to_CF3,3,12,1,"{""1"": -3, ""9"": 3}",0.5840597054578407,0.8255818905391858,0.24152218508134515,0,1,1,0.0,0.0,0.0,CL,CL,mL.min-1.g-1,mL.min-1.g-1,mL.min-1.kg-1,mL.min-1.kg-1,1,1,0,0,1,0,1,1,pending,Verify the parent/fluorinated identity and assay-table values in the cited source.
HLM,450652,37125,10.1016/j.bmcl.2007.09.053,"Synthesis of aromatic compounds containing a 1,1-dialkyl-2-trifluoromethyl group, a bioisostere of the tert-alkyl moiety.",QCRWGKKDPMVPSS,PPRDWOQUPQZMNO,CC(C)(C)c1ccc(NC(=O)c2ccc(-c3ncccc3Cl)cc2)cc1,CC(C)(c1ccc(NC(=O)c2ccc(-c3ncccc3Cl)cc2)cc1)C(F)(F)F,CH3_to_CF3,3,25,1,"{""1"": -3, ""9"": 3}",2.225309281725863,1.662757831681574,-0.5625514500442887,1,1,1,0.0,0.0,0.0,CL,CL,mL.min-1.kg-1,mL.min-1.kg-1,,,1,1,0,0,1,0,1,1,pending,Verify the parent/fluorinated identity and assay-table values in the cited source.
HLM,637914,51593,10.1016/j.bmc.2010.04.077,"A statistical analysis of in vitro human microsomal metabolic stability of small phenyl group substituents, leading to improved design sets for parallel SAR exploration of a chemical series.",QHGJBDZFSMLUSV,ZIIBPNXDQAEYTR,O=C(c1ccc(F)cc1)C1CCN(C(=O)c2ccc(F)cc2)CC1,O=C(c1ccc(F)cc1)C1CCN(C(=O)c2ccc(F)c(F)c2)CC1,Ar-H_to_Ar-F,1,20,1,"{""1"": -1, ""9"": 1}",1.3011819721383155,1.1650958747542182,-0.13608609738409738,1,1,1,0.0,0.0,0.0,CL,CL,mL.min-1.g-1,mL.min-1.g-1,mL.min-1.kg-1,mL.min-1.kg-1,1,1,0,0,1,0,1,1,pending,Verify the parent/fluorinated identity and assay-table values in the cited source.
HLM,624025,50787,10.1021/jm9017866,Discovery of a selective small-molecule melanocortin-4 receptor agonist with efficacy in a pilot study of sexual dysfunction in humans.,QHWJXGPDURMWRJ,KKFDZFRBUBMBSX,CC(C)N1C[C@@H](C(=O)N2C[C@@H](C)[C@](O)(c3cccc(F)c3)[C@@H](C)C2)[C@H](c2ccc(F)cc2F)C1,CC(C)N1C[C@@H](C(=O)N2C[C@@H](C)[C@](O)(c3ccc(F)c(F)c3)[C@@H](C)C2)[C@H](c2ccc(F)cc2F)C1,Ar-H_to_Ar-F,1,17,1,"{""1"": -1, ""9"": 1}",1.9132839017604184,1.515343893088381,-0.3979400086720375,1,1,1,0.0,0.0,0.0,CL,CL,mL.min-1.g-1,mL.min-1.g-1,mL.min-1.kg-1,mL.min-1.kg-1,1,1,0,0,1,0,1,1,pending,Verify the parent/fluorinated identity and assay-table values in the cited source.
HLM,2133629,121318,10.1021/acs.jmedchem.1c00679,"Discovery of IACS-9779 and IACS-70465 as Potent Inhibitors Targeting Indoleamine 2,3-Dioxygenase 1 (IDO1) Apoenzyme.",QJWFVIVYQTUNSR,BEYUSXVOFZUXLC,CCC(NC(=O)c1ccc(Cl)cc1)[C@H]1[C@@H]2C[C@@H](n3cnc4ccc(F)cc43)C[C@@H]21,CCC(NC(=O)c1ccc(Cl)cc1)[C@H]1[C@@H]2C[C@@H](n3cnc4c(F)cc(F)cc43)C[C@@H]21,Ar-H_to_Ar-F,1,21,1,"{""1"": -1, ""9"": 1}",1.0718820073061255,0.8195439355418687,-0.2523380717642568,1,1,1,0.0,0.0,0.0,CL,CL,mL.min-1.kg-1,mL.min-1.kg-1,,,1,1,0,0,1,0,1,1,pending,Verify the parent/fluorinated identity and assay-table values in the cited source.
HLM,2133629,121318,10.1021/acs.jmedchem.1c00679,"Discovery of IACS-9779 and IACS-70465 as Potent Inhibitors Targeting Indoleamine 2,3-Dioxygenase 1 (IDO1) Apoenzyme.",QJWFVIVYQTUNSR,BGZOPOSMXOHSIV,CCC(NC(=O)c1ccc(Cl)cc1)[C@H]1[C@@H]2C[C@@H](n3cnc4ccc(F)cc43)C[C@@H]21,CCC(NC(=O)c1ccc(Cl)cc1)[C@H]1[C@@H]2C[C@@H](n3cnc4ccc(F)c(F)c43)C[C@@H]21,Ar-H_to_Ar-F,1,25,1,"{""1"": -1, ""9"": 1}",1.0718820073061255,1.255272505103306,0.18339049779718053,0,1,1,0.0,0.0,0.0,CL,CL,mL.min-1.kg-1,mL.min-1.kg-1,,,1,1,0,0,1,0,1,1,pending,Verify the parent/fluorinated identity and assay-table values in the cited source.
HLM,2133629,121318,10.1021/acs.jmedchem.1c00679,"Discovery of IACS-9779 and IACS-70465 as Potent Inhibitors Targeting Indoleamine 2,3-Dioxygenase 1 (IDO1) Apoenzyme.",QJWFVIVYQTUNSR,PJRNKUWABSYXJP,CCC(NC(=O)c1ccc(Cl)cc1)[C@H]1[C@@H]2C[C@@H](n3cnc4ccc(F)cc43)C[C@@H]21,CCC(NC(=O)c1ccc(Cl)cc1)[C@H]1[C@@H]2C[C@@H](n3cnc4cc(F)c(F)cc43)C[C@@H]21,Ar-H_to_Ar-F,1,22,1,"{""1"": -1, ""9"": 1}",1.0718820073061255,1.1760912590556813,0.10420925174955586,0,1,1,0.0,0.0,0.0,CL,CL,mL.min-1.kg-1,mL.min-1.kg-1,,,1,1,0,0,1,0,1,1,pending,Verify the parent/fluorinated identity and assay-table values in the cited source.
HLM,863880,65939,10.1021/jm3005866,"The discovery and optimization of a novel class of potent, selective, and orally bioavailable anaplastic lymphoma kinase (ALK) inhibitors with potential utility for the treatment of cancer.",QKAKGYZGWUVWRD,ZOLZWVKNNLWBEL,CC(C)NC(=O)[C@H]1CC[C@@H](n2c(NC(=O)c3ccc(C#N)cc3)nc3ccc(CN4CCC(C(C)(C)O)CC4)cc32)CC1,CC(C)NC(=O)[C@H]1CC[C@@H](n2c(NC(=O)c3ccc(C#N)c(F)c3)nc3ccc(CN4CCC(C(C)(C)O)CC4)cc32)CC1,Ar-H_to_Ar-F,1,21,1,"{""1"": -1, ""9"": 1}",2.0934917270109317,2.1887597929520113,0.09526806594107962,0,1,1,0.0,0.0,0.0,CL,CL,mL.min-1.g-1,mL.min-1.g-1,mL.min-1.kg-1,mL.min-1.kg-1,1,1,0,0,1,0,1,1,pending,Verify the parent/fluorinated identity and assay-table values in the cited source.
HLM,809846,61428,10.1021/ml200143c,Optimization of Potent Inhibitors of P. falciparum Dihydroorotate Dehydrogenase for the Treatment of Malaria.,QPCJOKNLXZFNHK,UKJUHRKUHUFUFL,Cc1ccc2nc(C)n(-c3ccc(C(=O)NC4CC4)s3)c2c1,Cc1cc(F)c2nc(C)n(-c3ccc(C(=O)NC4CC4)s3)c2c1,Ar-H_to_Ar-F,1,3,1,"{""1"": -1, ""9"": 1}",1.0,1.0791812460476249,0.07918124604762489,0,1,1,0.0,0.0,0.0,CL,CL,mL.min-1.kg-1,mL.min-1.kg-1,,,1,1,0,0,1,0,1,1,pending,Verify the parent/fluorinated identity and assay-table values in the cited source.
HLM,809846,61428,10.1021/ml200143c,Optimization of Potent Inhibitors of P. falciparum Dihydroorotate Dehydrogenase for the Treatment of Malaria.,QPCJOKNLXZFNHK,XJOMLCQJVKASQX,Cc1ccc2nc(C)n(-c3ccc(C(=O)NC4CC4)s3)c2c1,Cc1nc2ccc(C(F)(F)F)cc2n1-c1ccc(C(=O)NC2CC2)s1,CH3_to_CF3,3,7,1,"{""1"": -3, ""9"": 3}",1.0,0.9030899869919435,-0.09691001300805646,1,1,1,0.0,0.0,0.0,CL,CL,mL.min-1.kg-1,mL.min-1.kg-1,,,1,1,0,0,1,0,1,1,pending,Verify the parent/fluorinated identity and assay-table values in the cited source.
HLM,1994459,116725,10.1016/j.bmcl.2020.126999,"3,3-Difluoro-3,4,5,6-tetrahydropyridin-2-amines: Potent and permeable BACE-1 inhibitors.",QQHWYFAIJDVZQX,YTDOAMKMBQFAAC,C[C@H]1C[C@H]2CC(F)(F)C(=N)N[C@@]2(c2cc(NC(=O)c3cnc(OCF)cn3)ccc2F)CO1,N=C1N[C@@]2(c3cc(NC(=O)c4cnc(OCF)cn4)ccc3F)CO[C@@H](CF)C[C@H]2CC1(F)F,C-H_to_C-F,1,26,1,"{""1"": -1, ""9"": 1}",2.1437328231386923,1.464385208841898,-0.6793476142967942,1,1,1,0.0,0.0,0.0,CL,CL,mL.min-1.g-1,mL.min-1.g-1,mL.min-1.kg-1,mL.min-1.kg-1,1,1,0,0,1,0,1,1,pending,Verify the parent/fluorinated identity and assay-table values in the cited source.
HLM,2286279,125655,10.1016/j.bmc.2020.115815,Improving metabolic stability and removing aldehyde oxidase liability in a 5-azaquinazoline series of IRAK4 inhibitors.,QQIQOMIKWUAMAA,DRXZSXQVTNAIHE,CN1CCC(n2cc(Nc3nc(OC4(C)CC4)c4nc(-c5cncnc5)ccc4n3)cn2)CC1,CN1CCC(n2cc(Nc3nc(OC4(C)CC4)c4nc(-c5cncnc5)c(F)cc4n3)cn2)CC1,Ar-H_to_Ar-F,1,26,1,"{""1"": -1, ""9"": 1}",2.05045709478573,2.0126685338963304,-0.03778856088939975,1,1,1,0.0,0.0,0.0,CL,CL,mL.min-1.g-1,mL.min-1.g-1,mL.min-1.kg-1,mL.min-1.kg-1,1,1,0,0,1,0,1,1,pending,Verify the parent/fluorinated identity and assay-table values in the cited source.
HLM,637914,51593,10.1016/j.bmc.2010.04.077,"A statistical analysis of in vitro human microsomal metabolic stability of small phenyl group substituents, leading to improved design sets for parallel SAR exploration of a chemical series.",QQLJBRVQBGRWLJ,DLDOSTSVPYZTKU,O=C(c1ccc(F)cc1)C1CCN(C(=O)c2ccccc2)CC1,O=C(c1ccc(F)cc1)C1CCN(C(=O)c2cccc(F)c2)CC1,Ar-H_to_Ar-F,1,19,1,"{""1"": -1, ""9"": 1}",1.4299136977637545,1.5719765448033427,0.14206284703958816,0,1,1,0.0,0.0,0.0,CL,CL,mL.min-1.g-1,mL.min-1.g-1,mL.min-1.kg-1,mL.min-1.kg-1,1,1,0,0,1,0,1,1,pending,Verify the parent/fluorinated identity and assay-table values in the cited source.
HLM,637914,51593,10.1016/j.bmc.2010.04.077,"A statistical analysis of in vitro human microsomal metabolic stability of small phenyl group substituents, leading to improved design sets for parallel SAR exploration of a chemical series.",QQLJBRVQBGRWLJ,PKZCDDPQKFKJBR,O=C(c1ccc(F)cc1)C1CCN(C(=O)c2ccccc2)CC1,O=C(c1ccc(F)cc1)C1CCN(C(=O)c2ccccc2F)CC1,Ar-H_to_Ar-F,1,20,1,"{""1"": -1, ""9"": 1}",1.4299136977637545,1.7356388146361155,0.3057251168723609,0,1,1,0.0,0.0,0.0,CL,CL,mL.min-1.g-1,mL.min-1.g-1,mL.min-1.kg-1,mL.min-1.kg-1,1,1,0,0,1,0,1,1,pending,Verify the parent/fluorinated identity and assay-table values in the cited source.
HLM,637914,51593,10.1016/j.bmc.2010.04.077,"A statistical analysis of in vitro human microsomal metabolic stability of small phenyl group substituents, leading to improved design sets for parallel SAR exploration of a chemical series.",QQLJBRVQBGRWLJ,QHGJBDZFSMLUSV,O=C(c1ccc(F)cc1)C1CCN(C(=O)c2ccccc2)CC1,O=C(c1ccc(F)cc1)C1CCN(C(=O)c2ccc(F)cc2)CC1,Ar-H_to_Ar-F,1,18,1,"{""1"": -1, ""9"": 1}",1.4299136977637545,1.3011819721383155,-0.128731725625439,1,1,1,0.0,0.0,0.0,CL,CL,mL.min-1.g-1,mL.min-1.g-1,mL.min-1.kg-1,mL.min-1.kg-1,1,1,0,0,1,0,1,1,pending,Verify the parent/fluorinated identity and assay-table values in the cited source.
HLM,2149505,121619,10.1016/j.bmc.2021.116512,"Design, synthesis and biological evaluation of a novel spiro oxazolidinedione as potent p300/CBP HAT inhibitor for the treatment of ovarian cancer.",QULMQLITKMCMAK,GGXPWHYWZIJKLJ,CNC(=O)Nc1ccc2c(c1)CC[C@@]21OC(=O)N(CC(=O)N2Cc3ccc(F)cc3CC[C@H]2C2CC2)C1=O,CNC(=O)Nc1cc2c(cc1F)[C@@]1(CC2)OC(=O)N(CC(=O)N2Cc3ccc(F)cc3CC[C@H]2C2CC2)C1=O,Ar-H_to_Ar-F,1,10,1,"{""1"": -1, ""9"": 1}",2.117403884416343,2.2750117377780112,0.15760785336166805,0,1,1,0.0,0.0,0.0,CL,CL,mL.min-1.g-1,mL.min-1.g-1,mL.min-1.kg-1,mL.min-1.kg-1,1,1,0,0,1,0,1,1,pending,Verify the parent/fluorinated identity and assay-table values in the cited source.
HLM,2068636,119055,10.1021/acs.jmedchem.0c01279,Synthesis and Structure-Activity Relationship of Tetra-Substituted Cyclohexyl Diol Inhibitors of Proviral Insertion of Moloney Virus (PIM) Kinases.,QVCLVTVRXGXXOR,LJODAYYMQPHCRE,C[C@H]1C[C@@H](c2ccncc2NC(=O)c2nc(-c3ncccc3F)ccc2N)C[C@@H](O)[C@]1(C)O,C[C@H]1C[C@@H](c2ccncc2NC(=O)c2nc(-c3ncccc3F)ccc2N)C[C@@H](O)[C@@]1(O)CF,C-H_to_C-F,1,32,1,"{""1"": -1, ""9"": 1}",1.4771212547196624,0.9030899869919435,-0.5740312677277188,1,1,1,0.0,0.0,0.0,CL,CL,mL.min-1.kg-1,mL.min-1.kg-1,,,1,1,0,0,1,0,1,1,pending,Verify the parent/fluorinated identity and assay-table values in the cited source.
HLM,751259,57778,10.1016/j.bmc.2011.03.035,Development and SAR of functionally selective allosteric modulators of GABAA receptors.,QWWZARYPNGYPLG,KADHNYOMTSABQA,COc1ccc(OC)c(-c2cccc3c(N)c(C(=O)NC4CCC4)nnc23)c1,COc1ccc(OC)c(-c2c(F)ccc3c(N)c(C(=O)NC4CCC4)nnc23)c1,Ar-H_to_Ar-F,1,10,1,"{""1"": -1, ""9"": 1}",1.499549625905149,1.4106085425683679,-0.08894108333678119,1,1,1,0.0,0.0,0.0,CL,CL,mL.min-1.g-1,mL.min-1.g-1,mL.min-1.kg-1,mL.min-1.kg-1,1,1,0,0,1,0,1,1,pending,Verify the parent/fluorinated identity and assay-table values in the cited source.
HLM,630935,51179,10.1016/j.bmcl.2010.03.094,"Discovery of 2-chloro-N-((4,4-difluoro-1-hydroxycyclohexyl)methyl)-5-(5-fluoropyrimidin-2-yl)benzamide as a potent and CNS penetrable P2X7 receptor antagonist.",RBHAYLPXUXVSCQ,XGBCTOPMWMSTNZ,O=C(NCC1(O)CCCCCC1)c1cc(-c2ncc(F)cn2)ccc1Cl,O=C(NCC1(O)CCCCCC1F)c1cc(-c2ncc(F)cn2)ccc1Cl,C-H_to_C-F,1,11,1,"{""1"": -1, ""9"": 1}",1.3222192947339193,1.1760912590556813,-0.14612803567823796,1,1,1,0.0,0.0,0.0,CL,CL,mL.min-1.kg-1,mL.min-1.kg-1,,,1,1,0,0,1,0,1,1,pending,Verify the parent/fluorinated identity and assay-table values in the cited source.
HLM,2253202,124668,10.1021/acsmedchemlett.2c00100,Synthesis and Biological Characterization of a Series of 2-Sulfonamidebenzamides as Allosteric Modulators of MrgX1.,RCSLEKLNDJJJLF,ARUHXRKQCNKZSE,CCOc1ccccc1NC(=O)c1ccccc1NS(=O)(=O)C1CC1,O=C(Nc1ccccc1OCC(F)(F)F)c1ccccc1NS(=O)(=O)C1CC1,CH3_to_CF3,3,11,1,"{""1"": -3, ""9"": 3}",1.7916906490201179,1.60422605308447,-0.1874645959356478,1,1,1,0.0,0.0,0.0,CL,CL,mL.min-1.kg-1,mL.min-1.kg-1,,,1,1,0,0,1,0,1,1,pending,Verify the parent/fluorinated identity and assay-table values in the cited source.
HLM,2253202,124668,10.1021/acsmedchemlett.2c00100,Synthesis and Biological Characterization of a Series of 2-Sulfonamidebenzamides as Allosteric Modulators of MrgX1.,RCSLEKLNDJJJLF,HYHIFVZDKTXLEK,CCOc1ccccc1NC(=O)c1ccccc1NS(=O)(=O)C1CC1,CCOc1ccccc1NC(=O)c1cc(F)ccc1NS(=O)(=O)C1CC1,Ar-H_to_Ar-F,1,14,1,"{""1"": -1, ""9"": 1}",1.7916906490201179,1.657055852857104,-0.13463479616301388,1,1,1,0.0,0.0,0.0,CL,CL,mL.min-1.kg-1,mL.min-1.kg-1,,,1,1,0,0,1,0,1,1,pending,Verify the parent/fluorinated identity and assay-table values in the cited source.
HLM,2253202,124668,10.1021/acsmedchemlett.2c00100,Synthesis and Biological Characterization of a Series of 2-Sulfonamidebenzamides as Allosteric Modulators of MrgX1.,RCSLEKLNDJJJLF,TXZPRVKJSAUJSV,CCOc1ccccc1NC(=O)c1ccccc1NS(=O)(=O)C1CC1,CCOc1ccc(F)cc1NC(=O)c1ccccc1NS(=O)(=O)C1CC1,Ar-H_to_Ar-F,1,6,1,"{""1"": -1, ""9"": 1}",1.7916906490201179,1.8981764834976764,0.10648583447755855,0,1,1,0.0,0.0,0.0,CL,CL,mL.min-1.kg-1,mL.min-1.kg-1,,,1,1,0,0,1,0,1,1,pending,Verify the parent/fluorinated identity and assay-table values in the cited source.
HLM,464456,38460,10.1016/j.bmcl.2007.11.075,Development of CXCR3 antagonists. Part 4: discovery of 2-amino-(4-tropinyl)quinolines.,RDSDMTJZGWJHEU,ZMMPHXRLDYXXHX,CC(=O)N1C2C=C(CN3[C@@H]4CC[C@H]3C[C@H](Nc3ccc5ccc(OC(C)C)cc5n3)C4)CC1CCC2,CC(=O)N1C2C=C(CN3[C@@H]4CC[C@H]3C[C@H](Nc3ccc5c(F)cc(OC(C)C)cc5n3)C4)CC1CCC2,Ar-H_to_Ar-F,1,20,1,"{""1"": -1, ""9"": 1}",4.0224283711854865,4.147367107793786,0.1249387366082999,0,1,1,0.0,0.0,0.0,CL,CL,mL.min-1.g-1,mL.min-1.g-1,mL.min-1.kg-1,mL.min-1.kg-1,1,1,0,0,1,0,1,1,pending,Verify the parent/fluorinated identity and assay-table values in the cited source.
HLM,1809744,110455,10.1021/acs.jmedchem.8b00280,"Discovery of Allosteric, Potent, Subtype Selective, and Peripherally Restricted TrkA Kinase Inhibitors.",REEUULZARVBYQG,VOYIOQNFFXBOPL,COc1cc(Cl)c(C(=O)Nc2cc(C(N)=O)nn2-c2ccccc2)cc1-c1ccccn1,NC(=O)c1cc(NC(=O)c2cc(-c3ccccn3)c(OC(F)F)cc2Cl)n(-c2ccccc2)n1,CH2_to_CF2,2,20,1,"{""1"": -2, ""9"": 2}",1.1095785469043866,1.2143138974243997,0.10473535052001304,0,1,1,0.0,0.0,0.0,CL,CL,mL.min-1.g-1,mL.min-1.g-1,mL.min-1.kg-1,mL.min-1.kg-1,1,1,0,0,1,0,1,1,pending,Verify the parent/fluorinated identity and assay-table values in the cited source.
HLM,812134,61472,10.1016/j.bmcl.2012.01.015,"Discovery and hit-to-lead optimization of pyrrolopyrimidines as potent, state-dependent Na(v)1.7 antagonists.",RFZHHXIXCJHZNR,APNKIFBEFRZJNR,c1ccc(Cn2ccc3c(OC4CCN(Cc5ccccn5)CC4)ncnc32)cc1,Fc1ccc(CN2CCC(Oc3ncnc4c3ccn4Cc3ccccc3)CC2)nc1,Ar-H_to_Ar-F,1,1,1,"{""1"": -1, ""9"": 1}",2.182129214052998,2.2613104601006233,0.07918124604762511,0,1,1,0.0,0.0,0.0,CL,CL,mL.min-1.g-1,mL.min-1.g-1,mL.min-1.kg-1,mL.min-1.kg-1,1,1,0,0,1,0,1,1,pending,Verify the parent/fluorinated identity and assay-table values in the cited source.
HLM,812134,61472,10.1016/j.bmcl.2012.01.015,"Discovery and hit-to-lead optimization of pyrrolopyrimidines as potent, state-dependent Na(v)1.7 antagonists.",RFZHHXIXCJHZNR,BMIXXIGEPMPTIS,c1ccc(Cn2ccc3c(OC4CCN(Cc5ccccn5)CC4)ncnc32)cc1,Fc1cccc(CN2CCC(Oc3ncnc4c3ccn4Cc3ccccc3)CC2)n1,Ar-H_to_Ar-F,1,1,1,"{""1"": -1, ""9"": 1}",2.182129214052998,2.424211718939284,0.24208250488628602,0,1,1,0.0,0.0,0.0,CL,CL,mL.min-1.g-1,mL.min-1.g-1,mL.min-1.kg-1,mL.min-1.kg-1,1,1,0,0,1,0,1,1,pending,Verify the parent/fluorinated identity and assay-table values in the cited source.
HLM,812134,61472,10.1016/j.bmcl.2012.01.015,"Discovery and hit-to-lead optimization of pyrrolopyrimidines as potent, state-dependent Na(v)1.7 antagonists.",RFZHHXIXCJHZNR,XKWUOIWEHZPVIB,c1ccc(Cn2ccc3c(OC4CCN(Cc5ccccn5)CC4)ncnc32)cc1,Fc1cccnc1CN1CCC(Oc2ncnc3c2ccn3Cc2ccccc2)CC1,Ar-H_to_Ar-F,1,1,1,"{""1"": -1, ""9"": 1}",2.182129214052998,2.618414214801256,0.4362850007482577,0,1,1,0.0,0.0,0.0,CL,CL,mL.min-1.g-1,mL.min-1.g-1,mL.min-1.kg-1,mL.min-1.kg-1,1,1,0,0,1,0,1,1,pending,Verify the parent/fluorinated identity and assay-table values in the cited source.
HLM,812134,61472,10.1016/j.bmcl.2012.01.015,"Discovery and hit-to-lead optimization of pyrrolopyrimidines as potent, state-dependent Na(v)1.7 antagonists.",RFZHHXIXCJHZNR,ZECJEHQTOHGKFP,c1ccc(Cn2ccc3c(OC4CCN(Cc5ccccn5)CC4)ncnc32)cc1,Fc1ccccc1Cn1ccc2c(OC3CCN(Cc4ccccn4)CC3)ncnc21,Ar-H_to_Ar-F,1,1,1,"{""1"": -1, ""9"": 1}",2.182129214052998,2.2295538639811365,0.04742464992813833,0,1,1,0.0,0.0,0.0,CL,CL,mL.min-1.g-1,mL.min-1.g-1,mL.min-1.kg-1,mL.min-1.kg-1,1,1,0,0,1,0,1,1,pending,Verify the parent/fluorinated identity and assay-table values in the cited source.
HLM,874019,66641,10.1021/jm3011838,Pharmacokinetic optimization of class-selective histone deacetylase inhibitors and identification of associated candidate predictive biomarkers of hepatocellular carcinoma tumor response.,RGHWNSYFIDAQLR,GILNYRIOEJKBSE,CCN1C[C@H](C(=O)Nc2ccc(Cl)cc2)[C@@H](c2ccc(/C=C/C(=O)Nc3ccccc3N)cc2)C1,Nc1ccccc1NC(=O)/C=C/c1ccc([C@H]2CN(CC(F)(F)F)C[C@@H]2C(=O)Nc2ccc(Cl)cc2)cc1,CH3_to_CF3,3,20,1,"{""1"": -3, ""9"": 3}",1.0791812460476249,1.1760912590556813,0.09691001300805646,0,1,1,0.0,0.0,0.0,CL,CL,mL.min-1.kg-1,mL.min-1.kg-1,,,1,1,0,0,1,0,1,1,pending,Verify the parent/fluorinated identity and assay-table values in the cited source.
HLM,874019,66641,10.1021/jm3011838,Pharmacokinetic optimization of class-selective histone deacetylase inhibitors and identification of associated candidate predictive biomarkers of hepatocellular carcinoma tumor response.,RGHWNSYFIDAQLR,PSZPFAYNFMJXDQ,CCN1C[C@H](C(=O)Nc2ccc(Cl)cc2)[C@@H](c2ccc(/C=C/C(=O)Nc3ccccc3N)cc2)C1,Nc1ccccc1NC(=O)/C=C/c1ccc([C@H]2CN(CCF)C[C@@H]2C(=O)Nc2ccc(Cl)cc2)cc1,C-H_to_C-F,1,20,1,"{""1"": -1, ""9"": 1}",1.0791812460476249,1.2304489213782739,0.151267675330649,0,1,1,0.0,0.0,0.0,CL,CL,mL.min-1.kg-1,mL.min-1.kg-1,,,1,1,0,0,1,0,1,1,pending,Verify the parent/fluorinated identity and assay-table values in the cited source.
HLM,874019,66641,10.1021/jm3011838,Pharmacokinetic optimization of class-selective histone deacetylase inhibitors and identification of associated candidate predictive biomarkers of hepatocellular carcinoma tumor response.,RGHWNSYFIDAQLR,QBBSTQFTKMFHON,CCN1C[C@H](C(=O)Nc2ccc(Cl)cc2)[C@@H](c2ccc(/C=C/C(=O)Nc3ccccc3N)cc2)C1,Nc1ccccc1NC(=O)/C=C/c1ccc([C@H]2CN(CC(F)F)C[C@@H]2C(=O)Nc2ccc(Cl)cc2)cc1,CH2_to_CF2,2,20,1,"{""1"": -2, ""9"": 2}",1.0791812460476249,1.2041199826559248,0.1249387366082999,0,1,1,0.0,0.0,0.0,CL,CL,mL.min-1.kg-1,mL.min-1.kg-1,,,1,1,0,0,1,0,1,1,pending,Verify the parent/fluorinated identity and assay-table values in the cited source.
HLM,874019,66641,10.1021/jm3011838,Pharmacokinetic optimization of class-selective histone deacetylase inhibitors and identification of associated candidate predictive biomarkers of hepatocellular carcinoma tumor response.,RGRLSJUDVHTDBY,UWRRTYUCSWJYQE,Cc1ccc(NC(=O)[C@H]2CN(C)C[C@@H]2c2ccc(/C=C/C(=O)Nc3ccccc3N)cc2)cc1,CN1C[C@H](C(=O)Nc2ccc(C(F)(F)F)cc2)[C@@H](c2ccc(/C=C/C(=O)Nc3ccccc3N)cc2)C1,CH3_to_CF3,3,11,1,"{""1"": -3, ""9"": 3}",1.1760912590556813,0.7781512503836436,-0.3979400086720377,1,1,1,0.0,0.0,0.0,CL,CL,mL.min-1.kg-1,mL.min-1.kg-1,,,1,1,0,0,1,0,1,1,pending,Verify the parent/fluorinated identity and assay-table values in the cited source.
HLM,1924598,114115,10.1021/acsmedchemlett.6b00140,Novel Series of Potent Glucokinase Activators Leading to the Discovery of AM-2394.,RJBBFBBZBQOMKF,KCXPSRRPQGRSSN,CNC(=O)Nc1cc(Oc2ccccc2)ccn1,CNC(=O)Nc1cc(Oc2ccccc2F)ccn1,Ar-H_to_Ar-F,1,14,1,"{""1"": -1, ""9"": 1}",1.624488362513449,1.5305838596451178,-0.09390450286833119,1,1,1,0.0,0.0,0.0,CL,CL,mL.min-1.g-1,mL.min-1.g-1,mL.min-1.kg-1,mL.min-1.kg-1,1,1,0,0,1,0,1,1,pending,Verify the parent/fluorinated identity and assay-table values in the cited source.
HLM,744910,57426,10.1016/j.ejmech.2011.02.027,"Synthesis, cytotoxicity, metabolic stability and pharmacokinetic evaluation of fluorinated docetaxel analogs.",ROQZUJKOMJECOM,KHYOGRDOPCOKSL,CC(=O)O[C@@]12CO[C@@H]1C[C@H](O)[C@@]1(C)C(=O)C(=O)C3C(C)[C@@H](OC(=O)[C@H](O)[C@@H](NC(=O)OC(C)(C)C)c4ccccc4)C[C@@](O)([C@@H](OC(=O)c4ccccc4)[C@H]21)C3(C)C,CC(=O)O[C@@]12CO[C@@H]1C[C@H](O)[C@@]1(C)C(=O)C(=O)C3C(C)[C@@H](OC(=O)[C@H](O)[C@@H](NC(=O)OC(C)(C)C(F)(F)F)c4ccccc4)C[C@@](O)([C@@H](OC(=O)c4ccccc4)[C@H]21)C3(C)C,CH3_to_CF3,3,34,1,"{""1"": -3, ""9"": 3}",1.249931756634195,0.7168377232995244,-0.5330940333346705,1,1,1,0.0,0.0,0.0,CL,CL,mL.min-1.kg-1,mL.min-1.kg-1,,,1,1,0,0,1,0,1,1,pending,Verify the parent/fluorinated identity and assay-table values in the cited source.
HLM,744910,57426,10.1016/j.ejmech.2011.02.027,"Synthesis, cytotoxicity, metabolic stability and pharmacokinetic evaluation of fluorinated docetaxel analogs.",ROQZUJKOMJECOM,MGPSCITXYYLCAC,CC(=O)O[C@@]12CO[C@@H]1C[C@H](O)[C@@]1(C)C(=O)C(=O)C3C(C)[C@@H](OC(=O)[C@H](O)[C@@H](NC(=O)OC(C)(C)C)c4ccccc4)C[C@@](O)([C@@H](OC(=O)c4ccccc4)[C@H]21)C3(C)C,CC(=O)O[C@@]12CO[C@@H]1C[C@H](O)[C@@]1(C)C(=O)C(=O)C3C(C)[C@@H](OC(=O)[C@H](O)[C@@H](NC(=O)OC(C)(C)CF)c4ccccc4)C[C@@](O)([C@@H](OC(=O)c4ccccc4)[C@H]21)C3(C)C,C-H_to_C-F,1,34,1,"{""1"": -1, ""9"": 1}",1.249931756634195,1.0102999566398119,-0.2396317999943831,1,1,1,0.0,0.0,0.0,CL,CL,mL.min-1.kg-1,mL.min-1.kg-1,,,1,1,0,0,1,0,1,1,pending,Verify the parent/fluorinated identity and assay-table values in the cited source.
HLM,744910,57426,10.1016/j.ejmech.2011.02.027,"Synthesis, cytotoxicity, metabolic stability and pharmacokinetic evaluation of fluorinated docetaxel analogs.",ROQZUJKOMJECOM,URVWKYKCXGJZJO,CC(=O)O[C@@]12CO[C@@H]1C[C@H](O)[C@@]1(C)C(=O)C(=O)C3C(C)[C@@H](OC(=O)[C@H](O)[C@@H](NC(=O)OC(C)(C)C)c4ccccc4)C[C@@](O)([C@@H](OC(=O)c4ccccc4)[C@H]21)C3(C)C,CC(=O)O[C@@]12CO[C@@H]1C[C@H](O)[C@@]1(C)C(=O)C(=O)C3C(C)[C@@H](OC(=O)[C@H](O)[C@@H](NC(=O)OC(C)(C)C(F)F)c4ccccc4)C[C@@](O)([C@@H](OC(=O)c4ccccc4)[C@H]21)C3(C)C,CH2_to_CF2,2,34,1,"{""1"": -2, ""9"": 2}",1.249931756634195,0.5092025223311029,-0.7407292343030921,1,1,1,0.0,0.0,0.0,CL,CL,mL.min-1.kg-1,mL.min-1.kg-1,,,1,1,0,0,1,0,1,1,pending,Verify the parent/fluorinated identity and assay-table values in the cited source.
HLM,1758337,108215,10.1016/j.ejmech.2017.07.071,"Identification of 3,4-dihydro-2H-thiochromene 1,1-dioxide derivatives with a phenoxyethylamine group as highly potent and selective α1D adrenoceptor antagonists.",RQUJRGDECNEQHO,PEOXOSFSQZNJBP,O=S1(=O)CCC(NCCOc2cc(F)ccc2F)c2ccccc21,O=S1(=O)CCC(NCCOc2cc(F)ccc2F)c2cc(F)ccc21,Ar-H_to_Ar-F,1,20,1,"{""1"": -1, ""9"": 1}",1.7116385382323491,1.6592504687726608,-0.052388069459688325,1,1,1,0.0,0.0,0.0,CL,CL,mL.min-1.g-1,mL.min-1.g-1,mL.min-1.kg-1,mL.min-1.kg-1,1,1,0,0,1,0,1,1,pending,Verify the parent/fluorinated identity and assay-table values in the cited source.
HLM,1845911,111567,10.1021/acs.jmedchem.0c00628,"Discovery of <i>N</i>-Ethyl-4-[2-(4-fluoro-2,6-dimethyl-phenoxy)-5-(1-hydroxy-1-methyl-ethyl)phenyl]-6-methyl-7-oxo-1<i>H</i>-pyrrolo[2,3-<i>c</i>]pyridine-2-carboxamide (ABBV-744), a BET Bromodomain Inhibitor with Selectivity for the Second Bromodomain.",RVIRKLVYYGWHDE,KKVKZITYRODXHP,CCNC(=O)c1cc2c(-c3cc(NC(C)=O)ccc3Oc3c(C)cccc3C)cn(C)c(=O)c2[nH]1,CCNC(=O)c1cc2c(-c3cc(NC(C)=O)ccc3Oc3c(C)cc(F)cc3C)cn(C)c(=O)c2[nH]1,Ar-H_to_Ar-F,1,24,1,"{""1"": -1, ""9"": 1}",1.9208013818256542,2.263233538439489,0.34243215661383486,0,1,1,0.0,0.0,0.0,CL,CL,mL.min-1.kg-1,mL.min-1.kg-1,,,1,1,0,0,1,0,1,1,pending,Verify the parent/fluorinated identity and assay-table values in the cited source.
HLM,789191,60365,10.1016/j.bmcl.2011.10.002,"The discovery of AZD9164, a novel muscarinic M3 antagonist.",RVXKMYHNDBHDLD,MOQMSSOYEONBHV,C[C@@](C(=O)O[C@H]1C[N+]2(CCCOc3ccccc3)CCC1CC2)(c1ccccc1)N1CCCCC1,C[C@@](C(=O)O[C@H]1C[N+]2(CCCOc3ccc(F)cc3)CCC1CC2)(c1ccccc1)N1CCCCC1,Ar-H_to_Ar-F,1,15,1,"{""1"": -1, ""9"": 1}",2.0077051143647804,1.8877297972880303,-0.11997531707675013,1,1,1,0.0,0.0,0.0,CL,CL,mL.min-1.g-1,mL.min-1.g-1,mL.min-1.kg-1,mL.min-1.kg-1,1,1,0,0,1,0,1,1,pending,Verify the parent/fluorinated identity and assay-table values in the cited source.
HLM,1921818,113983,10.1016/j.bmcl.2019.01.027,"Discovery, synthesis and characterization of a series of (1-alkyl-3-methyl-1H-pyrazol-5-yl)-2-(5-aryl-2H-tetrazol-2-yl)acetamides as novel GIRK1/2 potassium channel activators.",RYLWKZXQIMOHBT,JDHXSMFAUNLLOX,Cc1cc(NC(=O)Cn2nnc(-c3ccccc3)n2)n(C2CCCCC2)n1,Cc1cc(NC(=O)Cn2nnc(-c3ccccc3)n2)n(C2CCC(F)(F)CC2)n1,CH2_to_CF2,2,23,1,"{""1"": -2, ""9"": 2}",2.2706788361447066,1.888179493918325,-0.3824993422263816,1,1,1,0.0,0.0,0.0,CL,CL,mL.min-1.kg-1,mL.min-1.kg-1,,,1,1,0,0,1,0,1,1,pending,Verify the parent/fluorinated identity and assay-table values in the cited source.
HLM,1921818,113983,10.1016/j.bmcl.2019.01.027,"Discovery, synthesis and characterization of a series of (1-alkyl-3-methyl-1H-pyrazol-5-yl)-2-(5-aryl-2H-tetrazol-2-yl)acetamides as novel GIRK1/2 potassium channel activators.",RYLWKZXQIMOHBT,WHUCZPDJCNYDDS,Cc1cc(NC(=O)Cn2nnc(-c3ccccc3)n2)n(C2CCCCC2)n1,Cc1cc(NC(=O)Cn2nnc(-c3cccc(F)c3)n2)n(C2CCCCC2)n1,Ar-H_to_Ar-F,1,16,1,"{""1"": -1, ""9"": 1}",2.2706788361447066,2.2105860249051563,-0.06009281123955024,1,1,1,0.0,0.0,0.0,CL,CL,mL.min-1.kg-1,mL.min-1.kg-1,,,1,1,0,0,1,0,1,1,pending,Verify the parent/fluorinated identity and assay-table values in the cited source.
HLM,577247,47614,10.1021/jm900179y,Chemical and biological investigation of cyclopropyl containing diaryl-pyrazole-3-carboxamides as novel and potent cannabinoid type 1 receptor antagonists.,SAODUSAURYNSRZ,SDHNLNXASWUTHB,Cc1c(C(=O)NN2CCCCC2)nn(-c2ccccc2F)c1-c1ccc(C2CC2)cc1,Cc1c(C(=O)NN2CCCCC2)nn(-c2ccc(F)cc2F)c1-c1ccc(C2CC2)cc1,Ar-H_to_Ar-F,1,17,1,"{""1"": -1, ""9"": 1}",-0.6307841425898572,-0.31903028153410284,0.3117538610557543,0,1,1,0.0,0.0,0.0,CL,CL,mL.min-1.g-1,mL.min-1.g-1,mL.min-1.kg-1,mL.min-1.kg-1,1,1,0,0,1,0,1,1,pending,Verify the parent/fluorinated identity and assay-table values in the cited source.
HLM,2237613,124297,10.1021/acs.jmedchem.1c00004,"Discovery, Optimization, and Evaluation of Quinazolinone Derivatives with Novel Linkers as Orally Efficacious Phosphoinositide-3-Kinase Delta Inhibitors for Treatment of Inflammatory Diseases.",SBZGELIJZQGBGD,PWZGSTGYDFNVFE,C[C@H]1CC[C@@H](c2nc3cccc(Cl)c3c(=O)n2-c2ccccc2)N1c1ncnc(N)c1C#N,C[C@H]1CC[C@@H](c2nc3cccc(Cl)c3c(=O)n2-c2cccc(F)c2)N1c1ncnc(N)c1C#N,Ar-H_to_Ar-F,1,21,1,"{""1"": -1, ""9"": 1}",1.4222943008935627,1.085219201044942,-0.3370750998486207,1,1,1,0.0,0.0,0.0,CL,CL,mL.min-1.g-1,mL.min-1.g-1,mL.min-1.kg-1,mL.min-1.kg-1,1,1,0,0,1,0,1,1,pending,Verify the parent/fluorinated identity and assay-table values in the cited source.
HLM,1766923,108547,10.1021/acs.jmedchem.8b00824,"Design, Synthesis, and Evaluation of Piperazinyl Pyrrolidin-2-ones as a Novel Series of Reversible Monoacylglycerol Lipase Inhibitors.",SCHQSYIDSWSFFM,BNHZQIKQIGWSQA,Cc1ncccc1-c1cccc(N2CC(N3CCN(C(=O)c4nccs4)CC3)CC2=O)c1,Cc1ncccc1-c1cc(F)cc(N2CC(N3CCN(C(=O)c4nccs4)CC3)CC2=O)c1,Ar-H_to_Ar-F,1,9,1,"{""1"": -1, ""9"": 1}",1.545307116465824,1.907034952483417,0.36172783601759284,0,1,1,0.0,0.0,0.0,CL,CL,mL.min-1.g-1,mL.min-1.g-1,mL.min-1.kg-1,mL.min-1.kg-1,1,1,0,0,1,0,1,1,pending,Verify the parent/fluorinated identity and assay-table values in the cited source.
HLM,1766923,108547,10.1021/acs.jmedchem.8b00824,"Design, Synthesis, and Evaluation of Piperazinyl Pyrrolidin-2-ones as a Novel Series of Reversible Monoacylglycerol Lipase Inhibitors.",SCHQSYIDSWSFFM,GGCIWFMTRKGCPU,Cc1ncccc1-c1cccc(N2CC(N3CCN(C(=O)c4nccs4)CC3)CC2=O)c1,Cc1ncccc1-c1cc(N2CC(N3CCN(C(=O)c4nccs4)CC3)CC2=O)ccc1F,Ar-H_to_Ar-F,1,31,1,"{""1"": -1, ""9"": 1}",1.545307116465824,1.4661258704181992,-0.07918124604762489,1,1,1,0.0,0.0,0.0,CL,CL,mL.min-1.g-1,mL.min-1.g-1,mL.min-1.kg-1,mL.min-1.kg-1,1,1,0,0,1,0,1,1,pending,Verify the parent/fluorinated identity and assay-table values in the cited source.
HLM,1863885,112015,10.1021/acs.jmedchem.9b00363,Improvement of Asparagine Ethylenediamines as Anti-malarial <i>Plasmodium</i>-Selective Proteasome Inhibitors.,SCUFZIUNKCLTOL,OAYBEKNKNSOYLQ,Cc1ccc(S(=O)(=O)N[C@@H](CC(=O)NC(C)(C)C)C(=O)NCCNC(=O)c2ccccc2)cc1,Cc1ccc(S(=O)(=O)N[C@@H](CC(=O)NC(C)(C)C)C(=O)NCCNC(=O)c2ccc(F)cc2)cc1,Ar-H_to_Ar-F,1,29,1,"{""1"": -1, ""9"": 1}",2.15454569242091,2.2413721301584357,0.08682643773752563,0,1,1,0.0,0.0,0.0,CL,CL,mL.min-1.g-1,mL.min-1.g-1,mL.min-1.kg-1,mL.min-1.kg-1,1,1,0,0,1,0,1,1,pending,Verify the parent/fluorinated identity and assay-table values in the cited source.
HLM,1863885,112015,10.1021/acs.jmedchem.9b00363,Improvement of Asparagine Ethylenediamines as Anti-malarial <i>Plasmodium</i>-Selective Proteasome Inhibitors.,SCUFZIUNKCLTOL,UGZFMSKVOLRMHU,Cc1ccc(S(=O)(=O)N[C@@H](CC(=O)NC(C)(C)C)C(=O)NCCNC(=O)c2ccccc2)cc1,Cc1ccc(S(=O)(=O)N[C@@H](CC(=O)NC(C)(C)C)C(=O)NCCNC(=O)c2ccccc2F)cc1,Ar-H_to_Ar-F,1,31,1,"{""1"": -1, ""9"": 1}",2.15454569242091,2.218635271207042,0.06408957878613197,0,1,1,0.0,0.0,0.0,CL,CL,mL.min-1.g-1,mL.min-1.g-1,mL.min-1.kg-1,mL.min-1.kg-1,1,1,0,0,1,0,1,1,pending,Verify the parent/fluorinated identity and assay-table values in the cited source.
HLM,1825665,110861,10.1021/acs.jmedchem.9b01721,"Discovery of Highly Potent, Selective, and Orally Efficacious p300/CBP Histone Acetyltransferases Inhibitors.",SEXXYWDWHQXEJM,QXMPWAOORBXKOQ,CNC(=O)Nc1ccc2c(c1)CC[C@@]21OC(=O)N(CC(=O)N2Cc3ccc(F)cc3CC[C@H]2C)C1=O,CNC(=O)Nc1ccc2c(c1)CC[C@@]21OC(=O)N(CC(=O)N2Cc3ccc(F)cc3CC[C@H]2C(F)(F)F)C1=O,CH3_to_CF3,3,33,1,"{""1"": -3, ""9"": 3}",2.4747260421801167,2.2750117377780112,-0.19971430440210547,1,1,1,0.0,0.0,0.0,CL,CL,mL.min-1.g-1,mL.min-1.g-1,mL.min-1.kg-1,mL.min-1.kg-1,1,1,0,0,1,0,1,1,pending,Verify the parent/fluorinated identity and assay-table values in the cited source.
HLM,812134,61472,10.1016/j.bmcl.2012.01.015,"Discovery and hit-to-lead optimization of pyrrolopyrimidines as potent, state-dependent Na(v)1.7 antagonists.",SFDBYELGYJKPAZ,KGXDTVHRHKTTQK,Fc1ccccc1Cn1ccc2c(OC3CCN(Cc4cscn4)CC3)ncnc21,Fc1cccc(F)c1Cn1ccc2c(OC3CCN(Cc4cscn4)CC3)ncnc21,Ar-H_to_Ar-F,1,1,1,"{""1"": -1, ""9"": 1}",2.3423437110098417,2.3514870904497114,0.009143379439869648,0,1,1,0.0,0.0,0.0,CL,CL,mL.min-1.g-1,mL.min-1.g-1,mL.min-1.kg-1,mL.min-1.kg-1,1,1,0,0,1,0,1,1,pending,Verify the parent/fluorinated identity and assay-table values in the cited source.
HLM,812134,61472,10.1016/j.bmcl.2012.01.015,"Discovery and hit-to-lead optimization of pyrrolopyrimidines as potent, state-dependent Na(v)1.7 antagonists.",SFDBYELGYJKPAZ,NGNSDMCZYBVHJY,Fc1ccccc1Cn1ccc2c(OC3CCN(Cc4cscn4)CC3)ncnc21,Fc1cccc(Cn2ccc3c(OC4CCN(Cc5cscn5)CC4)ncnc32)c1F,Ar-H_to_Ar-F,1,1,1,"{""1"": -1, ""9"": 1}",2.3423437110098417,2.3626520879077546,0.020308376897912872,0,1,1,0.0,0.0,0.0,CL,CL,mL.min-1.g-1,mL.min-1.g-1,mL.min-1.kg-1,mL.min-1.kg-1,1,1,0,0,1,0,1,1,pending,Verify the parent/fluorinated identity and assay-table values in the cited source.
HLM,1369285,84147,10.6019/CHEMBL3301361,Experimental in vitro DMPK and physicochemical data on a set of publicly disclosed compounds,SIVKXCGNYRNTBX,WUZQKQAXXKMHJZ,CCN(C(=O)NCc1ccccc1)C1CCN(CCC(c2ccccc2)c2ccccc2)CC1,CCN(C(=O)NCc1ccc(F)cc1)C1CCN(CCC(c2ccccc2)c2ccccc2)CC1,Ar-H_to_Ar-F,1,10,1,"{""1"": -1, ""9"": 1}",0.670245853074124,2.0893751608160995,1.4191293077419755,0,1,1,0.0,0.0,0.0,CL,CL,mL.min-1.g-1,mL.min-1.g-1,mL.min-1.kg-1,mL.min-1.kg-1,1,1,0,0,1,0,1,1,pending,Verify the parent/fluorinated identity and assay-table values in the cited source.
HLM,467091,38671,10.1021/jm701487t,Benzodioxoles: novel cannabinoid-1 receptor inverse agonists for the treatment of obesity.,SJMBODNIXZRCSX,YTHMRYNWHQGSRZ,O=C(c1cc2c(cc1F)OC(c1ccc(F)cc1F)(c1ccc(F)cc1F)O2)N1CCCCC1,O=C(c1cc2c(cc1F)OC(c1ccc(F)cc1F)(c1ccc(F)cc1F)O2)N1CCC(F)(F)CC1,CH2_to_CF2,2,31,1,"{""1"": -2, ""9"": 2}",1.5996647787884168,1.2986347831244356,-0.30102999566398125,1,1,1,0.0,0.0,0.0,CL,CL,mL.min-1.g-1,mL.min-1.g-1,mL.min-1.kg-1,mL.min-1.kg-1,1,1,0,0,1,0,1,1,pending,Verify the parent/fluorinated identity and assay-table values in the cited source.
HLM,966355,73970,10.1016/j.bmcl.2013.04.040,Discovery of potent and efficacious urea-containing nicotinamide phosphoribosyltransferase (NAMPT) inhibitors with reduced CYP2C9 inhibition properties.,SJMQTTISZPIKBR,SYEBAIPAXRFBFO,O=C(NCc1cccnc1)Nc1ccc(S(=O)(=O)c2ccccc2)cc1,O=C(NCc1cncc(F)c1)Nc1ccc(S(=O)(=O)c2ccccc2)cc1,Ar-H_to_Ar-F,1,8,1,"{""1"": -1, ""9"": 1}",0.9030899869919435,0.9030899869919435,0.0,0,1,1,0.0,0.0,0.0,CL,CL,mL.min-1.kg-1,mL.min-1.kg-1,,,1,1,0,0,1,0,1,1,pending,Verify the parent/fluorinated identity and assay-table values in the cited source.
HLM,1779573,109096,10.1021/acs.jmedchem.8b00518,"Discovery of TRPM8 Antagonist ( S)-6-(((3-Fluoro-4-(trifluoromethoxy)phenyl)(3-fluoropyridin-2-yl)methyl)carbamoyl)nicotinic Acid (AMG 333), a Clinical Candidate for the Treatment of Migraine.",SJTMLURACBBWQI,KHLQJMXGNUKLQZ,O=C(N[C@@H](c1ccccc1)c1ncccc1C(F)(F)F)c1ccc2cccnc2c1,O=C(N[C@@H](c1ccc(F)cc1)c1ncccc1C(F)(F)F)c1ccc2cccnc2c1,Ar-H_to_Ar-F,1,7,1,"{""1"": -1, ""9"": 1}",1.7016543173257481,1.4483971034577676,-0.2532572138679805,1,1,1,0.0,0.0,0.0,CL,CL,mL.min-1.g-1,mL.min-1.g-1,mL.min-1.kg-1,mL.min-1.kg-1,1,1,0,0,1,0,1,1,pending,Verify the parent/fluorinated identity and assay-table values in the cited source.
HLM,1779573,109096,10.1021/acs.jmedchem.8b00518,"Discovery of TRPM8 Antagonist ( S)-6-(((3-Fluoro-4-(trifluoromethoxy)phenyl)(3-fluoropyridin-2-yl)methyl)carbamoyl)nicotinic Acid (AMG 333), a Clinical Candidate for the Treatment of Migraine.",SNGJRCXXXCPGOB,GUFSIJWZLKYPQW,COc1ccc([C@H](NC(=O)c2ccc3cccnc3c2)c2ncccc2C(F)(F)F)cc1,O=C(N[C@@H](c1ccc(OC(F)(F)F)cc1)c1ncccc1C(F)(F)F)c1ccc2cccnc2c1,OCH3_to_OCF3,3,9,1,"{""1"": -3, ""9"": 3}",1.824060717418653,1.3692158574101427,-0.4548448600085102,1,1,1,0.0,0.0,0.0,CL,CL,mL.min-1.g-1,mL.min-1.g-1,mL.min-1.kg-1,mL.min-1.kg-1,1,1,0,0,1,0,1,1,pending,Verify the parent/fluorinated identity and assay-table values in the cited source.
HLM,624025,50787,10.1021/jm9017866,Discovery of a selective small-molecule melanocortin-4 receptor agonist with efficacy in a pilot study of sexual dysfunction in humans.,SPVBIVLOVRDUPG,NMYBLZJVBZDOSP,C[C@@H]1CN(C(=O)[C@H]2CN(c3cccnn3)C[C@@H]2c2ccc(F)cc2F)C[C@H](C)[C@@]1(O)c1ccccc1,C[C@@H]1CN(C(=O)[C@H]2CN(c3cccnn3)C[C@@H]2c2ccc(F)cc2F)C[C@H](C)[C@@]1(O)c1ccc(F)cc1,Ar-H_to_Ar-F,1,33,1,"{""1"": -1, ""9"": 1}",2.453792135344474,2.5595475555804343,0.10575542023596052,0,1,1,0.0,0.0,0.0,CL,CL,mL.min-1.g-1,mL.min-1.g-1,mL.min-1.kg-1,mL.min-1.kg-1,1,1,0,0,1,0,1,1,pending,Verify the parent/fluorinated identity and assay-table values in the cited source.
HLM,812134,61472,10.1016/j.bmcl.2012.01.015,"Discovery and hit-to-lead optimization of pyrrolopyrimidines as potent, state-dependent Na(v)1.7 antagonists.",SSECJOYWYAMJRN,HAYGNNHVUSBUBN,FC(F)(F)c1cccc(Cn2ccc3c(OC4CCN(Cc5cscn5)CC4)ncnc32)c1,Fc1c(Cn2ccc3c(OC4CCN(Cc5cscn5)CC4)ncnc32)cccc1C(F)(F)F,Ar-H_to_Ar-F,1,1,1,"{""1"": -1, ""9"": 1}",2.4591209688495406,2.321038892726055,-0.13808207612348555,1,1,1,0.0,0.0,0.0,CL,CL,mL.min-1.g-1,mL.min-1.g-1,mL.min-1.kg-1,mL.min-1.kg-1,1,1,0,0,1,0,1,1,pending,Verify the parent/fluorinated identity and assay-table values in the cited source.
HLM,2200375,122989,10.1021/acs.jmedchem.2c01373,Discovery of <i>N</i>-β-l-Fucosyl Amides as High-Affinity Ligands for the <i>Pseudomonas aeruginosa</i> Lectin LecB.,SSQUOLDSQCHBDN,MPJXGNAMMHTUCI,Cc1ccc(C(=O)N[C@H]2O[C@@H](C)[C@@H](O)[C@@H](O)[C@@H]2O)cc1,C[C@@H]1O[C@H](NC(=O)c2ccc(C(F)(F)F)cc2)[C@@H](O)[C@H](O)[C@@H]1O,CH3_to_CF3,3,11,1,"{""1"": -3, ""9"": 3}",2.1488123486679673,0.8463371121298052,-1.3024752365381622,1,1,1,0.0,0.0,0.0,CL,CL,mL.min-1.g-1,mL.min-1.g-1,mL.min-1.kg-1,mL.min-1.kg-1,1,1,0,0,1,0,1,1,pending,Verify the parent/fluorinated identity and assay-table values in the cited source.
HLM,2104609,120208,10.1016/j.bmcl.2021.128133,Identification of aryl sulfonamides as novel and potent inhibitors of Na<sub>V</sub>1.5.,STLXKHSOJIDINK,ZBLYTMOPDJSMFJ,O=S(=O)(Nc1cccc(F)n1)c1cc(F)c(O[C@H]2CCN(CC(F)(F)F)C[C@@H]2c2cccc(F)c2)cc1F,O=S(=O)(Nc1cccc(F)n1)c1cc(F)c(O[C@H]2CCN(CC(F)(F)F)C[C@@H]2c2ccc(F)c(F)c2)cc1F,Ar-H_to_Ar-F,1,31,1,"{""1"": -1, ""9"": 1}",1.1139433523068367,0.8750612633917001,-0.23888208891513663,1,1,3,0.0,0.10914446942506806,0.10914446942506806,CL,CL,mL.min-1.kg-1,mL.min-1.kg-1,,,1,1,0,0,1,0,1,1,pending,Verify the parent/fluorinated identity and assay-table values in the cited source.
HLM,785725,60085,10.1021/jm200866y,"Discovery of potent, selective, and orally bioavailable alkynylphenoxyacetic acid CRTH2 (DP2) receptor antagonists for the treatment of allergic inflammatory diseases.",STRSTNFXQCOCRS,FLVRGQWJTKWGBU,CCCS(=O)(=O)c1cccc(C#Cc2cc(Cl)ccc2OCC(=O)O)c1,CCCS(=O)(=O)c1ccc(F)c(C#Cc2cc(Cl)ccc2OCC(=O)O)c1,Ar-H_to_Ar-F,1,9,1,"{""1"": -1, ""9"": 1}",1.1095785469043866,1.1473671077937864,0.03778856088939975,0,1,1,0.0,0.0,0.0,CL,CL,mL.min-1.g-1,mL.min-1.g-1,mL.min-1.kg-1,mL.min-1.kg-1,1,1,0,0,1,0,1,1,pending,Verify the parent/fluorinated identity and assay-table values in the cited source.
HLM,676112,53547,10.1016/j.bmcl.2010.09.089,An in situ oxidation strategy towards overcoming hERG affinity.,SUJTXRLZIKIRFY,BWQOHLOBJKFZDL,Cc1nc2ccccc2n1C1C[C@H]2CC[C@@H](C1)N2CC[C@H](NC(=O)C1CCS(=O)(=O)CC1)c1cccc(F)c1,Cc1nc2cc(F)ccc2n1C1C[C@H]2CC[C@@H](C1)N2CC[C@H](NC(=O)C1CCS(=O)(=O)CC1)c1cccc(F)c1,Ar-H_to_Ar-F,1,5,1,"{""1"": -1, ""9"": 1}",1.4299136977637545,1.2143138974243997,-0.21559980033935489,1,1,1,0.0,0.0,0.0,CL,CL,mL.min-1.g-1,mL.min-1.g-1,mL.min-1.kg-1,mL.min-1.kg-1,1,1,0,0,1,0,1,1,pending,Verify the parent/fluorinated identity and assay-table values in the cited source.
HLM,676112,53547,10.1016/j.bmcl.2010.09.089,An in situ oxidation strategy towards overcoming hERG affinity.,SUJTXRLZIKIRFY,MKBMJDPTELZANI,Cc1nc2ccccc2n1C1C[C@H]2CC[C@@H](C1)N2CC[C@H](NC(=O)C1CCS(=O)(=O)CC1)c1cccc(F)c1,Cc1nc2ccc(F)cc2n1C1C[C@H]2CC[C@@H](C1)N2CC[C@H](NC(=O)C1CCS(=O)(=O)CC1)c1cccc(F)c1,Ar-H_to_Ar-F,1,6,1,"{""1"": -1, ""9"": 1}",1.4299136977637545,1.0681858617461617,-0.36172783601759284,1,1,1,0.0,0.0,0.0,CL,CL,mL.min-1.g-1,mL.min-1.g-1,mL.min-1.kg-1,mL.min-1.kg-1,1,1,0,0,1,0,1,1,pending,Verify the parent/fluorinated identity and assay-table values in the cited source.
HLM,803092,61153,10.1016/j.bmcl.2011.12.117,"Balancing hERG affinity and absorption in the discovery of AZD5672, an orally active CCR5 antagonist for the treatment of rheumatoid arthritis.",SUOVSKFZWHJHSK,VVWTYHCFZJLFJA,CCN(C(=O)Cc1ccc(S(C)(=O)=O)cc1)C1CCN(CC[C@@H](c2cccc(C)c2)C2CCN(S(C)(=O)=O)CC2)CC1,CCN(C(=O)Cc1ccc(S(C)(=O)=O)cc1)C1CCN(CC[C@@H](c2cccc(C(F)(F)F)c2)C2CCN(S(C)(=O)=O)CC2)CC1,CH3_to_CF3,3,28,1,"{""1"": -3, ""9"": 3}",2.085219201044942,1.2986347831244356,-0.7865844179205064,1,1,1,0.0,0.0,0.0,CL,CL,mL.min-1.g-1,mL.min-1.g-1,mL.min-1.kg-1,mL.min-1.kg-1,1,1,0,0,1,0,1,1,pending,Verify the parent/fluorinated identity and assay-table values in the cited source.
HLM,1796895,109853,10.1021/acs.jmedchem.8b01245,Discovery of RG7834: The First-in-Class Selective and Orally Available Small Molecule Hepatitis B Virus Expression Inhibitor with Novel Mechanism of Action.,SVDSDRPLKVITHW,GMUNDMUBHVAUNR,CCC1Cc2cc(OCCCOC)c(OC)cc2-c2cc(=O)c(C(=O)O)cn21,COCCCOc1cc2c(cc1OC)-c1cc(=O)c(C(=O)O)cn1C(CC(F)(F)F)C2,CH3_to_CF3,3,26,1,"{""1"": -3, ""9"": 3}",0.2787536009528289,-0.11918640771920865,-0.39794000867203755,1,1,1,0.0,0.0,0.0,CL,CL,mL.min-1.kg-1,mL.min-1.kg-1,,,1,1,0,0,1,0,1,1,pending,Verify the parent/fluorinated identity and assay-table values in the cited source.
HLM,960254,73580,10.1016/j.bmcl.2013.03.014,The design and synthesis of a potent glucagon receptor antagonist with favorable physicochemical and pharmacokinetic properties as a candidate for the treatment of type 2 diabetes mellitus.,SZPWPGPIJSPDNT,JPLBUHMFFMGORX,CCCC(Oc1ccc(-n2cc(C)cn2)cc1)c1ccc(C(=O)NCCC(=O)O)cc1,CCCC(Oc1ccc(-n2cc(C(F)(F)F)cn2)cc1)c1ccc(C(=O)NCCC(=O)O)cc1,CH3_to_CF3,3,12,1,"{""1"": -3, ""9"": 3}",1.2041199826559248,1.2041199826559248,0.0,0,1,1,0.0,0.0,0.0,CL,CL,mL.min-1.kg-1,mL.min-1.kg-1,,,1,1,0,0,1,0,1,1,pending,Verify the parent/fluorinated identity and assay-table values in the cited source.
HLM,2118298,120738,10.1021/acs.jmedchem.1c00847,GDC-9545 (Giredestrant): A Potent and Orally Bioavailable Selective Estrogen Receptor Antagonist and Degrader with an Exceptional Preclinical Profile for ER+ Breast Cancer.,SZRZELMHJGHJHD,GQCXHIKRWBIQMD,CCCN1CC(Nc2cc(F)c([C@@H]3c4[nH]c5ccccc5c4C[C@@H](C)N3CC(F)(F)CO)c(F)c2)C1,C[C@@H]1Cc2c([nH]c3ccccc23)[C@@H](c2c(F)cc(NC3CN(CCCF)C3)cc2F)N1CC(F)(F)CO,C-H_to_C-F,1,24,1,"{""1"": -1, ""9"": 1}",0.9542425094393249,1.0413926851582251,0.08715017571890027,0,1,1,0.0,0.0,0.0,CL,CL,mL.min-1.kg-1,mL.min-1.kg-1,,,1,1,0,0,1,0,1,1,pending,Verify the parent/fluorinated identity and assay-table values in the cited source.
HLM,2118298,120738,10.1021/acs.jmedchem.1c00847,GDC-9545 (Giredestrant): A Potent and Orally Bioavailable Selective Estrogen Receptor Antagonist and Degrader with an Exceptional Preclinical Profile for ER+ Breast Cancer.,SZRZELMHJGHJHD,HZSIGWFQINBTLS,CCCN1CC(Nc2cc(F)c([C@@H]3c4[nH]c5ccccc5c4C[C@@H](C)N3CC(F)(F)CO)c(F)c2)C1,C[C@@H]1Cc2c([nH]c3ccccc23)[C@@H](c2c(F)cc(NC3CN(CCC(F)F)C3)cc2F)N1CC(F)(F)CO,CH2_to_CF2,2,24,1,"{""1"": -2, ""9"": 2}",0.9542425094393249,1.0791812460476249,0.12493873660830002,0,1,1,0.0,0.0,0.0,CL,CL,mL.min-1.kg-1,mL.min-1.kg-1,,,1,1,0,0,1,0,1,1,pending,Verify the parent/fluorinated identity and assay-table values in the cited source.
HLM,808326,61229,10.1021/jm200592f,Structure-guided lead optimization of triazolopyrimidine-ring substituents identifies potent Plasmodium falciparum dihydroorotate dehydrogenase inhibitors with clinical candidate potential.,TTZFQFGVFOBWBW,RIOPTIZLYYUGNM,CCc1nc2nc(C)cc(Nc3ccc(Cl)cc3)n2n1,Cc1cc(Nc2ccc(Cl)cc2)n2nc(C(C)(F)F)nc2n1,CH2_to_CF2,2,15,1,"{""1"": -2, ""9"": 2}",1.17539583139403,1.2723058444020865,0.09691001300805646,0,1,1,0.0,0.0,0.0,CL,CL,mL.min-1.g-1,mL.min-1.g-1,mL.min-1.kg-1,mL.min-1.kg-1,1,1,0,0,1,0,1,1,pending,Verify the parent/fluorinated identity and assay-table values in the cited source.
HLM,2165784,122079,10.1021/acsmedchemlett.2c00089,Diminishing GSH-Adduct Formation of Tricyclic Diazepine-based Mutant IDH1 Inhibitors.,TUICWOOCJAYCCE,NTBPQMAKDYFKOK,CC(C)O[C@H]1CC[C@H](C(=O)N2Cc3cccnc3Nc3ccc(C4COCCO4)cc32)OC1,CC(C)O[C@H]1CC[C@H](C(=O)N2Cc3cc(F)cnc3Nc3ccc(C4COCCO4)cc32)OC1,Ar-H_to_Ar-F,1,14,1,"{""1"": -1, ""9"": 1}",1.5314789170422551,1.6989700043360187,0.1674910872937636,0,1,1,0.0,0.0,0.0,CL,CL,mL.min-1.kg-1,mL.min-1.kg-1,,,1,1,0,0,1,0,1,1,pending,Verify the parent/fluorinated identity and assay-table values in the cited source.
HLM,2165784,122079,10.1021/acsmedchemlett.2c00089,Diminishing GSH-Adduct Formation of Tricyclic Diazepine-based Mutant IDH1 Inhibitors.,TUICWOOCJAYCCE,QKCDIIOEHZUWLP,CC(C)O[C@H]1CC[C@H](C(=O)N2Cc3cccnc3Nc3ccc(C4COCCO4)cc32)OC1,CC(C)O[C@H]1CC[C@H](C(=O)N2Cc3cccnc3Nc3cc(F)c(C4COCCO4)cc32)OC1,Ar-H_to_Ar-F,1,21,1,"{""1"": -1, ""9"": 1}",1.5314789170422551,1.7634279935629373,0.2319490765206822,0,1,1,0.0,0.0,0.0,CL,CL,mL.min-1.kg-1,mL.min-1.kg-1,,,1,1,0,0,1,0,1,1,pending,Verify the parent/fluorinated identity and assay-table values in the cited source.
HLM,1793528,109728,10.1021/acs.jmedchem.8b01222,Reducing the Lipophilicity of Perfluoroalkyl Groups by CF2-F/CF2-Me or CF3/CH3 Exchange.,TWMGOUCVSYWMKI,BNIOZWHQPXZLOT,CN(C)C(=O)CNCCc1cccc(OCC(F)(F)C(F)(F)C(C)(F)F)c1,CN(C)C(=O)CNCCc1cccc(OCC(F)(F)C(F)(F)C(F)(F)C(F)(F)F)c1,CH3_to_CF3,3,25,1,"{""1"": -3, ""9"": 3}",1.0224283711854865,0.9132839017604184,-0.10914446942506806,1,1,1,0.0,0.0,0.0,CL,CL,mL.min-1.g-1,mL.min-1.g-1,mL.min-1.kg-1,mL.min-1.kg-1,1,1,0,0,1,0,1,1,pending,Verify the parent/fluorinated identity and assay-table values in the cited source.
HLM,809846,61428,10.1021/ml200143c,Optimization of Potent Inhibitors of P. falciparum Dihydroorotate Dehydrogenase for the Treatment of Malaria.,TXSUVGWZVFASPD,KQUWFTFWWIPMAD,Cc1ccc2c(c1)nc(C)n2-c1ccc(C(=O)NC2CC2)s1,Cc1nc2cc(C(F)(F)F)ccc2n1-c1ccc(C(=O)NC2CC2)s1,CH3_to_CF3,3,6,1,"{""1"": -3, ""9"": 3}",0.9030899869919435,0.6020599913279624,-0.30102999566398114,1,1,1,0.0,0.0,0.0,CL,CL,mL.min-1.kg-1,mL.min-1.kg-1,,,1,1,0,0,1,0,1,1,pending,Verify the parent/fluorinated identity and assay-table values in the cited source.
HLM,2253202,124668,10.1021/acsmedchemlett.2c00100,Synthesis and Biological Characterization of a Series of 2-Sulfonamidebenzamides as Allosteric Modulators of MrgX1.,TXZPRVKJSAUJSV,NWQYHNJNDPEQRD,CCOc1ccc(F)cc1NC(=O)c1ccccc1NS(=O)(=O)C1CC1,CCOc1ccc(F)cc1NC(=O)c1cc(F)ccc1NS(=O)(=O)C1CC1,Ar-H_to_Ar-F,1,15,1,"{""1"": -1, ""9"": 1}",1.8981764834976764,1.7737864449811935,-0.12439003851648289,1,1,1,0.0,0.0,0.0,CL,CL,mL.min-1.kg-1,mL.min-1.kg-1,,,1,1,0,0,1,0,1,1,pending,Verify the parent/fluorinated identity and assay-table values in the cited source.
HLM,1824036,110821,10.1021/acs.jmedchem.9b01382,"Discovery of BAY-298 and BAY-899: Tetrahydro-1,6-naphthyridine-Based, Potent, and Selective Antagonists of the Luteinizing Hormone Receptor Which Reduce Sex Hormone Levels in Vivo.",UASRQNQGPSMRKH,XKKLCGVIYVTODM,Cc1ccc(C2c3ccsc3CCN2C(=O)Nc2cc(Cl)cc(Cl)c2)cc1,O=C(Nc1cc(Cl)cc(Cl)c1)N1CCc2sccc2C1c1ccc(C(F)(F)F)cc1,CH3_to_CF3,3,24,1,"{""1"": -3, ""9"": 3}",1.3010299956639813,1.06707085604537,-0.23395913961861114,1,1,1,0.0,0.0,0.0,CL,CL,mL.min-1.kg-1,mL.min-1.kg-1,,,1,1,0,0,1,0,1,1,pending,Verify the parent/fluorinated identity and assay-table values in the cited source.
HLM,1760745,108310,10.1021/acs.jmedchem.8b00678,"Scaffold-Hopping Approach To Discover Potent, Selective, and Efficacious Inhibitors of NF-κB Inducing Kinase.",UCHCPLATALPXSM,ZXFKJRRUBNZXOT,CN1CC[C@@](O)(C#Cc2ccnc(-n3nc(C(N)=O)c4ccccc43)c2)C1=O,CN1CC[C@@](O)(C#Cc2ccnc(-n3nc(C(N)=O)c4cc(F)ccc43)c2)C1=O,Ar-H_to_Ar-F,1,21,1,"{""1"": -1, ""9"": 1}",0.8864907251724818,0.9344984512435677,0.04800772607108583,0,1,1,0.0,0.0,0.0,CL,CL,mL.min-1.kg-1,mL.min-1.kg-1,,,1,1,0,0,1,0,1,1,pending,Verify the parent/fluorinated identity and assay-table values in the cited source.
HLM,2262292,124869,10.1016/j.bmcl.2022.129014,Development of a putative Zn<sup>2+</sup>-chelating but highly selective MMP-13 inhibitor.,UCRZOHKTQUUZHC,UTXHYAKNKVDRIH,O=c1[nH]c(SCc2ccc(-c3ccc(S(=O)(=O)NC4COC4)cc3)cc2F)nc2c1CCC2,O=c1[nH]c(SCc2ccc(-c3ccc(S(=O)(=O)NC4COC4)c(F)c3)cc2F)nc2c1CCC2,Ar-H_to_Ar-F,1,22,1,"{""1"": -1, ""9"": 1}",1.2143138974243997,1.499549625905149,0.2852357284807494,0,1,1,0.0,0.0,0.0,CL,CL,mL.min-1.g-1,mL.min-1.g-1,mL.min-1.kg-1,mL.min-1.kg-1,1,1,0,0,1,0,1,1,pending,Verify the parent/fluorinated identity and assay-table values in the cited source.
HLM,809649,61417,10.1021/ml2000627,Design and synthesis of benzenesulfonamide derivatives as potent anti-influenza hemagglutinin inhibitors.,UDLUYVVEARTGHQ,GVTXAFWZZPFWIP,CC1(C)C[C@H](O)C[C@](C)(CNc2cccc(S(N)(=O)=O)c2)C1,CC1(C)C[C@H](O)C[C@](C)(CNc2cc(F)cc(S(N)(=O)=O)c2)C1,Ar-H_to_Ar-F,1,13,1,"{""1"": -1, ""9"": 1}",0.8195439355418687,0.8573324964312685,0.03778856088939986,0,1,1,0.0,0.0,0.0,CL,CL,mL.min-1.kg-1,mL.min-1.kg-1,,,1,1,0,0,1,0,1,1,pending,Verify the parent/fluorinated identity and assay-table values in the cited source.
HLM,2027229,117736,10.1021/acs.jmedchem.6b00850,"The Discovery of a Potent, Selective, and Peripherally Restricted Pan-Trk Inhibitor (PF-06273340) for the Treatment of Pain.",UEXYLQPMBYMXCX,KBBXMARUHDVNOM,CC(C)n1cc(C(=O)c2cncc(NC(=O)Cn3ccc(C4CC4)n3)c2)c2cnccc21,CC(C)n1cc(C(=O)c2cncc(NC(=O)Cn3ccc(C4CC4)n3)c2)c2cncc(F)c21,Ar-H_to_Ar-F,1,30,1,"{""1"": -1, ""9"": 1}",1.6122539060964374,1.6363875858131567,0.024133679716719314,0,1,1,0.0,0.0,0.0,CL,CL,mL.min-1.g-1,mL.min-1.g-1,mL.min-1.kg-1,mL.min-1.kg-1,1,1,0,0,1,0,1,1,pending,Verify the parent/fluorinated identity and assay-table values in the cited source.
HLM,1924242,114097,10.1016/j.bmcl.2016.07.009,New P2X3 receptor antagonists. Part 1: Discovery and optimization of tricyclic compounds.,UFBZNKNUYLJWGY,VFJDKUDBQVGZAS,CN(C)S(=O)(=O)N1CCc2c(sc3ncn(CCc4cc(Cl)ccc4Cl)c(=O)c23)C1,CN(C)S(=O)(=O)N1CCc2c(sc3ncn(CCc4c(Cl)ccc(Cl)c4F)c(=O)c23)C1,Ar-H_to_Ar-F,1,25,1,"{""1"": -1, ""9"": 1}",2.3924683170438543,2.4946971231107367,0.10222880606688234,0,1,1,0.0,0.0,0.0,CL,CL,mL.min-1.g-1,mL.min-1.g-1,mL.min-1.kg-1,mL.min-1.kg-1,1,1,0,0,1,0,1,1,pending,Verify the parent/fluorinated identity and assay-table values in the cited source.
HLM,2165784,122079,10.1021/acsmedchemlett.2c00089,Diminishing GSH-Adduct Formation of Tricyclic Diazepine-based Mutant IDH1 Inhibitors.,UFGROHQRASPGIZ,CHPQQBZYSJKTOZ,CC(C)O[C@H]1CC[C@H](C(=O)N2Cc3cccnc3Nc3ccc(N4CC5CCC4CO5)cc32)OC1,CC(C)O[C@H]1CC[C@H](C(=O)N2Cc3cc(F)cnc3Nc3ccc(N4CC5CCC4CO5)cc32)OC1,Ar-H_to_Ar-F,1,14,1,"{""1"": -1, ""9"": 1}",1.3222192947339193,1.3424226808222062,0.020203386088286868,0,1,1,0.0,0.0,0.0,CL,CL,mL.min-1.kg-1,mL.min-1.kg-1,,,1,1,0,0,1,0,1,1,pending,Verify the parent/fluorinated identity and assay-table values in the cited source.
HLM,2085847,119720,10.1021/acs.jmedchem.7b01855,Discovery of a Novel Highly Selective Histamine H4 Receptor Antagonist for the Treatment of Atopic Dermatitis.,UJXROVRCLVSQDF,QYLPXOBUJFBVNW,Cc1cnc2nc(N3CCN(C)CC3)c3nncn3c2c1,CN1CCN(c2nc3ncc(C(F)(F)F)cc3n3cnnc23)CC1,CH3_to_CF3,3,11,1,"{""1"": -3, ""9"": 3}",0.7816764048401041,0.1854571574019259,-0.5962192474381782,1,1,1,0.0,0.0,0.0,CL,CL,mL.min-1.g-1,mL.min-1.g-1,mL.min-1.kg-1,mL.min-1.kg-1,1,1,0,0,1,0,1,1,pending,Verify the parent/fluorinated identity and assay-table values in the cited source.
HLM,813781,61629,10.1016/j.bmcl.2012.02.059,"Design and synthesis of dihydrobenzofuran amides as orally bioavailable, centrally active γ-secretase modulators.",ULWIDIKHUWVVDD,UTTKPRISWKRTNJ,COc1nc(C(=O)N[C@H]2COc3ccc(Cl)cc32)ccc1-n1cnc(C)c1,COc1nc(C(=O)N[C@H]2COc3ccc(Cl)c(F)c32)ccc1-n1cnc(C)c1,Ar-H_to_Ar-F,1,16,1,"{""1"": -1, ""9"": 1}",1.515343893088381,1.545307116465824,0.02996322337744317,0,1,1,0.0,0.0,0.0,CL,CL,mL.min-1.g-1,mL.min-1.g-1,mL.min-1.kg-1,mL.min-1.kg-1,1,1,0,0,1,0,1,1,pending,Verify the parent/fluorinated identity and assay-table values in the cited source.
HLM,2094616,119973,10.1021/acs.jmedchem.0c01796,"Discovery of GLPG2451, a Novel Once Daily Potentiator for the Treatment of Cystic Fibrosis.",UMOGNCVNHXWFIX,RGMBPFIUBYVLME,C[C@H](O)CNC(=O)c1ncc(S(=O)(=O)c2ccc(OC(F)(F)F)cc2)cc1N,Nc1cc(S(=O)(=O)c2ccc(OC(F)(F)F)cc2)cnc1C(=O)NC[C@@H](O)C(F)(F)F,CH3_to_CF3,3,27,1,"{""1"": -3, ""9"": 3}",1.3010299956639813,1.5643109099606027,0.2632809142966215,0,1,1,0.0,0.0,0.0,CL,CL,mL.min-1.kg-1,mL.min-1.kg-1,,,1,1,0,0,1,0,1,1,pending,Verify the parent/fluorinated identity and assay-table values in the cited source.
HLM,630266,51249,10.1016/j.bmcl.2010.03.095,"Novel hexahydropyrrolo[3,4-c]pyrrole CCR5 antagonists.",UOOLYEVPOIRJIK,IMJPQHNLQIVGPM,Cc1ncnc(C)c1C(=O)N1C[C@H]2CN(CC[C@H](NC(=O)CC3CCC(F)(F)CC3)c3ccccc3)C[C@H]2C1,Cc1ncnc(C)c1C(=O)N1C[C@H]2CN(CC[C@H](NC(=O)CC3CCC(F)(F)CC3)c3cccc(F)c3)C[C@H]2C1,Ar-H_to_Ar-F,1,34,1,"{""1"": -1, ""9"": 1}",1.9872639541222354,2.121264305229581,0.13400035110734576,0,1,1,0.0,0.0,0.0,CL,CL,mL.min-1.g-1,mL.min-1.g-1,mL.min-1.kg-1,mL.min-1.kg-1,1,1,0,0,1,0,1,1,pending,Verify the parent/fluorinated identity and assay-table values in the cited source.
HLM,860766,65828,10.1021/jm300623u,"3-Oxoisoindoline-1-carboxamides: potent, state-dependent blockers of voltage-gated sodium channel Na(V)1.7 with efficacy in rat pain models.",UPZSIIGQGQUSFG,BWBHAVPBWPADEN,O=C(NCc1cccc(OC(F)(F)F)c1)c1c2ccccc2c(O)n1CCc1ncc(F)cn1,O=C(NCc1ccc(F)c(OC(F)(F)F)c1)c1c2ccccc2c(O)n1CCc1ncc(F)cn1,Ar-H_to_Ar-F,1,7,1,"{""1"": -1, ""9"": 1}",2.3234583668494677,2.410608542568368,0.08715017571890016,0,1,1,0.0,0.0,0.0,CL,CL,mL.min-1.g-1,mL.min-1.g-1,mL.min-1.kg-1,mL.min-1.kg-1,1,1,0,0,1,0,1,1,pending,Verify the parent/fluorinated identity and assay-table values in the cited source.
HLM,744910,57426,10.1016/j.ejmech.2011.02.027,"Synthesis, cytotoxicity, metabolic stability and pharmacokinetic evaluation of fluorinated docetaxel analogs.",URVWKYKCXGJZJO,AALFPAPRIRREHK,CC(=O)O[C@@]12CO[C@@H]1C[C@H](O)[C@@]1(C)C(=O)C(=O)C3C(C)[C@@H](OC(=O)[C@H](O)[C@@H](NC(=O)OC(C)(C)C(F)F)c4ccccc4)C[C@@](O)([C@@H](OC(=O)c4ccccc4)[C@H]21)C3(C)C,CC(=O)O[C@@]12CO[C@@H]1C[C@H](O)[C@@]1(C)C(=O)C(=O)C3C(C)[C@@H](OC(=O)[C@H](O)[C@@H](NC(=O)OC(C)(C)C(F)F)c4ccccc4)C[C@@](O)([C@@H](OC(=O)c4cccc(F)c4)[C@H]21)C3(C)C,Ar-H_to_Ar-F,1,54,1,"{""1"": -1, ""9"": 1}",0.5092025223311029,0.6693168805661122,0.1601143582350093,0,1,1,0.0,0.0,0.0,CL,CL,mL.min-1.kg-1,mL.min-1.kg-1,,,1,1,0,0,1,0,1,1,pending,Verify the parent/fluorinated identity and assay-table values in the cited source.
HLM,2116267,120662,10.1016/j.bmc.2021.116352,Discovery of benzimidazole derivatives as potent and selective aldehyde dehydrogenase 1A1 (ALDH1A1) inhibitors with glucose consumption improving activity.,UUGHMMOWDDXPKH,RGZUYPIISREBSF,Cc1cccc(Cn2c(CN3CCN(C(=O)C4CC4)CC3)nc3ccccc32)c1,O=C(C1CC1)N1CCN(Cc2nc3ccccc3n2Cc2cccc(C(F)(F)F)c2)CC1,CH3_to_CF3,3,25,1,"{""1"": -3, ""9"": 3}",-1.0287241512618948,-0.914780798955058,0.11394335230683672,0,1,1,0.0,0.0,0.0,CL,CL,mL.min-1.g-1,mL.min-1.g-1,mL.min-1.kg-1,mL.min-1.kg-1,1,1,0,0,1,0,1,1,pending,Verify the parent/fluorinated identity and assay-table values in the cited source.
HLM,581438,48091,10.1016/j.bmc.2009.06.066,"Synthesis, biological evaluation, and metabolic stability of acrylamide derivatives as novel CCR3 antagonists.",UVLJMOWGODVTHE,GEODVCGLPKOYSN,O=C(C=C1CCN(C(=O)c2ccccc2)CC1)N[C@@H]1CCN(Cc2ccc3cc(F)ccc3c2)C1,O=C(C=C1CCN(C(=O)c2cccc(F)c2)CC1)N[C@@H]1CCN(Cc2ccc3cc(F)ccc3c2)C1,Ar-H_to_Ar-F,1,13,1,"{""1"": -1, ""9"": 1}",2.5289167002776547,2.661812685537261,0.13289598525960633,0,1,1,0.0,0.0,0.0,CL,CL,mL.min-1.kg-1,mL.min-1.kg-1,,,1,1,0,0,1,0,1,1,pending,Verify the parent/fluorinated identity and assay-table values in the cited source.
HLM,581438,48091,10.1016/j.bmc.2009.06.066,"Synthesis, biological evaluation, and metabolic stability of acrylamide derivatives as novel CCR3 antagonists.",UVLJMOWGODVTHE,LDJORPVZQXTWCA,O=C(C=C1CCN(C(=O)c2ccccc2)CC1)N[C@@H]1CCN(Cc2ccc3cc(F)ccc3c2)C1,O=C(C=C1CCN(C(=O)c2ccc(F)cc2)CC1)N[C@@H]1CCN(Cc2ccc3cc(F)ccc3c2)C1,Ar-H_to_Ar-F,1,12,1,"{""1"": -1, ""9"": 1}",2.5289167002776547,2.374748346010104,-0.1541683542675507,1,1,1,0.0,0.0,0.0,CL,CL,mL.min-1.kg-1,mL.min-1.kg-1,,,1,1,0,0,1,0,1,1,pending,Verify the parent/fluorinated identity and assay-table values in the cited source.
HLM,581438,48091,10.1016/j.bmc.2009.06.066,"Synthesis, biological evaluation, and metabolic stability of acrylamide derivatives as novel CCR3 antagonists.",UVLJMOWGODVTHE,MKJUKAUNROWEHZ,O=C(C=C1CCN(C(=O)c2ccccc2)CC1)N[C@@H]1CCN(Cc2ccc3cc(F)ccc3c2)C1,O=C(C=C1CCN(C(=O)c2ccccc2F)CC1)N[C@@H]1CCN(Cc2ccc3cc(F)ccc3c2)C1,Ar-H_to_Ar-F,1,14,1,"{""1"": -1, ""9"": 1}",2.5289167002776547,2.7708520116421442,0.24193531136448954,0,1,1,0.0,0.0,0.0,CL,CL,mL.min-1.kg-1,mL.min-1.kg-1,,,1,1,0,0,1,0,1,1,pending,Verify the parent/fluorinated identity and assay-table values in the cited source.
HLM,858359,65887,10.1016/j.bmcl.2012.09.059,Discovery of novel pyrrolopyridazine scaffolds as transient receptor potential vanilloid (TRPV1) antagonists.,UZTROBSZBAPWOG,UCJMDMYGVGENKA,CCN(CCO)C(=O)c1cc2cccnn2c1-c1cccc(C)c1,CCN(CCO)C(=O)c1cc2cccnn2c1-c1cccc(C(F)(F)F)c1,CH3_to_CF3,3,22,1,"{""1"": -3, ""9"": 3}",1.4299136977637545,2.027227254067255,0.5973135563035006,0,1,1,0.0,0.0,0.0,CL,CL,mL.min-1.g-1,mL.min-1.g-1,mL.min-1.kg-1,mL.min-1.kg-1,1,1,0,0,1,0,1,1,pending,Verify the parent/fluorinated identity and assay-table values in the cited source.
HLM,763656,58666,10.1021/jm2006035,"Design and discovery of a selective small molecule κ opioid antagonist (2-methyl-N-((2'-(pyrrolidin-1-ylsulfonyl)biphenyl-4-yl)methyl)propan-1-amine, PF-4455242).",VAAVZLJWXZUIAH,WBYHTVFUIJNCEK,CC(C)CNCc1ccc(-c2ccccc2S(=O)(=O)N2CCOC[C@H]2C)cc1,CC(C)CNCc1ccc(-c2ccccc2S(=O)(=O)N2CCOC[C@H]2C)cc1F,Ar-H_to_Ar-F,1,27,1,"{""1"": -1, ""9"": 1}",1.24551266781415,1.4183012913197455,0.17278862350559554,0,1,1,0.0,0.0,0.0,CL,CL,mL.min-1.kg-1,mL.min-1.kg-1,,,1,1,0,0,1,0,1,1,pending,Verify the parent/fluorinated identity and assay-table values in the cited source.
HLM,789191,60365,10.1016/j.bmcl.2011.10.002,"The discovery of AZD9164, a novel muscarinic M3 antagonist.",VAEJXCRKXKTGOE,VZNXMVGDWIFGPG,C[C@@](C(=O)O[C@H]1C[N+]2(CC(=O)Nc3ccccc3)CCC1CC2)(c1cccs1)N1CCCCC1,C[C@@](C(=O)O[C@H]1C[N+]2(CC(=O)Nc3cccc(F)c3)CCC1CC2)(c1cccs1)N1CCCCC1,Ar-H_to_Ar-F,1,16,1,"{""1"": -1, ""9"": 1}",1.965812953036603,1.816373888752362,-0.14943906428424114,1,1,1,0.0,0.0,0.0,CL,CL,mL.min-1.g-1,mL.min-1.g-1,mL.min-1.kg-1,mL.min-1.kg-1,1,1,0,0,1,0,1,1,pending,Verify the parent/fluorinated identity and assay-table values in the cited source.
HLM,2262312,124870,10.1016/j.bmcl.2022.129006,Synthesis and antidepressant activity of novel 1-(1-benzoylpiperidin-4-yl) methanamine derivatives selectively targeting SSRI/5-HT<sub>1A</sub>.,VAUJEOINNYRUHX,XRVDYGHKKMVAHE,O=C(c1ccc(F)cc1)N1CCC(CNCCCc2c[nH]c3ccc(F)cc23)CC1,O=C(c1ccc(F)c(F)c1)N1CCC(CNCCCc2c[nH]c3ccc(F)cc23)CC1,Ar-H_to_Ar-F,1,7,1,"{""1"": -1, ""9"": 1}",1.9942194584250064,1.9204218011580492,-0.0737976572669572,1,1,1,0.0,0.0,0.0,CL,CL,mL.min-1.g-1,mL.min-1.g-1,mL.min-1.kg-1,mL.min-1.kg-1,1,1,0,0,1,0,1,1,pending,Verify the parent/fluorinated identity and assay-table values in the cited source.
HLM,874019,66641,10.1021/jm3011838,Pharmacokinetic optimization of class-selective histone deacetylase inhibitors and identification of associated candidate predictive biomarkers of hepatocellular carcinoma tumor response.,VBIRYHXDBSIJGC,CTZGJJMQNFTTLP,CN1C[C@H](C(=O)Nc2ccccc2)[C@@H](c2ccc(/C=C/C(=O)Nc3ccccc3N)cc2)C1,CN1C[C@H](C(=O)Nc2cccc(F)c2)[C@@H](c2ccc(/C=C/C(=O)Nc3ccccc3N)cc2)C1,Ar-H_to_Ar-F,1,11,1,"{""1"": -1, ""9"": 1}",0.8450980400142568,0.7781512503836436,-0.06694678963061318,1,1,1,0.0,0.0,0.0,CL,CL,mL.min-1.kg-1,mL.min-1.kg-1,,,1,1,0,0,1,0,1,1,pending,Verify the parent/fluorinated identity and assay-table values in the cited source.
HLM,874019,66641,10.1021/jm3011838,Pharmacokinetic optimization of class-selective histone deacetylase inhibitors and identification of associated candidate predictive biomarkers of hepatocellular carcinoma tumor response.,VBIRYHXDBSIJGC,OHVGXEANLKQKLV,CN1C[C@H](C(=O)Nc2ccccc2)[C@@H](c2ccc(/C=C/C(=O)Nc3ccccc3N)cc2)C1,CN1C[C@H](C(=O)Nc2ccccc2F)[C@@H](c2ccc(/C=C/C(=O)Nc3ccccc3N)cc2)C1,Ar-H_to_Ar-F,1,12,1,"{""1"": -1, ""9"": 1}",0.8450980400142568,1.0,0.1549019599857432,0,1,1,0.0,0.0,0.0,CL,CL,mL.min-1.kg-1,mL.min-1.kg-1,,,1,1,0,0,1,0,1,1,pending,Verify the parent/fluorinated identity and assay-table values in the cited source.
HLM,874019,66641,10.1021/jm3011838,Pharmacokinetic optimization of class-selective histone deacetylase inhibitors and identification of associated candidate predictive biomarkers of hepatocellular carcinoma tumor response.,VBIRYHXDBSIJGC,PDVHOKQIJVUEDD,CN1C[C@H](C(=O)Nc2ccccc2)[C@@H](c2ccc(/C=C/C(=O)Nc3ccccc3N)cc2)C1,CN1C[C@H](C(=O)Nc2ccc(F)cc2)[C@@H](c2ccc(/C=C/C(=O)Nc3ccccc3N)cc2)C1,Ar-H_to_Ar-F,1,10,1,"{""1"": -1, ""9"": 1}",0.8450980400142568,0.6989700043360189,-0.14612803567823796,1,1,1,0.0,0.0,0.0,CL,CL,mL.min-1.kg-1,mL.min-1.kg-1,,,1,1,0,0,1,0,1,1,pending,Verify the parent/fluorinated identity and assay-table values in the cited source.
HLM,2133629,121318,10.1021/acs.jmedchem.1c00679,"Discovery of IACS-9779 and IACS-70465 as Potent Inhibitors Targeting Indoleamine 2,3-Dioxygenase 1 (IDO1) Apoenzyme.",VBQZDFZOXISAAK,RWIAEKZOLXVTFR,CCC(NC(=O)c1ccc(Cl)cc1)[C@H]1[C@@H]2C[C@@H](n3cnc4cccnc43)C[C@@H]21,CCC(NC(=O)c1ccc(Cl)cc1)[C@H]1[C@@H]2C[C@@H](n3cnc4cc(F)cnc43)C[C@@H]21,Ar-H_to_Ar-F,1,22,1,"{""1"": -1, ""9"": 1}",1.2041199826559248,-0.3372421683184259,-1.5413621509743507,1,1,1,0.0,0.0,0.0,CL,CL,mL.min-1.kg-1,mL.min-1.kg-1,,,1,1,0,0,1,0,1,1,pending,Verify the parent/fluorinated identity and assay-table values in the cited source.
HLM,1793528,109728,10.1021/acs.jmedchem.8b01222,Reducing the Lipophilicity of Perfluoroalkyl Groups by CF2-F/CF2-Me or CF3/CH3 Exchange.,VDMBOSAQISDFJX,BQETYKDISHDCOA,CN(C)C(=O)CNCCc1cccc(OCCC(C)(F)F)c1,CN(C)C(=O)CNCCc1cccc(OCC(F)(F)C(C)(F)F)c1,CH2_to_CF2,2,16,1,"{""1"": -2, ""9"": 2}",0.9132839017604184,1.0681858617461617,0.1549019599857433,0,1,1,0.0,0.0,0.0,CL,CL,mL.min-1.g-1,mL.min-1.g-1,mL.min-1.kg-1,mL.min-1.kg-1,1,1,0,0,1,0,1,1,pending,Verify the parent/fluorinated identity and assay-table values in the cited source.
HLM,735528,56101,10.1021/jm1014549,Zwitterionic CRTh2 antagonists.,VEDPQGGGGHKSLY,YEPKGHKIZDVJEY,O=C(O)COc1ccc(Cl)cc1CN1CCN(S(=O)(=O)c2ccccc2)CC1,O=C(O)COc1ccc(Cl)cc1CN1CCN(S(=O)(=O)c2ccc(F)cc2)CC1,Ar-H_to_Ar-F,1,23,1,"{""1"": -1, ""9"": 1}",0.670245853074124,1.1095785469043866,0.43933269383026263,0,1,1,0.0,0.0,0.0,CL,CL,mL.min-1.g-1,mL.min-1.g-1,mL.min-1.kg-1,mL.min-1.kg-1,1,1,0,0,1,0,1,1,pending,Verify the parent/fluorinated identity and assay-table values in the cited source.
HLM,2072215,119235,10.1016/j.bmcl.2020.127418,"Discovery, synthesis and characterization of a series of 7-aryl-imidazo[1,2-a]pyridine-3-ylquinolines as activin-like kinase (ALK) inhibitors.",VGNKRPOVFPKJEN,CHWULLAJBAHXQY,Cc1cc(-c2cnc3cc(-c4ccc(C5COCCN5)cc4)ccn23)c2cc(F)ccc2n1,Cc1cc(-c2cnc3cc(-c4ccc(C5COCCN5)cc4)ccn23)c2cc(F)cc(F)c2n1,Ar-H_to_Ar-F,1,30,1,"{""1"": -1, ""9"": 1}",2.1271047983648077,2.143014800254095,0.015910001889287262,0,1,1,0.0,0.0,0.0,CL,CL,mL.min-1.kg-1,mL.min-1.kg-1,,,1,1,0,0,1,0,1,1,pending,Verify the parent/fluorinated identity and assay-table values in the cited source.
HLM,943368,72632,10.1016/j.bmcl.2012.12.095,"Spirocyclic compounds, potent CCR1 antagonists.",VHDMPVBNWOJNGA,MQFZZRAWHHBMEC,CC(=O)Nc1ccccc1OC[C@@H](O)CN1CCC2(CC1)Cc1cc(F)ccc1O2,CC(=O)Nc1ccc(F)cc1OC[C@@H](O)CN1CCC2(CC1)Cc1cc(F)ccc1O2,Ar-H_to_Ar-F,1,7,1,"{""1"": -1, ""9"": 1}",1.474726042180117,1.3186058640550555,-0.1561201781250614,1,1,1,0.0,0.0,0.0,CL,CL,mL.min-1.g-1,mL.min-1.g-1,mL.min-1.kg-1,mL.min-1.kg-1,1,1,0,0,1,0,1,1,pending,Verify the parent/fluorinated identity and assay-table values in the cited source.
HLM,775631,59430,10.1016/j.bmcl.2011.09.015,Identification of 4-quinolone derivatives as inhibitors of reactive oxygen species production from human umbilical vein endothelial cells.,VHPSMRQSPACDNY,VFXPGUSWBCYCOT,Cc1c(COc2cccc(OCC3CCOCC3)c2)[nH]c2ccccc2c1=O,Cc1c(COc2cccc(OCC3CCOCC3)c2)[nH]c2ccc(F)cc2c1=O,Ar-H_to_Ar-F,1,23,1,"{""1"": -1, ""9"": 1}",2.330413773349191,2.6748611407378116,0.3444473673886206,0,1,1,0.0,0.0,0.0,CL,CL,mL.min-1.kg-1,mL.min-1.kg-1,,,1,1,0,0,1,0,1,1,pending,Verify the parent/fluorinated identity and assay-table values in the cited source.
HLM,812344,61505,10.1016/j.bmcl.2012.01.124,Discovery of P2X3 selective antagonists for the treatment of chronic pain.,VIPPQTHWLREBCT,TWODWTDFVUUPMQ,CCOc1ccc([C@@H](C)Nc2nc(N3CCN(C(C)=O)CC3)nc3c2CN(C(C)C)C3=O)cc1,CCOc1ccc([C@H](Nc2nc(N3CCN(C(C)=O)CC3)nc3c2CN(C(C)C)C3=O)C(F)(F)F)cc1,CH3_to_CF3,3,31,1,"{""1"": -3, ""9"": 3}",1.0681858617461617,0.7671558660821804,-0.30102999566398125,1,1,1,0.0,0.0,0.0,CL,CL,mL.min-1.g-1,mL.min-1.g-1,mL.min-1.kg-1,mL.min-1.kg-1,1,1,0,0,1,0,1,1,pending,Verify the parent/fluorinated identity and assay-table values in the cited source.
HLM,812344,61505,10.1016/j.bmcl.2012.01.124,Discovery of P2X3 selective antagonists for the treatment of chronic pain.,VIPPQTHWLREBCT,UWGMYBLNCMZZFK,CCOc1ccc([C@@H](C)Nc2nc(N3CCN(C(C)=O)CC3)nc3c2CN(C(C)C)C3=O)cc1,CCOc1ccc([C@@H](C)Nc2nc(N3CCN(C(C)=O)CC3)nc3c2CN(C(C)C)C3=O)cc1F,Ar-H_to_Ar-F,1,33,1,"{""1"": -1, ""9"": 1}",1.0681858617461617,1.2986347831244356,0.23044892137827389,0,1,1,0.0,0.0,0.0,CL,CL,mL.min-1.g-1,mL.min-1.g-1,mL.min-1.kg-1,mL.min-1.kg-1,1,1,0,0,1,0,1,1,pending,Verify the parent/fluorinated identity and assay-table values in the cited source.
HLM,686317,53996,10.1016/j.bmcl.2010.09.064,"Design, synthesis and SAR of a novel series of benzimidazoles as potent NPY Y5 antagonists.",VJDPCRVAZYFIDE,UXCIUAMOIHCLOR,N#Cc1ccc2[nH]c([C@H]3CC[C@]4(CC3)CN(c3ccccc3)C(=O)O4)nc2c1,N#Cc1ccc2[nH]c([C@H]3CC[C@]4(CC3)CN(c3ccc(F)cc3)C(=O)O4)nc2c1,Ar-H_to_Ar-F,1,19,1,"{""1"": -1, ""9"": 1}",-0.23284413391781958,-0.23284413391781958,0.0,0,1,1,0.0,0.0,0.0,CL,CL,mL.min-1.g-1,mL.min-1.g-1,mL.min-1.kg-1,mL.min-1.kg-1,1,1,0,0,1,0,1,1,pending,Verify the parent/fluorinated identity and assay-table values in the cited source.
HLM,834895,63001,10.1016/j.bmcl.2012.06.087,Orally available pyridinylpyrimidine derivatives as novel RANKL-induced osteoclastogenesis inhibitors.,VNBRKGDHGYREED,MSRMXMWRFIIIMJ,COc1cnc(-c2ccccn2)nc1NCc1ccc(F)cc1F,COc1cnc(-c2ccccn2)nc1NCc1c(F)cc(F)cc1F,Ar-H_to_Ar-F,1,17,1,"{""1"": -1, ""9"": 1}",1.8976270912904414,1.724275869600789,-0.17335122168965245,1,1,1,0.0,0.0,0.0,CL,CL,mL.min-1.kg-1,mL.min-1.kg-1,,,1,1,0,0,1,0,1,1,pending,Verify the parent/fluorinated identity and assay-table values in the cited source.
HLM,943368,72632,10.1016/j.bmcl.2012.12.095,"Spirocyclic compounds, potent CCR1 antagonists.",VNNNTNKEXAIYHX,VJDQUMOMMQQPTR,COc1ccc(NC(C)=O)c(OC[C@@H](N)CN2CCC3(CC2)Cc2ccccc2O3)c1,COc1ccc(NC(C)=O)c(OC[C@@H](N)CN2CCC3(CC2)Cc2cc(F)ccc2O3)c1,Ar-H_to_Ar-F,1,25,1,"{""1"": -1, ""9"": 1}",1.3423437110098415,1.3087351100287612,-0.03360860098108032,1,1,1,0.0,0.0,0.0,CL,CL,mL.min-1.g-1,mL.min-1.g-1,mL.min-1.kg-1,mL.min-1.kg-1,1,1,0,0,1,0,1,1,pending,Verify the parent/fluorinated identity and assay-table values in the cited source.
HLM,1735190,107245,10.1021/acs.jmedchem.8b00295,"De Novo Design, Synthesis, and Biological Evaluation of 3,4-Disubstituted Pyrrolidine Sulfonamides as Potent and Selective Glycine Transporter 1 Competitive Inhibitors.",VNSGJPJUJSVBHV,QHYIYIVWHBQJLT,Cn1cnc(S(=O)(=O)N2CC(Nc3cccc(C(F)(F)F)c3)C(c3ccc(F)cc3)C2)c1,Cn1cnc(S(=O)(=O)N2CC(Nc3ccc(F)c(C(F)(F)F)c3)C(c3ccc(F)cc3)C2)c1,Ar-H_to_Ar-F,1,15,1,"{""1"": -1, ""9"": 1}",3.0445612304050753,3.140925795498442,0.09636456509336666,0,2,1,0.21341493358748087,0.0,0.21341493358748087,CL,CL,mL.min-1.kg-1,mL.min-1.kg-1,,,1,1,0,0,1,0,1,1,pending,Verify the parent/fluorinated identity and assay-table values in the cited source.
HLM,2025096,117644,10.1021/acs.jmedchem.0c01754,"Discovery of AZD4573, a Potent and Selective Inhibitor of CDK9 That Enables Short Duration of Target Engagement for the Treatment of Hematological Malignancies.",VNWYGUWLGRESFH,ZNUJHRYFOFHSMX,CC(=O)N[C@@H]1CCC[C@H](C(=O)Nc2cc(-c3cnn4c3CC(C)(C)CC4)ccn2)C1,CC(=O)N[C@@H]1CCC[C@H](C(=O)Nc2cc(-c3cnn4c3CC(C)(C)CC4)c(F)cn2)C1,Ar-H_to_Ar-F,1,26,1,"{""1"": -1, ""9"": 1}",1.5305838596451178,2.3186058640550558,0.788022004409938,0,1,1,0.0,0.0,0.0,CL,CL,mL.min-1.g-1,mL.min-1.g-1,mL.min-1.kg-1,mL.min-1.kg-1,1,1,0,0,1,0,1,1,pending,Verify the parent/fluorinated identity and assay-table values in the cited source.
HLM,2241797,124411,10.1016/j.ejmech.2021.114010,Novel 2-phenyl-3-(Pyridin-2-yl) thiazolidin-4-one derivatives as potent inhibitors for proliferation of osteosarcoma cells in vitro and in vivo.,VOCHUCMBJBLDOB,BEIDDOKJBZULIO,O=C(NCCCCn1cccn1)c1cccc(C2SCC(=O)N2c2ccccn2)c1,O=C(NCCCCn1cccn1)c1cccc(C2SCC(=O)N2c2cc(F)ccn2)c1,Ar-H_to_Ar-F,1,25,1,"{""1"": -1, ""9"": 1}",1.9825290188656024,2.134138842060031,0.15160982319442873,0,1,1,0.0,0.0,0.0,CL,CL,mL.min-1.g-1,mL.min-1.g-1,mL.min-1.kg-1,mL.min-1.kg-1,1,1,0,0,1,0,1,1,pending,Verify the parent/fluorinated identity and assay-table values in the cited source.
HLM,1779573,109096,10.1021/acs.jmedchem.8b00518,"Discovery of TRPM8 Antagonist ( S)-6-(((3-Fluoro-4-(trifluoromethoxy)phenyl)(3-fluoropyridin-2-yl)methyl)carbamoyl)nicotinic Acid (AMG 333), a Clinical Candidate for the Treatment of Migraine.",VQOWLYUIIHGMNV,XHEVUTZDXVDKGC,O=C(N[C@@H](c1ccc(C(F)(F)F)cc1)c1ncccc1C(F)(F)F)c1ccc2cccnc2c1,O=C(N[C@@H](c1ccc(C(F)(F)F)c(F)c1)c1ncccc1C(F)(F)F)c1ccc2cccnc2c1,Ar-H_to_Ar-F,1,12,1,"{""1"": -1, ""9"": 1}",1.670245853074124,1.7671558660821804,0.09691001300805646,0,1,1,0.0,0.0,0.0,CL,CL,mL.min-1.g-1,mL.min-1.g-1,mL.min-1.kg-1,mL.min-1.kg-1,1,1,0,0,1,0,1,1,pending,Verify the parent/fluorinated identity and assay-table values in the cited source.
HLM,687527,54098,10.1016/j.bmcl.2010.10.036,4-aryl piperazine and piperidine amides as novel mGluR5 positive allosteric modulators.,VQWLSJSLTOXKEB,OARMBUFDWXNMIR,O=C(COCc1ccncc1)N1CCN(c2ccc(Cl)cc2)CC1,O=C(COCc1ccncc1)N1CCN(c2ccc(Cl)cc2F)CC1,Ar-H_to_Ar-F,1,21,1,"{""1"": -1, ""9"": 1}",1.2986347831244356,1.6479694583629718,0.34933467523853623,0,1,1,0.0,0.0,0.0,CL,CL,mL.min-1.g-1,mL.min-1.g-1,mL.min-1.kg-1,mL.min-1.kg-1,1,1,0,0,1,0,1,1,pending,Verify the parent/fluorinated identity and assay-table values in the cited source.
HLM,1793528,109728,10.1021/acs.jmedchem.8b01222,Reducing the Lipophilicity of Perfluoroalkyl Groups by CF2-F/CF2-Me or CF3/CH3 Exchange.,VRLSELRYHHSXAL,IGKDWPYZOWAYQX,CCCCCOc1cccc(CCNCC(=O)N(C)C)c1,CN(C)C(=O)CNCCc1cccc(OCCCC(C)(F)F)c1,CH2_to_CF2,2,18,1,"{""1"": -2, ""9"": 2}",1.5305838596451178,0.9132839017604184,-0.6172999578846994,1,1,1,0.0,0.0,0.0,CL,CL,mL.min-1.g-1,mL.min-1.g-1,mL.min-1.kg-1,mL.min-1.kg-1,1,1,0,0,1,0,1,1,pending,Verify the parent/fluorinated identity and assay-table values in the cited source.
HLM,1879324,112508,10.1021/acs.jmedchem.9b01172,Systematic Investigation of Lipophilicity Modulation by Aliphatic Fluorination Motifs.,VRLSELRYHHSXAL,RPFGULHOFYSDAK,CCCCCOc1cccc(CCNCC(=O)N(C)C)c1,CN(C)C(=O)CNCCc1cccc(OCCCCC(F)(F)F)c1,CH3_to_CF3,3,19,1,"{""1"": -3, ""9"": 3}",1.5305838596451178,1.0681858617461617,-0.4623979978989561,1,1,1,0.0,0.0,0.0,CL,CL,mL.min-1.g-1,mL.min-1.g-1,mL.min-1.kg-1,mL.min-1.kg-1,1,1,0,0,1,0,1,1,pending,Verify the parent/fluorinated identity and assay-table values in the cited source.
HLM,2131999,121239,10.1016/j.bmc.2021.116437,Fragment-based lead discovery of indazole-based compounds as AXL kinase inhibitors.,VVCGSXVSUINDNZ,XLCOOMBWNODUGF,Cn1cc(-c2[nH]nc3cc(Cl)c(N[C@@H]4CCN(C5COC5)C4)cc23)cn1,FC(F)(F)n1cc(-c2[nH]nc3cc(Cl)c(N[C@@H]4CCN(C5COC5)C4)cc23)cn1,CH3_to_CF3,3,1,1,"{""1"": -3, ""9"": 3}",0.907034952483417,1.2557065825826248,0.34867163009920776,0,1,1,0.0,0.0,0.0,CL,CL,mL.min-1.g-1,mL.min-1.g-1,mL.min-1.kg-1,mL.min-1.kg-1,1,1,0,0,1,0,1,1,pending,Verify the parent/fluorinated identity and assay-table values in the cited source.
HLM,493251,45878,10.1021/jm8009537,"Characterization of thien-2-yl 1S,2R-milnacipran analogues as potent norepinephrine/serotonin transporter inhibitors for the treatment of neuropathic pain.",VXBRIAOTINONRK,MGQRODBGBVCRHA,C=CCN(CC)C(=O)[C@@]1(c2cccs2)C[C@H]1CN,C=C(F)CN(CC)C(=O)[C@@]1(c2cccs2)C[C@H]1CN,C-H_to_C-F,1,1,1,"{""1"": -1, ""9"": 1}",1.0413926851582251,0.414973347970818,-0.6264193371874072,1,1,1,0.0,0.0,0.0,CL,CL,mL.min-1.kg-1,mL.min-1.kg-1,,,1,1,0,0,1,0,1,1,pending,Verify the parent/fluorinated identity and assay-table values in the cited source.
HLM,799350,60758,10.1021/jm201019k,"Discovery of novel, potent, and selective inhibitors of 3-phosphoinositide-dependent kinase (PDK1).",WAJYOJVNNBMVIM,PLZWVXKEQYGKTJ,CC(=O)N1CC[C@@H](Nc2cncc(C(=O)c3cn(C(C)C)c4ncnc(N)c34)n2)[C@H]1c1ccccc1,CC(=O)N1CC[C@@H](Nc2cncc(C(=O)c3cn(C(C)C)c4ncnc(N)c34)n2)[C@H]1c1ccc(F)cc1,Ar-H_to_Ar-F,1,33,1,"{""1"": -1, ""9"": 1}",2.1095785469043866,2.1473671077937864,0.03778856088939975,0,1,1,0.0,0.0,0.0,CL,CL,mL.min-1.g-1,mL.min-1.g-1,mL.min-1.kg-1,mL.min-1.kg-1,1,1,0,0,1,0,1,1,pending,Verify the parent/fluorinated identity and assay-table values in the cited source.
HLM,751259,57778,10.1016/j.bmc.2011.03.035,Development and SAR of functionally selective allosteric modulators of GABAA receptors.,WFCALMPXVKUYLO,BGGCZORPGAXQJX,CCNC(=O)c1nnc2c(-c3cc(OC)ccc3OC)cccc2c1N,CCNC(=O)c1nnc2c(-c3cc(OC)ccc3OC)c(F)ccc2c1N,Ar-H_to_Ar-F,1,20,1,"{""1"": -1, ""9"": 1}",1.1473671077937864,0.670245853074124,-0.4771212547196624,1,1,1,0.0,0.0,0.0,CL,CL,mL.min-1.g-1,mL.min-1.g-1,mL.min-1.kg-1,mL.min-1.kg-1,1,1,0,0,1,0,1,1,pending,Verify the parent/fluorinated identity and assay-table values in the cited source.
HLM,467091,38671,10.1021/jm701487t,Benzodioxoles: novel cannabinoid-1 receptor inverse agonists for the treatment of obesity.,WFUDPWLCEJSWBC,XTESHPWNXCEONX,O=C(c1ccc2c(c1)OC(c1ccccc1)(c1ccccc1)O2)N1CCCCC1,O=C(c1cc2c(cc1F)OC(c1ccccc1)(c1ccccc1)O2)N1CCCCC1,Ar-H_to_Ar-F,1,7,1,"{""1"": -1, ""9"": 1}",1.7924617313469506,1.7671558660821804,-0.02530586526477019,1,1,1,0.0,0.0,0.0,CL,CL,mL.min-1.g-1,mL.min-1.g-1,mL.min-1.kg-1,mL.min-1.kg-1,1,1,0,0,1,0,1,1,pending,Verify the parent/fluorinated identity and assay-table values in the cited source.
HLM,457437,37773,10.1016/j.bmcl.2007.07.091,Rational design of conformationally restricted quinazolinone inhibitors of poly(ADP-ribose)polymerase.,WGBZFQJXRNSUNB,QQGFRGBWSWSPDS,O=c1[nH]c(C2=C[C@@H](N3CCC(c4ccccc4)CC3)CC2)nc2c(Cl)cccc12,O=c1[nH]c(C2=C[C@@H](N3CCC(c4ccc(F)cc4)CC3)CC2)nc2c(Cl)cccc12,Ar-H_to_Ar-F,1,14,1,"{""1"": -1, ""9"": 1}",1.3424226808222062,1.2304489213782739,-0.11197375944393229,1,1,1,0.0,0.0,0.0,CL,CL,mL.min-1.kg-1,mL.min-1.kg-1,,,1,1,0,0,1,0,1,1,pending,Verify the parent/fluorinated identity and assay-table values in the cited source.
HLM,776530,59360,10.1021/jm200884j,Inhalation by design: novel tertiary amine muscarinic M₃ receptor antagonists with slow off-rate binding kinetics for inhaled once-daily treatment of chronic obstructive pulmonary disease.,WGOJWDWKHJHXSV,FYLDYFDWQWVALO,CC(C)(CCC(C(N)=O)(c1ccccc1)c1ccccc1)N1CC(Oc2cccc(O)c2)C1,CC(C)(CCC(C(N)=O)(c1ccccc1)c1ccccc1)N1CC(Oc2cc(O)ccc2F)C1,Ar-H_to_Ar-F,1,31,1,"{""1"": -1, ""9"": 1}",2.4125781354312723,2.2830297097938597,-0.12954842563741265,1,1,1,0.0,0.0,0.0,CL,CL,mL.min-1.g-1,mL.min-1.g-1,mL.min-1.kg-1,mL.min-1.kg-1,1,1,0,0,1,0,1,1,pending,Verify the parent/fluorinated identity and assay-table values in the cited source.
HLM,776530,59360,10.1021/jm200884j,Inhalation by design: novel tertiary amine muscarinic M₃ receptor antagonists with slow off-rate binding kinetics for inhaled once-daily treatment of chronic obstructive pulmonary disease.,WGOJWDWKHJHXSV,QEFYNFCZEAWDPT,CC(C)(CCC(C(N)=O)(c1ccccc1)c1ccccc1)N1CC(Oc2cccc(O)c2)C1,CC(C)(CCC(C(N)=O)(c1ccccc1)c1ccccc1)N1CC(Oc2cc(O)cc(F)c2)C1,Ar-H_to_Ar-F,1,30,1,"{""1"": -1, ""9"": 1}",2.4125781354312723,2.6734909078872713,0.260912772455999,0,1,1,0.0,0.0,0.0,CL,CL,mL.min-1.g-1,mL.min-1.g-1,mL.min-1.kg-1,mL.min-1.kg-1,1,1,0,0,1,0,1,1,pending,Verify the parent/fluorinated identity and assay-table values in the cited source.
HLM,776530,59360,10.1021/jm200884j,Inhalation by design: novel tertiary amine muscarinic M₃ receptor antagonists with slow off-rate binding kinetics for inhaled once-daily treatment of chronic obstructive pulmonary disease.,WGOJWDWKHJHXSV,TYQDNAMKCKQGHS,CC(C)(CCC(C(N)=O)(c1ccccc1)c1ccccc1)N1CC(Oc2cccc(O)c2)C1,CC(C)(CCC(C(N)=O)(c1ccccc1)c1ccccc1)N1CC(Oc2cccc(O)c2F)C1,Ar-H_to_Ar-F,1,31,1,"{""1"": -1, ""9"": 1}",2.4125781354312723,1.784189205380961,-0.6283889300503114,1,1,1,0.0,0.0,0.0,CL,CL,mL.min-1.g-1,mL.min-1.g-1,mL.min-1.kg-1,mL.min-1.kg-1,1,1,0,0,1,0,1,1,pending,Verify the parent/fluorinated identity and assay-table values in the cited source.
HLM,624025,50787,10.1021/jm9017866,Discovery of a selective small-molecule melanocortin-4 receptor agonist with efficacy in a pilot study of sexual dysfunction in humans.,WHPJOAUPIZDJNX,CQIHYFQHPBTXLQ,C[C@@H]1CN(C(=O)[C@@H]2CN(C(C)(C)C)C[C@H]2c2ccc(F)cc2F)C[C@H](C)[C@@]1(O)c1ccccc1,C[C@@H]1CN(C(=O)[C@@H]2CN(C(C)(C)C)C[C@H]2c2ccc(F)cc2F)C[C@H](C)[C@@]1(O)c1ccc(F)cc1,Ar-H_to_Ar-F,1,31,1,"{""1"": -1, ""9"": 1}",1.7213983755215052,1.515343893088381,-0.2060544824331243,1,1,1,0.0,0.0,0.0,CL,CL,mL.min-1.g-1,mL.min-1.g-1,mL.min-1.kg-1,mL.min-1.kg-1,1,1,0,0,1,0,1,1,pending,Verify the parent/fluorinated identity and assay-table values in the cited source.
HLM,624025,50787,10.1021/jm9017866,Discovery of a selective small-molecule melanocortin-4 receptor agonist with efficacy in a pilot study of sexual dysfunction in humans.,WHPJOAUPIZDJNX,LMQNBSXCIOOYRS,C[C@@H]1CN(C(=O)[C@@H]2CN(C(C)(C)C)C[C@H]2c2ccc(F)cc2F)C[C@H](C)[C@@]1(O)c1ccccc1,C[C@@H]1CN(C(=O)[C@@H]2CN(C(C)(C)C)C[C@H]2c2ccc(F)cc2F)C[C@H](C)[C@@]1(O)c1cccc(F)c1,Ar-H_to_Ar-F,1,32,1,"{""1"": -1, ""9"": 1}",1.7213983755215052,1.784189205380961,0.06279082985945572,0,1,1,0.0,0.0,0.0,CL,CL,mL.min-1.g-1,mL.min-1.g-1,mL.min-1.kg-1,mL.min-1.kg-1,1,1,0,0,1,0,1,1,pending,Verify the parent/fluorinated identity and assay-table values in the cited source.
HLM,633678,51291,10.1021/jm9018788,Oxetanes in drug discovery: structural and synthetic insights.,WIIJZYFTOOLEKW,HZXJAKKZJGQNQH,CN(C)CCCCc1ccc(C2COC2)cc1,CN(C)CCCCc1ccc(C2(F)COC2)cc1,C-H_to_C-F,1,11,1,"{""1"": -1, ""9"": 1}",3.369215857410143,3.846337112129805,0.47712125471966216,0,1,1,0.0,0.0,0.0,CL,CL,mL.min-1.g-1,mL.min-1.g-1,mL.min-1.kg-1,mL.min-1.kg-1,1,1,0,0,1,0,1,1,pending,Verify the parent/fluorinated identity and assay-table values in the cited source.
HLM,589393,48547,10.1016/j.bmcl.2009.10.014,Discovery and pharmacological characterization of aryl piperazine and piperidine ethers as dual acting norepinephrine reuptake inhibitors and 5-HT1A partial agonists.,WLJMFBUPVRQPDQ,IMXJQWVQVSZOKO,Fc1cccc(Oc2ccccc2C2CCNCC2)c1,Fc1cccc(Oc2cccc(F)c2C2CCNCC2)c1,Ar-H_to_Ar-F,1,11,1,"{""1"": -1, ""9"": 1}",1.3234583668494677,1.0681858617461617,-0.255272505103306,1,1,1,0.0,0.0,0.0,CL,CL,mL.min-1.g-1,mL.min-1.g-1,mL.min-1.kg-1,mL.min-1.kg-1,1,1,0,0,1,0,1,1,pending,Verify the parent/fluorinated identity and assay-table values in the cited source.
HLM,2149700,121631,10.1021/acs.jmedchem.1c00563,Fragment-Based Optimization of Dihydropyrazino-Benzimidazolones as Metabotropic Glutamate Receptor-2 Positive Allosteric Modulators against Migraine.,WRDWCKQZSANVOS,VZJZANASSVMWGG,O=C1c2nc3cccc(Br)c3n2CCN1Cc1ccccc1,O=C1c2nc3cccc(Br)c3n2CCN1Cc1ccccc1F,Ar-H_to_Ar-F,1,21,1,"{""1"": -1, ""9"": 1}",-0.5516028965422324,-0.4546928835341759,0.09691001300805646,0,1,1,0.0,0.0,0.0,CL,CL,mL.min-1.g-1,mL.min-1.g-1,mL.min-1.kg-1,mL.min-1.kg-1,1,1,0,0,1,0,1,1,pending,Verify the parent/fluorinated identity and assay-table values in the cited source.
HLM,1888884,112814,10.1016/j.bmcl.2019.07.013,Discovery of a C-8 hydroxychromene as a potent degrader of estrogen receptor alpha with improved rat oral exposure over GDC-0927.,WRUDSRGEWFOPJJ,FUNWUTHVASBCMZ,CC1=C(c2ccc(F)cc2)[C@H](c2ccc(OCCN3CC(CF)C3)cc2)Oc2ccc(O)cc21,CC1=C(c2ccc(F)cc2)[C@H](c2ccc(OCCN3CC(CF)C3)cc2)Oc2cc(F)c(O)cc21,Ar-H_to_Ar-F,1,29,1,"{""1"": -1, ""9"": 1}",1.0,0.9030899869919435,-0.09691001300805646,1,1,1,0.0,0.0,0.0,CL,CL,mL.min-1.kg-1,mL.min-1.kg-1,,,1,1,0,0,1,0,1,1,pending,Verify the parent/fluorinated identity and assay-table values in the cited source.
HLM,1888884,112814,10.1016/j.bmcl.2019.07.013,Discovery of a C-8 hydroxychromene as a potent degrader of estrogen receptor alpha with improved rat oral exposure over GDC-0927.,WRUDSRGEWFOPJJ,QCDDZDYMAPYLQQ,CC1=C(c2ccc(F)cc2)[C@H](c2ccc(OCCN3CC(CF)C3)cc2)Oc2ccc(O)cc21,CC1=C(c2ccc(F)cc2)[C@H](c2ccc(OCCN3CC(CF)C3)cc2)Oc2ccc(O)c(F)c21,Ar-H_to_Ar-F,1,32,1,"{""1"": -1, ""9"": 1}",1.0,0.6020599913279624,-0.3979400086720376,1,1,1,0.0,0.0,0.0,CL,CL,mL.min-1.kg-1,mL.min-1.kg-1,,,1,1,0,0,1,0,1,1,pending,Verify the parent/fluorinated identity and assay-table values in the cited source.
HLM,2104609,120208,10.1016/j.bmcl.2021.128133,Identification of aryl sulfonamides as novel and potent inhibitors of Na<sub>V</sub>1.5.,WSTNZILNGXCYBM,AUEWXTDRFSZXFQ,O=S(=O)(Nc1cccc(F)n1)c1cc(F)c(O[C@H]2CCN(CC(F)(F)F)C[C@@H]2c2ccccc2)cc1F,O=S(=O)(Nc1cccc(F)n1)c1cc(F)c(O[C@H]2CCN(CC(F)(F)F)C[C@@H]2c2ccc(F)cc2)cc1F,Ar-H_to_Ar-F,1,31,1,"{""1"": -1, ""9"": 1}",1.2041199826559248,1.0413926851582251,-0.16272729749769965,1,1,1,0.0,0.0,0.0,CL,CL,mL.min-1.kg-1,mL.min-1.kg-1,,,1,1,0,0,1,0,1,1,pending,Verify the parent/fluorinated identity and assay-table values in the cited source.
HLM,2104609,120208,10.1016/j.bmcl.2021.128133,Identification of aryl sulfonamides as novel and potent inhibitors of Na<sub>V</sub>1.5.,WSTNZILNGXCYBM,OEDUWACNIWKZMU,O=S(=O)(Nc1cccc(F)n1)c1cc(F)c(O[C@H]2CCN(CC(F)(F)F)C[C@@H]2c2ccccc2)cc1F,O=S(=O)(Nc1cccc(F)n1)c1cc(F)c(O[C@H]2CCN(CC(F)(F)F)C[C@@H]2c2ccccc2F)cc1F,Ar-H_to_Ar-F,1,33,1,"{""1"": -1, ""9"": 1}",1.2041199826559248,1.2304489213782739,0.026328938722349093,0,1,1,0.0,0.0,0.0,CL,CL,mL.min-1.kg-1,mL.min-1.kg-1,,,1,1,0,0,1,0,1,1,pending,Verify the parent/fluorinated identity and assay-table values in the cited source.
HLM,2104609,120208,10.1016/j.bmcl.2021.128133,Identification of aryl sulfonamides as novel and potent inhibitors of Na<sub>V</sub>1.5.,WSTNZILNGXCYBM,STLXKHSOJIDINK,O=S(=O)(Nc1cccc(F)n1)c1cc(F)c(O[C@H]2CCN(CC(F)(F)F)C[C@@H]2c2ccccc2)cc1F,O=S(=O)(Nc1cccc(F)n1)c1cc(F)c(O[C@H]2CCN(CC(F)(F)F)C[C@@H]2c2cccc(F)c2)cc1F,Ar-H_to_Ar-F,1,32,1,"{""1"": -1, ""9"": 1}",1.2041199826559248,1.1139433523068367,-0.09017663034908807,1,1,1,0.0,0.0,0.0,CL,CL,mL.min-1.kg-1,mL.min-1.kg-1,,,1,1,0,0,1,0,1,1,pending,Verify the parent/fluorinated identity and assay-table values in the cited source.
HLM,863880,65939,10.1021/jm3005866,"The discovery and optimization of a novel class of potent, selective, and orally bioavailable anaplastic lymphoma kinase (ALK) inhibitors with potential utility for the treatment of cancer.",WSTUJEXAPHIEIM,KHQPQLNHFIMZNR,CC(C)NC(=O)[C@H]1CC[C@@H](n2c(NC(=O)c3ccc(F)cc3)nc3ccc(CN4CCC(C(C)(C)O)CC4)cc32)CC1,CC(C)NC(=O)[C@H]1CC[C@@H](n2c(NC(=O)c3ccc(F)c(F)c3)nc3ccc(CN4CCC(C(C)(C)O)CC4)cc32)CC1,Ar-H_to_Ar-F,1,20,1,"{""1"": -1, ""9"": 1}",1.775756037844098,1.8463371121298053,0.07058107428570737,0,1,1,0.0,0.0,0.0,CL,CL,mL.min-1.g-1,mL.min-1.g-1,mL.min-1.kg-1,mL.min-1.kg-1,1,1,0,0,1,0,1,1,pending,Verify the parent/fluorinated identity and assay-table values in the cited source.
HLM,474876,39211,10.1021/jm701097z,"Naphthamides as novel and potent vascular endothelial growth factor receptor tyrosine kinase inhibitors: design, synthesis, and evaluation.",WUBFAXNVDMCVIO,ZNNAAXZOLAOTRD,COc1cc2nccc(Oc3ccc4c(C(=O)Nc5ccc(Cl)cc5)cccc4c3)c2cc1OC,COc1cc2nccc(Oc3ccc4c(C(=O)Nc5ccc(Cl)cc5)cccc4c3F)c2cc1OC,Ar-H_to_Ar-F,1,29,1,"{""1"": -1, ""9"": 1}",1.545307116465824,1.545307116465824,0.0,0,1,1,0.0,0.0,0.0,CL,CL,mL.min-1.g-1,mL.min-1.g-1,mL.min-1.kg-1,mL.min-1.kg-1,1,1,0,0,1,0,1,1,pending,Verify the parent/fluorinated identity and assay-table values in the cited source.
HLM,2253202,124668,10.1021/acsmedchemlett.2c00100,Synthesis and Biological Characterization of a Series of 2-Sulfonamidebenzamides as Allosteric Modulators of MrgX1.,WWLCEZNJQMMNAB,WONPTCVKEVYYAG,CCOc1ccccc1NC(=O)c1cc(F)ccc1NS(=O)(=O)CC,CCOc1ccc(F)cc1NC(=O)c1cc(F)ccc1NS(=O)(=O)CC,Ar-H_to_Ar-F,1,6,1,"{""1"": -1, ""9"": 1}",1.5563025007672873,1.8394780473741983,0.283175546606911,0,1,1,0.0,0.0,0.0,CL,CL,mL.min-1.kg-1,mL.min-1.kg-1,,,1,1,0,0,1,0,1,1,pending,Verify the parent/fluorinated identity and assay-table values in the cited source.
HLM,863880,65939,10.1021/jm3005866,"The discovery and optimization of a novel class of potent, selective, and orally bioavailable anaplastic lymphoma kinase (ALK) inhibitors with potential utility for the treatment of cancer.",WWRKLZVAEXLOPU,BBWSAFVLKPDZKZ,CC(C)NC(=O)[C@H]1CC[C@@H](n2c(NC(=O)c3ccccc3)nc3ccc(CN4CCCCC4)cc32)CC1,CC(C)NC(=O)[C@H]1CC[C@@H](n2c(NC(=O)c3ccc(F)cc3)nc3ccc(CN4CCCCC4)cc32)CC1,Ar-H_to_Ar-F,1,18,1,"{""1"": -1, ""9"": 1}",2.3756818996593747,2.548192804703312,0.1725109050439375,0,1,1,0.0,0.0,0.0,CL,CL,mL.min-1.g-1,mL.min-1.g-1,mL.min-1.kg-1,mL.min-1.kg-1,1,1,0,0,1,0,1,1,pending,Verify the parent/fluorinated identity and assay-table values in the cited source.
HLM,812134,61472,10.1016/j.bmcl.2012.01.015,"Discovery and hit-to-lead optimization of pyrrolopyrimidines as potent, state-dependent Na(v)1.7 antagonists.",WXZNLCQMGILZDR,VNNYSEDDLCBJFP,Clc1cccc(Cn2ccc3c(OC4CCN(Cc5cscn5)CC4)ncnc32)c1,Fc1c(Cl)cccc1Cn1ccc2c(OC3CCN(Cc4cscn4)CC3)ncnc21,Ar-H_to_Ar-F,1,1,1,"{""1"": -1, ""9"": 1}",2.5510594453549156,2.5106656308106103,-0.04039381454430524,1,1,1,0.0,0.0,0.0,CL,CL,mL.min-1.g-1,mL.min-1.g-1,mL.min-1.kg-1,mL.min-1.kg-1,1,1,0,0,1,0,1,1,pending,Verify the parent/fluorinated identity and assay-table values in the cited source.
HLM,746675,57563,10.1016/j.bmcl.2011.02.096,The discovery of novel 8-azabicyclo[3.2.1]octan-3-yl)-3-(4-chlorophenyl) propanamides as vasopressin V1A receptor antagonists.,WYLPBGBKQSYZQQ,NCALBOPMMTWYGT,CN1[C@@H]2CC[C@H]1C[C@@H](NC(=O)[C@@H](Cc1ccc(Cl)cc1)NC(=O)Cc1ccccc1)C2,CN1[C@@H]2CC[C@H]1C[C@@H](NC(=O)[C@@H](Cc1ccc(Cl)cc1)NC(=O)Cc1ccc(F)cc1)C2,Ar-H_to_Ar-F,1,27,1,"{""1"": -1, ""9"": 1}",1.4647316618344517,1.545307116465824,0.08057545463137239,0,2,1,0.06963592814139452,0.0,0.06963592814139452,CL,CL,mL.min-1.g-1,mL.min-1.g-1,mL.min-1.kg-1,mL.min-1.kg-1,1,1,0,0,1,0,1,1,pending,Verify the parent/fluorinated identity and assay-table values in the cited source.
HLM,873518,66599,10.1021/jm300864p,"Design, synthesis, and structure-activity relationships of novel pyrazolo[5,1-b]thiazole derivatives as potent and orally active corticotropin-releasing factor 1 receptor antagonists.",WZXRULRBAGDYBG,PCEGARMVPFXTSY,COCc1cc(OC)c(-c2csc3c(N(CC4CCOCC4)CC4CC4)c(OC)nn23)c(OC)c1,COCc1cc(OC)c(-c2csc3c(N(CC4CC4)CC4(F)CCOCC4)c(OC)nn23)c(OC)c1,C-H_to_C-F,1,20,1,"{""1"": -1, ""9"": 1}",2.7309436934277356,2.8085485512404054,0.07760485781266979,0,1,1,0.0,0.0,0.0,CL,CL,mL.min-1.g-1,mL.min-1.g-1,mL.min-1.kg-1,mL.min-1.kg-1,1,1,0,0,1,0,1,1,pending,Verify the parent/fluorinated identity and assay-table values in the cited source.
HLM,2220471,123689,10.1016/j.bmcl.2022.128549,Optimization of a novel piperazinone series as potent selective peripheral covalent BTK inhibitors.,XBXOJERMQKUIMM,WWSVCNGGOLKRCD,C=CC(=O)N(C)CCOc1cncnc1-c1ccc(CN2CCN(CC(C)(C)C)CC2=O)cc1,C=CC(=O)N(C)CCOc1cncnc1-c1ccc(CN2CCN(CC(C)(C)C)CC2=O)c(F)c1,Ar-H_to_Ar-F,1,32,1,"{""1"": -1, ""9"": 1}",2.4313637641589874,2.9079485216122722,0.4765847574532849,0,1,1,0.0,0.0,0.0,CL,CL,mL.min-1.kg-1,mL.min-1.kg-1,,,1,1,0,0,1,0,1,1,pending,Verify the parent/fluorinated identity and assay-table values in the cited source.
HLM,2145313,121460,10.1021/acs.jmedchem.1c00715,"Design, Synthesis, and Biological Evaluation of Stable Colchicine-Binding Site Tubulin Inhibitors 6-Aryl-2-benzoyl-pyridines as Potential Anticancer Agents.",XCVGLTJOZNDLTA,SIOLHJWDONLOHE,COc1cc(C(=O)c2nc(-c3ccc(C)cc3)ccc2F)cc(OC)c1OC,COc1cc(C(=O)c2nc(-c3ccc(C(F)F)cc3)ccc2F)cc(OC)c1OC,CH2_to_CF2,2,14,1,"{""1"": -2, ""9"": 2}",2.1251558295805304,1.5809249756756194,-0.544230853904911,1,1,1,0.0,0.0,0.0,CL,CL,mL.min-1.kg-1,mL.min-1.kg-1,,,1,1,0,0,1,0,1,1,pending,Verify the parent/fluorinated identity and assay-table values in the cited source.
HLM,2149700,121631,10.1021/acs.jmedchem.1c00563,Fragment-Based Optimization of Dihydropyrazino-Benzimidazolones as Metabotropic Glutamate Receptor-2 Positive Allosteric Modulators against Migraine.,XDHFLWIPDVGDHE,SJSMRNAIDNGNBW,O=C1c2nc3cccc(Br)c3n2CCN1Cc1ccc(Br)cc1,O=C1c2nc3cccc(Br)c3n2CCN1Cc1ccc(Br)cc1F,Ar-H_to_Ar-F,1,22,1,"{""1"": -1, ""9"": 1}",-0.22424396215590206,-0.11227020271196969,0.11197375944393237,0,1,1,0.0,0.0,0.0,CL,CL,mL.min-1.g-1,mL.min-1.g-1,mL.min-1.kg-1,mL.min-1.kg-1,1,1,0,0,1,0,1,1,pending,Verify the parent/fluorinated identity and assay-table values in the cited source.
HLM,2014654,117215,10.1021/acsmedchemlett.9b00317,Design of Potent and Selective Covalent Inhibitors of Bruton's Tyrosine Kinase Targeting an Inactive Conformation.,XGHAARKZVZJLCP,HFLVDTFDRYUIFX,C=CC(=O)N(C)Cc1c[nH]c2ncnc(-c3cccc(NC(=O)c4ccc(C5CC5)cc4)c3C)c12,C=CC(=O)N(C)Cc1c[nH]c2ncnc(-c3cc(F)cc(NC(=O)c4ccc(C5CC5)cc4)c3C)c12,Ar-H_to_Ar-F,1,17,1,"{""1"": -1, ""9"": 1}",-0.5985994592184559,-0.5114492834995558,0.08715017571890016,0,1,1,0.0,0.0,0.0,CL,CL,mL.min-1.kg-1,mL.min-1.kg-1,,,1,1,0,0,1,0,1,1,pending,Verify the parent/fluorinated identity and assay-table values in the cited source.
HLM,2083423,119643,10.1016/j.bmcl.2021.127904,Free energy perturbation in the design of EED ligands as inhibitors of polycomb repressive complex 2 (PRC2) methyltransferase.,XLIBABIFOBYHSV,VVEHRCFXXIOULZ,Cc1ncccc1-c1cnc(NCc2c(F)ccc3c2CCO3)n2cnnc12,Cc1ncccc1-c1cnc(NCc2c(F)cc(F)c3c2CCO3)n2cnnc12,Ar-H_to_Ar-F,1,17,1,"{""1"": -1, ""9"": 1}",1.2442771208018428,1.0224283711854865,-0.22184874961635637,1,1,1,0.0,0.0,0.0,CL,CL,mL.min-1.g-1,mL.min-1.g-1,mL.min-1.kg-1,mL.min-1.kg-1,1,1,0,0,1,0,1,1,pending,Verify the parent/fluorinated identity and assay-table values in the cited source.
HLM,2133629,121318,10.1021/acs.jmedchem.1c00679,"Discovery of IACS-9779 and IACS-70465 as Potent Inhibitors Targeting Indoleamine 2,3-Dioxygenase 1 (IDO1) Apoenzyme.",XNUPGPWBJNYPSC,AISFDGSJTOZJQL,CCC(NC(=O)c1ccc(Cl)cc1)[C@H]1[C@@H]2C[C@@H](n3cnc4cccc(F)c43)C[C@@H]21,CCC(NC(=O)c1ccc(Cl)cc1)[C@H]1[C@@H]2C[C@@H](n3cnc4cc(F)cc(F)c43)C[C@@H]21,Ar-H_to_Ar-F,1,22,1,"{""1"": -1, ""9"": 1}",1.212187604403958,0.7403626894942439,-0.471824914909714,1,1,1,0.0,0.0,0.0,CL,CL,mL.min-1.kg-1,mL.min-1.kg-1,,,1,1,0,0,1,0,1,1,pending,Verify the parent/fluorinated identity and assay-table values in the cited source.
HLM,2133629,121318,10.1021/acs.jmedchem.1c00679,"Discovery of IACS-9779 and IACS-70465 as Potent Inhibitors Targeting Indoleamine 2,3-Dioxygenase 1 (IDO1) Apoenzyme.",XNUPGPWBJNYPSC,BGZOPOSMXOHSIV,CCC(NC(=O)c1ccc(Cl)cc1)[C@H]1[C@@H]2C[C@@H](n3cnc4cccc(F)c43)C[C@@H]21,CCC(NC(=O)c1ccc(Cl)cc1)[C@H]1[C@@H]2C[C@@H](n3cnc4ccc(F)c(F)c43)C[C@@H]21,Ar-H_to_Ar-F,1,23,1,"{""1"": -1, ""9"": 1}",1.212187604403958,1.255272505103306,0.043084900699348117,0,1,1,0.0,0.0,0.0,CL,CL,mL.min-1.kg-1,mL.min-1.kg-1,,,1,1,0,0,1,0,1,1,pending,Verify the parent/fluorinated identity and assay-table values in the cited source.
HLM,1901973,113314,10.1021/acs.jmedchem.9b01720,Structure-Based Design and Pharmacokinetic Optimization of Covalent Allosteric Inhibitors of the Mutant GTPase KRASG12C.,XQFCVVDSLRDCHM,NZIBTXKFKUORFB,C=CC(=O)N1CCN2c3c(cnc4cc(-c5c(O)cccc5F)c(Cl)cc34)N(C)C(=O)[C@H]2C1,C=CC(=O)N1CCN2c3c(cnc4c(F)c(-c5c(O)cccc5F)c(Cl)cc34)N(C)C(=O)[C@H]2C1,Ar-H_to_Ar-F,1,13,1,"{""1"": -1, ""9"": 1}",1.4483971034577676,1.390405156480081,-0.057991946977686615,1,1,1,0.0,0.0,0.0,CL,CL,mL.min-1.g-1,mL.min-1.g-1,mL.min-1.kg-1,mL.min-1.kg-1,1,1,0,0,1,0,1,1,pending,Verify the parent/fluorinated identity and assay-table values in the cited source.
HLM,1850885,111696,10.1021/acs.jmedchem.9b00322,"Design and Identification of a Novel, Functionally Subtype Selective GABA<sub>A</sub> Positive Allosteric Modulator (PF-06372865).",XTPJUXFTENKVKC,XCXBURJIIGROEA,CCn1cnc2c(-c3ccc(F)c(-c4cccc(C(=O)NC)c4)c3)cnnc21,CCn1cnc2c(-c3ccc(F)c(-c4cc(C(=O)NC)ccc4F)c3)cnnc21,Ar-H_to_Ar-F,1,22,1,"{""1"": -1, ""9"": 1}",1.670245853074124,1.5996647787884168,-0.07058107428570715,1,1,1,0.0,0.0,0.0,CL,CL,mL.min-1.g-1,mL.min-1.g-1,mL.min-1.kg-1,mL.min-1.kg-1,1,1,0,0,1,0,1,1,pending,Verify the parent/fluorinated identity and assay-table values in the cited source.
HLM,1825665,110861,10.1021/acs.jmedchem.9b01721,"Discovery of Highly Potent, Selective, and Orally Efficacious p300/CBP Histone Acetyltransferases Inhibitors.",XULAAAMSGNSTKH,QULMQLITKMCMAK,CNC(=O)Nc1ccc2c(c1)CC[C@@]21OC(=O)N(CC(=O)N2Cc3ccccc3CC[C@H]2C2CC2)C1=O,CNC(=O)Nc1ccc2c(c1)CC[C@@]21OC(=O)N(CC(=O)N2Cc3ccc(F)cc3CC[C@H]2C2CC2)C1=O,Ar-H_to_Ar-F,1,26,1,"{""1"": -1, ""9"": 1}",2.321038892726055,2.117403884416343,-0.20363500830971182,1,1,1,0.0,0.0,0.0,CL,CL,mL.min-1.g-1,mL.min-1.g-1,mL.min-1.kg-1,mL.min-1.kg-1,1,1,0,0,1,0,1,1,pending,Verify the parent/fluorinated identity and assay-table values in the cited source.
HLM,2118298,120738,10.1021/acs.jmedchem.1c00847,GDC-9545 (Giredestrant): A Potent and Orally Bioavailable Selective Estrogen Receptor Antagonist and Degrader with an Exceptional Preclinical Profile for ER+ Breast Cancer.,XVPFWZJURVBDQK,KRMPODQFMDXWMT,C[C@@H]1Cc2c([nH]c3ccccc23)[C@@H](c2ccc(NC3CN(CCCF)C3)cc2)N1CC(F)(F)CO,C[C@@H]1Cc2c([nH]c3ccccc23)[C@@H](c2ccc(NC3CN(CCCF)C3)cc2F)N1CC(F)(F)CO,Ar-H_to_Ar-F,1,27,1,"{""1"": -1, ""9"": 1}",1.0,1.0,0.0,0,1,1,0.0,0.0,0.0,CL,CL,mL.min-1.kg-1,mL.min-1.kg-1,,,1,1,0,0,1,0,1,1,pending,Verify the parent/fluorinated identity and assay-table values in the cited source.
HLM,637914,51593,10.1016/j.bmc.2010.04.077,"A statistical analysis of in vitro human microsomal metabolic stability of small phenyl group substituents, leading to improved design sets for parallel SAR exploration of a chemical series.",XYBPWKCJZZREAZ,PAVCWKDOSVFPAN,CCN(C(=O)NCc1ccccc1F)C1CCN(CCC(c2ccccc2)c2ccccc2)CC1,CCN(C(=O)NCc1c(F)cccc1F)C1CCN(CCC(c2ccccc2)c2ccccc2)CC1,Ar-H_to_Ar-F,1,8,1,"{""1"": -1, ""9"": 1}",1.9374175814771377,0.8463371121298052,-1.0910804693473324,1,1,1,0.0,0.0,0.0,CL,CL,mL.min-1.g-1,mL.min-1.g-1,mL.min-1.kg-1,mL.min-1.kg-1,1,1,0,0,1,0,1,1,pending,Verify the parent/fluorinated identity and assay-table values in the cited source.
HLM,2223242,123808,10.1021/acs.jmedchem.2c00604,Discovery of Potent and Selective Receptor-Interacting Serine/Threonine Protein Kinase 2 (RIPK2) Inhibitors for the Treatment of Inflammatory Bowel Diseases (IBDs).,XZVPWOWNCVJYDQ,IYNIFBCOXLALLK,Nc1ncnc2c1c(-c1ccccc1)cn2[C@H]1CC[C@@H](N)CC1,Nc1ncnc2c1c(-c1cccc(F)c1)cn2[C@H]1CC[C@@H](N)CC1,Ar-H_to_Ar-F,1,12,1,"{""1"": -1, ""9"": 1}",1.0413137153458603,1.1821292140529984,0.14081549870713816,0,1,1,0.0,0.0,0.0,CL,CL,mL.min-1.g-1,mL.min-1.g-1,mL.min-1.kg-1,mL.min-1.kg-1,1,1,0,0,1,0,1,1,pending,Verify the parent/fluorinated identity and assay-table values in the cited source.
HLM,803092,61153,10.1016/j.bmcl.2011.12.117,"Balancing hERG affinity and absorption in the discovery of AZD5672, an orally active CCR5 antagonist for the treatment of rheumatoid arthritis.",YBLZDNSYXSHJJF,QOSMEMHKXNNIGG,CCN(C(=O)Cc1ccc(S(C)(=O)=O)cc1)C1CCN(CC[C@@H](c2cccc(F)c2)C2CCN(S(C)(=O)=O)CC2)CC1,CCN(C(=O)Cc1ccc(S(C)(=O)=O)cc1)C1CCN(CC[C@@H](c2cc(F)cc(F)c2)C2CCN(S(C)(=O)=O)CC2)CC1,Ar-H_to_Ar-F,1,25,1,"{""1"": -1, ""9"": 1}",1.3234583668494677,1.3234583668494677,0.0,0,1,1,0.0,0.0,0.0,CL,CL,mL.min-1.g-1,mL.min-1.g-1,mL.min-1.kg-1,mL.min-1.kg-1,1,1,0,0,1,0,1,1,pending,Verify the parent/fluorinated identity and assay-table values in the cited source.
HLM,863880,65939,10.1021/jm3005866,"The discovery and optimization of a novel class of potent, selective, and orally bioavailable anaplastic lymphoma kinase (ALK) inhibitors with potential utility for the treatment of cancer.",YDKZPTLNEHGSKK,PDTMWDAAOXMRKJ,CC(C)NC(=O)[C@H]1CC[C@@H](n2c(NC(=O)c3cccc(C#N)c3)nc3ccc(CN4CCC(C(C)(C)O)CC4)cc32)CC1,CC(C)NC(=O)[C@H]1CC[C@@H](n2c(NC(=O)c3cc(F)cc(C#N)c3)nc3ccc(CN4CCC(C(C)(C)O)CC4)cc32)CC1,Ar-H_to_Ar-F,1,17,1,"{""1"": -1, ""9"": 1}",1.92551835817743,2.0224283711854865,0.09691001300805646,0,1,1,0.0,0.0,0.0,CL,CL,mL.min-1.g-1,mL.min-1.g-1,mL.min-1.kg-1,mL.min-1.kg-1,1,1,0,0,1,0,1,1,pending,Verify the parent/fluorinated identity and assay-table values in the cited source.
HLM,812134,61472,10.1016/j.bmcl.2012.01.015,"Discovery and hit-to-lead optimization of pyrrolopyrimidines as potent, state-dependent Na(v)1.7 antagonists.",YFYKNWMQDGMNCV,NGNSDMCZYBVHJY,Fc1cccc(Cn2ccc3c(OC4CCN(Cc5cscn5)CC4)ncnc32)c1,Fc1cccc(Cn2ccc3c(OC4CCN(Cc5cscn5)CC4)ncnc32)c1F,Ar-H_to_Ar-F,1,29,1,"{""1"": -1, ""9"": 1}",2.0175758683910745,2.3626520879077546,0.3450762195166801,0,1,1,0.0,0.0,0.0,CL,CL,mL.min-1.g-1,mL.min-1.g-1,mL.min-1.kg-1,mL.min-1.kg-1,1,1,0,0,1,0,1,1,pending,Verify the parent/fluorinated identity and assay-table values in the cited source.
HLM,1845911,111567,10.1021/acs.jmedchem.0c00628,"Discovery of <i>N</i>-Ethyl-4-[2-(4-fluoro-2,6-dimethyl-phenoxy)-5-(1-hydroxy-1-methyl-ethyl)phenyl]-6-methyl-7-oxo-1<i>H</i>-pyrrolo[2,3-<i>c</i>]pyridine-2-carboxamide (ABBV-744), a BET Bromodomain Inhibitor with Selectivity for the Second Bromodomain.",YHGHNENRTHFHIW,CMCPHDRIQLBEGG,CCNC(=O)c1cc2c(-c3cc(S(=O)(=O)CC)ccc3Oc3ccccc3C)cn(C)c(=O)c2[nH]1,CCNC(=O)c1cc2c(-c3cc(S(=O)(=O)CC)ccc3Oc3c(C)cccc3F)cn(C)c(=O)c2[nH]1,Ar-H_to_Ar-F,1,27,1,"{""1"": -1, ""9"": 1}",2.151277893904123,2.1760912590556813,0.024813365151558298,0,1,1,0.0,0.0,0.0,CL,CL,mL.min-1.kg-1,mL.min-1.kg-1,,,1,1,0,0,1,0,1,1,pending,Verify the parent/fluorinated identity and assay-table values in the cited source.
HLM,789191,60365,10.1016/j.bmcl.2011.10.002,"The discovery of AZD9164, a novel muscarinic M3 antagonist.",YHGPEGHFOGAKHM,SBXBQRYZOXPPSA,C[C@@](C(=O)O[C@H]1C[N+]2(CCCOc3ccccc3)CCC1CC2)(c1cccs1)N1CCCCC1,C[C@@](C(=O)O[C@H]1C[N+]2(CCCOc3ccc(F)cc3)CCC1CC2)(c1cccs1)N1CCCCC1,Ar-H_to_Ar-F,1,15,1,"{""1"": -1, ""9"": 1}",2.2295538639811365,1.92551835817743,-0.30403550580370653,1,1,1,0.0,0.0,0.0,CL,CL,mL.min-1.g-1,mL.min-1.g-1,mL.min-1.kg-1,mL.min-1.kg-1,1,1,0,0,1,0,1,1,pending,Verify the parent/fluorinated identity and assay-table values in the cited source.
HLM,751796,57799,10.1021/jm200265b,Lead optimization of aryl and aralkyl amine-based triazolopyrimidine inhibitors of Plasmodium falciparum dihydroorotate dehydrogenase with antimalarial activity in mice.,YJGFOPGAFBGHRI,UJADSHNYKLSXNU,Cc1cc(Nc2ccc(C(C)(C)C)cc2)n2ncnc2n1,Cc1cc(Nc2ccc(C(C)(C)C)c(F)c2)n2ncnc2n1,Ar-H_to_Ar-F,1,13,1,"{""1"": -1, ""9"": 1}",1.7016543173257481,1.5733358400660675,-0.1283184772596806,1,1,1,0.0,0.0,0.0,CL,CL,mL.min-1.g-1,mL.min-1.g-1,mL.min-1.kg-1,mL.min-1.kg-1,1,1,0,0,1,0,1,1,pending,Verify the parent/fluorinated identity and assay-table values in the cited source.
HLM,644142,52012,10.1016/j.bmcl.2010.06.140,"Synthesis and structure-activity relationship of N-(3-azabicyclo[3.1.0]hex-6-ylmethyl)-5-(2-pyridinyl)-1,3-thiazol-2-amines derivatives as NPY Y5 antagonists.",YMAQXTGUXMWEBB,JWAOONWMLNPSIN,O=C(c1cccc(F)c1)N1C[C@@H]2[C@H](CNc3nc(-c4ccccn4)cs3)[C@@H]2C1,O=C(c1cc(F)cc(F)c1)N1C[C@@H]2[C@H](CNc3nc(-c4ccccn4)cs3)[C@@H]2C1,Ar-H_to_Ar-F,1,4,1,"{""1"": -1, ""9"": 1}",1.0224283711854865,1.2986347831244356,0.2762064119389491,0,1,1,0.0,0.0,0.0,CL,CL,mL.min-1.g-1,mL.min-1.g-1,mL.min-1.kg-1,mL.min-1.kg-1,1,1,0,0,1,0,1,1,pending,Verify the parent/fluorinated identity and assay-table values in the cited source.
HLM,2286279,125655,10.1016/j.bmc.2020.115815,Improving metabolic stability and removing aldehyde oxidase liability in a 5-azaquinazoline series of IRAK4 inhibitors.,YMFBXOXOTOWTDW,UOOIEKLLUUCWFU,Cc1ncncc1-c1ccc2nc(Nc3cnn(C4CCN(C)CC4)c3)nc(OC3(C)CC3)c2n1,Cc1ncncc1-c1nc2c(OC3(C)CC3)nc(Nc3cnn(C4CCN(C)CC4)c3)nc2cc1F,Ar-H_to_Ar-F,1,34,1,"{""1"": -1, ""9"": 1}",1.7116385382323491,1.7924617313469506,0.08082319311460151,0,1,1,0.0,0.0,0.0,CL,CL,mL.min-1.g-1,mL.min-1.g-1,mL.min-1.kg-1,mL.min-1.kg-1,1,1,0,0,1,0,1,1,pending,Verify the parent/fluorinated identity and assay-table values in the cited source.
HLM,860187,65822,10.1021/jm3007257,"(1R,2R)-N-(1-cyanocyclopropyl)-2-(6-methoxy-1,3,4,5-tetrahydropyrido[4,3-b]indole-2-carbonyl)cyclohexanecarboxamide (AZD4996): a potent and highly selective cathepsin K inhibitor for the treatment of osteoarthritis.",YOIFKTNHQMFUDH,DFWBUMFMCGXLEW,N#CC1(NC(=O)[C@@H]2CCCC[C@H]2C(=O)N2CCc3[nH]c4ccccc4c3C2)CC1,N#CC1(NC(=O)[C@@H]2CCCC[C@H]2C(=O)N2CCc3[nH]c4c(F)cccc4c3C2)CC1,Ar-H_to_Ar-F,1,20,1,"{""1"": -1, ""9"": 1}",1.4831592097169797,1.8085485512404054,0.3253893415234257,0,1,1,0.0,0.0,0.0,CL,CL,mL.min-1.g-1,mL.min-1.g-1,mL.min-1.kg-1,mL.min-1.kg-1,1,1,0,0,1,0,1,1,pending,Verify the parent/fluorinated identity and assay-table values in the cited source.
HLM,860187,65822,10.1021/jm3007257,"(1R,2R)-N-(1-cyanocyclopropyl)-2-(6-methoxy-1,3,4,5-tetrahydropyrido[4,3-b]indole-2-carbonyl)cyclohexanecarboxamide (AZD4996): a potent and highly selective cathepsin K inhibitor for the treatment of osteoarthritis.",YOIFKTNHQMFUDH,HGJTURTZFKNELD,N#CC1(NC(=O)[C@@H]2CCCC[C@H]2C(=O)N2CCc3[nH]c4ccccc4c3C2)CC1,N#CC1(NC(=O)[C@@H]2CCCC[C@H]2C(=O)N2CCc3[nH]c4ccc(F)cc4c3C2)CC1,Ar-H_to_Ar-F,1,22,1,"{""1"": -1, ""9"": 1}",1.4831592097169797,1.6809697184658972,0.19781050874891748,0,1,1,0.0,0.0,0.0,CL,CL,mL.min-1.g-1,mL.min-1.g-1,mL.min-1.kg-1,mL.min-1.kg-1,1,1,0,0,1,0,1,1,pending,Verify the parent/fluorinated identity and assay-table values in the cited source.
HLM,860187,65822,10.1021/jm3007257,"(1R,2R)-N-(1-cyanocyclopropyl)-2-(6-methoxy-1,3,4,5-tetrahydropyrido[4,3-b]indole-2-carbonyl)cyclohexanecarboxamide (AZD4996): a potent and highly selective cathepsin K inhibitor for the treatment of osteoarthritis.",YOIFKTNHQMFUDH,MIOKYZZTPMKVEG,N#CC1(NC(=O)[C@@H]2CCCC[C@H]2C(=O)N2CCc3[nH]c4ccccc4c3C2)CC1,N#CC1(NC(=O)[C@@H]2CCCC[C@H]2C(=O)N2CCc3[nH]c4cc(F)ccc4c3C2)CC1,Ar-H_to_Ar-F,1,21,1,"{""1"": -1, ""9"": 1}",1.4831592097169797,1.624488362513449,0.1413291527964693,0,1,1,0.0,0.0,0.0,CL,CL,mL.min-1.g-1,mL.min-1.g-1,mL.min-1.kg-1,mL.min-1.kg-1,1,1,0,0,1,0,1,1,pending,Verify the parent/fluorinated identity and assay-table values in the cited source.
HLM,860187,65822,10.1021/jm3007257,"(1R,2R)-N-(1-cyanocyclopropyl)-2-(6-methoxy-1,3,4,5-tetrahydropyrido[4,3-b]indole-2-carbonyl)cyclohexanecarboxamide (AZD4996): a potent and highly selective cathepsin K inhibitor for the treatment of osteoarthritis.",YOIFKTNHQMFUDH,XHSHPTAZQWFHLY,N#CC1(NC(=O)[C@@H]2CCCC[C@H]2C(=O)N2CCc3[nH]c4ccccc4c3C2)CC1,N#CC1(NC(=O)[C@@H]2CCCC[C@H]2C(=O)N2CCc3[nH]c4cccc(F)c4c3C2)CC1,Ar-H_to_Ar-F,1,23,1,"{""1"": -1, ""9"": 1}",1.4831592097169797,1.824060717418653,0.34090150770167327,0,1,1,0.0,0.0,0.0,CL,CL,mL.min-1.g-1,mL.min-1.g-1,mL.min-1.kg-1,mL.min-1.kg-1,1,1,0,0,1,0,1,1,pending,Verify the parent/fluorinated identity and assay-table values in the cited source.
HLM,624025,50787,10.1021/jm9017866,Discovery of a selective small-molecule melanocortin-4 receptor agonist with efficacy in a pilot study of sexual dysfunction in humans.,YPWKHLAKNOEOTA,FHCVSUWWTUKUEF,C[C@@H]1CN(C(=O)[C@@H]2CNC[C@H]2c2ccc(F)cc2F)C[C@H](C)[C@@]1(O)c1ccc(F)cc1,C[C@@H]1CN(C(=O)[C@@H]2CNC[C@H]2c2ccc(F)cc2F)C[C@H](C)[C@@]1(O)c1ccc(F)c(F)c1,Ar-H_to_Ar-F,1,29,1,"{""1"": -1, ""9"": 1}",1.1821292140529984,0.9132839017604184,-0.26884531229258,1,1,1,0.0,0.0,0.0,CL,CL,mL.min-1.g-1,mL.min-1.g-1,mL.min-1.kg-1,mL.min-1.kg-1,1,1,0,0,1,0,1,1,pending,Verify the parent/fluorinated identity and assay-table values in the cited source.
HLM,787997,60127,10.1021/jm2005546,Optimization of propafenone analogues as antimalarial leads.,YRDBYJNFZJBXNY,KTGYQSLCEGJTLM,O=C(CCc1ccccc1)c1ccccc1OCC(O)CN1CCN(C(c2ccccc2)c2ccccc2)CC1,O=C(CCc1ccccc1)c1cc(F)ccc1OCC(O)CN1CCN(C(c2ccccc2)c2ccccc2)CC1,Ar-H_to_Ar-F,1,12,1,"{""1"": -1, ""9"": 1}",1.1335389083702174,1.1139433523068367,-0.019595556063380704,1,1,1,0.0,0.0,0.0,CL,CL,mL.min-1.kg-1,mL.min-1.kg-1,,,1,1,0,0,1,0,1,1,pending,Verify the parent/fluorinated identity and assay-table values in the cited source.
HLM,787997,60127,10.1021/jm2005546,Optimization of propafenone analogues as antimalarial leads.,YRDBYJNFZJBXNY,UUGJQIZGOJTKRM,O=C(CCc1ccccc1)c1ccccc1OCC(O)CN1CCN(C(c2ccccc2)c2ccccc2)CC1,O=C(CCc1ccc(F)cc1)c1ccccc1OCC(O)CN1CCN(C(c2ccccc2)c2ccccc2)CC1,Ar-H_to_Ar-F,1,7,1,"{""1"": -1, ""9"": 1}",1.1335389083702174,0.6812412373755872,-0.45229767099463025,1,1,1,0.0,0.0,0.0,CL,CL,mL.min-1.kg-1,mL.min-1.kg-1,,,1,1,0,0,1,0,1,1,pending,Verify the parent/fluorinated identity and assay-table values in the cited source.
HLM,1845911,111567,10.1021/acs.jmedchem.0c00628,"Discovery of <i>N</i>-Ethyl-4-[2-(4-fluoro-2,6-dimethyl-phenoxy)-5-(1-hydroxy-1-methyl-ethyl)phenyl]-6-methyl-7-oxo-1<i>H</i>-pyrrolo[2,3-<i>c</i>]pyridine-2-carboxamide (ABBV-744), a BET Bromodomain Inhibitor with Selectivity for the Second Bromodomain.",YSFIKYDQTQWEIH,YKZFVPFHQGEAIZ,Cc1cc(F)cc(C)c1Oc1ccc(C(C)(C)O)cc1-c1cn(C)c(=O)c2[nH]c(C(=O)NC(C)(C)C)cc12,Cc1cc(F)cc(C)c1Oc1ccc(C(C)(C)O)cc1-c1cn(C)c(=O)c2[nH]c(C(=O)NC(C)(C)C(F)(F)F)cc12,CH3_to_CF3,3,35,1,"{""1"": -3, ""9"": 3}",3.335792770068036,3.9777236052888476,0.6419308352208115,0,1,1,0.0,0.0,0.0,CL,CL,mL.min-1.kg-1,mL.min-1.kg-1,,,1,1,0,0,1,0,1,1,pending,Verify the parent/fluorinated identity and assay-table values in the cited source.
HLM,1369285,84147,10.6019/CHEMBL3301361,Experimental in vitro DMPK and physicochemical data on a set of publicly disclosed compounds,YSQQOGOBORIIMG,DREBLEJJYUKNLT,O=C(NC[C@@H](O)CN1CCC(Oc2ccc(Cl)c(Cl)c2)CC1)c1c[nH]c(=O)c2ccccc12,O=C(NC[C@@H](O)CN1CCC(Oc2ccc(Cl)c(Cl)c2)CC1)c1c[nH]c(=O)c2cc(F)ccc12,Ar-H_to_Ar-F,1,29,1,"{""1"": -1, ""9"": 1}",1.3049749611554546,1.0224283711854865,-0.2825465899699682,1,1,1,0.0,0.0,0.0,CL,CL,mL.min-1.g-1,mL.min-1.g-1,mL.min-1.kg-1,mL.min-1.kg-1,1,1,0,0,1,0,1,1,pending,Verify the parent/fluorinated identity and assay-table values in the cited source.
HLM,1369285,84147,10.6019/CHEMBL3301361,Experimental in vitro DMPK and physicochemical data on a set of publicly disclosed compounds,YSQQOGOBORIIMG,RMQXJQUUIKBXMM,O=C(NC[C@@H](O)CN1CCC(Oc2ccc(Cl)c(Cl)c2)CC1)c1c[nH]c(=O)c2ccccc12,O=C(NC[C@@H](O)CN1CCC(Oc2ccc(Cl)c(Cl)c2)CC1)c1c[nH]c(=O)c2ccc(F)cc12,Ar-H_to_Ar-F,1,30,1,"{""1"": -1, ""9"": 1}",1.3049749611554546,0.9712758487381052,-0.3336991124173494,1,1,1,0.0,0.0,0.0,CL,CL,mL.min-1.g-1,mL.min-1.g-1,mL.min-1.kg-1,mL.min-1.kg-1,1,1,0,0,1,0,1,1,pending,Verify the parent/fluorinated identity and assay-table values in the cited source.
HLM,1369285,84147,10.6019/CHEMBL3301361,Experimental in vitro DMPK and physicochemical data on a set of publicly disclosed compounds,YSQQOGOBORIIMG,SUYKBMCECCINPJ,O=C(NC[C@@H](O)CN1CCC(Oc2ccc(Cl)c(Cl)c2)CC1)c1c[nH]c(=O)c2ccccc12,O=C(NC[C@@H](O)CN1CCC(Oc2ccc(Cl)c(Cl)c2)CC1)c1c[nH]c(=O)c2c(F)cccc12,Ar-H_to_Ar-F,1,28,1,"{""1"": -1, ""9"": 1}",1.3049749611554546,0.8463371121298052,-0.4586378490256494,1,1,1,0.0,0.0,0.0,CL,CL,mL.min-1.g-1,mL.min-1.g-1,mL.min-1.kg-1,mL.min-1.kg-1,1,1,0,0,1,0,1,1,pending,Verify the parent/fluorinated identity and assay-table values in the cited source.
HLM,751259,57778,10.1016/j.bmc.2011.03.035,Development and SAR of functionally selective allosteric modulators of GABAA receptors.,YTPPBAYYHIGVLQ,MVMSIAOIXGSGIK,COc1ccc(OC)c(-c2cccc3c(N)c(C(=O)NC(C)C)nnc23)c1,COc1ccc(OC)c(-c2c(F)ccc3c(N)c(C(=O)NC(C)C)nnc23)c1,Ar-H_to_Ar-F,1,10,1,"{""1"": -1, ""9"": 1}",1.1473671077937864,1.4483971034577676,0.30102999566398125,0,1,1,0.0,0.0,0.0,CL,CL,mL.min-1.g-1,mL.min-1.g-1,mL.min-1.kg-1,mL.min-1.kg-1,1,1,0,0,1,0,1,1,pending,Verify the parent/fluorinated identity and assay-table values in the cited source.
HLM,1866293,112059,10.1021/acs.jmedchem.9b00662,"Discovery of Clinical Candidate (1R,4r)-4-((R)-2-((S)-6-Fluoro-5H-imidazo[5,1-a]isoindol-5-yl)-1-hydroxyethyl)cyclohexan-1-ol (Navoximod), a Potent and Selective Inhibitor of Indoleamine 2,3-Dioxygenase 1.",YTRRAUACYORZLX,AKOIXTSNUPHRQM,OC(CC1c2ccccc2-c2cncn21)C1CCCCC1,OC(CC1c2c(F)cccc2-c2cncn21)C1CCCCC1,Ar-H_to_Ar-F,1,5,1,"{""1"": -1, ""9"": 1}",1.255995726722402,1.2766915288450398,0.020695802122637774,0,1,1,0.0,0.0,0.0,CL,CL,mL.min-1.kg-1,mL.min-1.kg-1,,,1,1,0,0,1,0,1,1,pending,Verify the parent/fluorinated identity and assay-table values in the cited source.
HLM,1866293,112059,10.1021/acs.jmedchem.9b00662,"Discovery of Clinical Candidate (1R,4r)-4-((R)-2-((S)-6-Fluoro-5H-imidazo[5,1-a]isoindol-5-yl)-1-hydroxyethyl)cyclohexan-1-ol (Navoximod), a Potent and Selective Inhibitor of Indoleamine 2,3-Dioxygenase 1.",YTRRAUACYORZLX,BBYFCKZHLMMOBN,OC(CC1c2ccccc2-c2cncn21)C1CCCCC1,OC(CC1c2ccccc2-c2cncn21)C1CCC(F)(F)CC1,CH2_to_CF2,2,18,1,"{""1"": -2, ""9"": 2}",1.255995726722402,1.1643528557844371,-0.09164287093796486,1,1,1,0.0,0.0,0.0,CL,CL,mL.min-1.kg-1,mL.min-1.kg-1,,,1,1,0,0,1,0,1,1,pending,Verify the parent/fluorinated identity and assay-table values in the cited source.
HLM,751259,57778,10.1016/j.bmc.2011.03.035,Development and SAR of functionally selective allosteric modulators of GABAA receptors.,YVAHCWLEKOONFT,WEFRNUXPTYTOEU,COc1ccc(OC)c(-c2cccc3c(N)c(C(=O)NC4CC4)nnc23)c1,COc1ccc(OC)c(-c2c(F)ccc3c(N)c(C(=O)NC4CC4)nnc23)c1,Ar-H_to_Ar-F,1,10,1,"{""1"": -1, ""9"": 1}",0.9374175814771378,1.4661258704181992,0.5287082889410614,0,1,1,0.0,0.0,0.0,CL,CL,mL.min-1.g-1,mL.min-1.g-1,mL.min-1.kg-1,mL.min-1.kg-1,1,1,0,0,1,0,1,1,pending,Verify the parent/fluorinated identity and assay-table values in the cited source.
HLM,853107,65507,10.1021/ml3000148,"A Potent and Orally Efficacious, Hydroxyethylamine-Based Inhibitor of β-Secretase.",ZAJKCLUZHUAIIX,AAHFBZODUHKGBC,CC(=O)N[C@@H](Cc1ccccc1F)[C@H](O)CN[C@H]1CC2(CCC2)Oc2ncc(CC(C)(C)C)cc21,CC(=O)N[C@@H](Cc1ccc(F)cc1F)[C@H](O)CN[C@H]1CC2(CCC2)Oc2ncc(CC(C)(C)C)cc21,Ar-H_to_Ar-F,1,9,1,"{""1"": -1, ""9"": 1}",2.6022119678022966,1.919444210465237,-0.6827677573370596,1,1,1,0.0,0.0,0.0,CL,CL,mL.min-1.g-1,mL.min-1.g-1,mL.min-1.kg-1,mL.min-1.kg-1,1,1,0,0,1,0,1,1,pending,Verify the parent/fluorinated identity and assay-table values in the cited source.
HLM,2104609,120208,10.1016/j.bmcl.2021.128133,Identification of aryl sulfonamides as novel and potent inhibitors of Na<sub>V</sub>1.5.,ZBLYTMOPDJSMFJ,UTGXEGKPWGOXLL,O=S(=O)(Nc1cccc(F)n1)c1cc(F)c(O[C@H]2CCN(CC(F)(F)F)C[C@@H]2c2ccc(F)c(F)c2)cc1F,O=S(=O)(Nc1cccc(F)n1)c1cc(F)c(O[C@H]2CCN(CC(F)(F)F)C[C@@H]2c2ccc(F)c(F)c2)c(F)c1F,Ar-H_to_Ar-F,1,36,1,"{""1"": -1, ""9"": 1}",0.8750612633917001,1.146128035678238,0.27106677228653786,0,3,1,0.10914446942506806,0.0,0.10914446942506806,CL,CL,mL.min-1.kg-1,mL.min-1.kg-1,,,1,1,0,0,1,0,1,1,pending,Verify the parent/fluorinated identity and assay-table values in the cited source.
HLM,751259,57778,10.1016/j.bmc.2011.03.035,Development and SAR of functionally selective allosteric modulators of GABAA receptors.,ZCYRSCWYLBAYST,CKESKQLOURMDHG,COc1ccc(OC)c(-c2cccc3c(N)c4c(O)n(C5CC5)cc4nc23)c1,COc1ccc(OC)c(-c2c(F)ccc3c(N)c4c(O)n(C5CC5)cc4nc23)c1,Ar-H_to_Ar-F,1,10,1,"{""1"": -1, ""9"": 1}",1.3469394626989906,1.5595475555804343,0.21260809288144378,0,1,1,0.0,0.0,0.0,CL,CL,mL.min-1.g-1,mL.min-1.g-1,mL.min-1.kg-1,mL.min-1.kg-1,1,1,0,0,1,0,1,1,pending,Verify the parent/fluorinated identity and assay-table values in the cited source.
HLM,812134,61472,10.1016/j.bmcl.2012.01.015,"Discovery and hit-to-lead optimization of pyrrolopyrimidines as potent, state-dependent Na(v)1.7 antagonists.",ZECJEHQTOHGKFP,PNUXVRFTINUPJH,Fc1ccccc1Cn1ccc2c(OC3CCN(Cc4ccccn4)CC3)ncnc21,Fc1cccc(Cn2ccc3c(OC4CCN(Cc5ccccn5)CC4)ncnc32)c1F,Ar-H_to_Ar-F,1,1,1,"{""1"": -1, ""9"": 1}",2.2295538639811365,2.3883321478572155,0.15877828387607895,0,1,1,0.0,0.0,0.0,CL,CL,mL.min-1.g-1,mL.min-1.g-1,mL.min-1.kg-1,mL.min-1.kg-1,1,1,0,0,1,0,1,1,pending,Verify the parent/fluorinated identity and assay-table values in the cited source.
HLM,787997,60127,10.1021/jm2005546,Optimization of propafenone analogues as antimalarial leads.,ZHUPKALTWVLYNU,HBQXNQRAOWGQMU,O=C(CCc1ccccc1)c1ccccc1OCC(O)CN1CCC(c2ccccc2)CC1,O=C(CCc1ccccc1)c1cc(F)ccc1OCC(O)CN1CCC(c2ccccc2)CC1,Ar-H_to_Ar-F,1,12,1,"{""1"": -1, ""9"": 1}",1.287801729930226,1.0492180226701815,-0.23858370726004452,1,1,1,0.0,0.0,0.0,CL,CL,mL.min-1.kg-1,mL.min-1.kg-1,,,1,1,0,0,1,0,1,1,pending,Verify the parent/fluorinated identity and assay-table values in the cited source.
HLM,853107,65507,10.1021/ml3000148,"A Potent and Orally Efficacious, Hydroxyethylamine-Based Inhibitor of β-Secretase.",ZJIPAWSHYBXAKX,ZZIYYUNIVIIWAU,CC(=O)N[C@@H](Cc1cccc(F)c1)[C@H](O)CN[C@H]1CC2(CCC2)Oc2ncc(CC(C)(C)C)cc21,CC(=O)N[C@@H](Cc1cc(F)cc(F)c1)[C@H](O)CN[C@H]1CC2(CCC2)Oc2ncc(CC(C)(C)C)cc21,Ar-H_to_Ar-F,1,8,1,"{""1"": -1, ""9"": 1}",2.8612774619227417,3.0324454919430104,0.1711680300202687,0,1,1,0.0,0.0,0.0,CL,CL,mL.min-1.g-1,mL.min-1.g-1,mL.min-1.kg-1,mL.min-1.kg-1,1,1,0,0,1,0,1,1,pending,Verify the parent/fluorinated identity and assay-table values in the cited source.
HLM,860187,65822,10.1021/jm3007257,"(1R,2R)-N-(1-cyanocyclopropyl)-2-(6-methoxy-1,3,4,5-tetrahydropyrido[4,3-b]indole-2-carbonyl)cyclohexanecarboxamide (AZD4996): a potent and highly selective cathepsin K inhibitor for the treatment of osteoarthritis.",ZJIQEAXGKFPTII,VGFYFZDIJPOBAY,COc1cccc2c3c([nH]c12)CCN(C(=O)[C@@H]1CCCC[C@H]1C(=O)NC1(C#N)CC1)C3,N#CC1(NC(=O)[C@@H]2CCCC[C@H]2C(=O)N2CCc3[nH]c4c(OC(F)(F)F)cccc4c3C2)CC1,OCH3_to_OCF3,3,22,1,"{""1"": -3, ""9"": 3}",1.2723058444020865,1.3469394626989906,0.07463361829690407,0,1,1,0.0,0.0,0.0,CL,CL,mL.min-1.g-1,mL.min-1.g-1,mL.min-1.kg-1,mL.min-1.kg-1,1,1,0,0,1,0,1,1,pending,Verify the parent/fluorinated identity and assay-table values in the cited source.
HLM,686393,54003,10.1016/j.bmcl.2010.09.085,"5-{2-[4-(2-methyl-5-quinolinyl)-1-piperazinyl]ethyl}-2(1H)-quinolinones and 3,4-dihydro-2(1H)-quinolinones: dual-acting 5-HT1 receptor antagonists and serotonin reuptake inhibitors. Part 3.",ZJRBDUXTOJWXLZ,HRWBYOOBXRZGGR,Cc1ccc2c(N3CCN(CCc4c(C)ccc5c4ccc(=O)n5C)CC3)cccc2n1,Cc1ccc2c(N3CCN(CCc4c(C)ccc5c4ccc(=O)n5C)CC3)cc(F)cc2n1,Ar-H_to_Ar-F,1,28,1,"{""1"": -1, ""9"": 1}",0.24427712080184286,0.27230584440208644,0.028028723600243582,0,1,1,0.0,0.0,0.0,CL,CL,mL.min-1.g-1,mL.min-1.g-1,mL.min-1.kg-1,mL.min-1.kg-1,1,1,0,0,1,0,1,1,pending,Verify the parent/fluorinated identity and assay-table values in the cited source.
HLM,2109121,120361,10.1016/j.bmcl.2021.127978,Nonbisphosphonate inhibitors of Plasmodium falciparum FPPS/GGPPS.,ZKGMRHJMYWVNQQ,LMMPIJOYXZDEDH,O=C(CCCN1CCCCCC1)Nc1cnc(-c2ccc(F)cc2)s1,O=C(CCCN1CCCCCC1)Nc1cnc(-c2ccc(F)cc2F)s1,Ar-H_to_Ar-F,1,23,1,"{""1"": -1, ""9"": 1}",1.5305838596451178,1.691435152144062,0.16085129249894425,0,1,1,0.0,0.0,0.0,CL,CL,mL.min-1.g-1,mL.min-1.g-1,mL.min-1.kg-1,mL.min-1.kg-1,1,1,0,0,1,0,1,1,pending,Verify the parent/fluorinated identity and assay-table values in the cited source.
HLM,2109121,120361,10.1016/j.bmcl.2021.127978,Nonbisphosphonate inhibitors of Plasmodium falciparum FPPS/GGPPS.,ZKGMRHJMYWVNQQ,MKFBABJRXQJZIW,O=C(CCCN1CCCCCC1)Nc1cnc(-c2ccc(F)cc2)s1,O=C(CCCN1CCCCCC1)Nc1cnc(-c2ccc(F)c(F)c2)s1,Ar-H_to_Ar-F,1,22,1,"{""1"": -1, ""9"": 1}",1.5305838596451178,1.691435152144062,0.16085129249894425,0,1,1,0.0,0.0,0.0,CL,CL,mL.min-1.g-1,mL.min-1.g-1,mL.min-1.kg-1,mL.min-1.kg-1,1,1,0,0,1,0,1,1,pending,Verify the parent/fluorinated identity and assay-table values in the cited source.
HLM,687527,54098,10.1016/j.bmcl.2010.10.036,4-aryl piperazine and piperidine amides as novel mGluR5 positive allosteric modulators.,ZOSAZOVQKDMFEH,XZNCMNXNIYRHSH,O=C(COCc1ccncc1)N1CCC(c2ccc(Cl)cc2)CC1,O=C(COCc1ccncc1)N1CCC(F)(c2ccc(Cl)cc2)CC1,C-H_to_C-F,1,14,1,"{""1"": -1, ""9"": 1}",1.6809697184658972,1.7213983755215052,0.04042865705560805,0,1,1,0.0,0.0,0.0,CL,CL,mL.min-1.g-1,mL.min-1.g-1,mL.min-1.kg-1,mL.min-1.kg-1,1,1,0,0,1,0,1,1,pending,Verify the parent/fluorinated identity and assay-table values in the cited source.
HLM,463820,38411,10.1016/j.bmcl.2007.11.080,"1-(2-Phenoxyphenyl)methanamines: SAR for dual serotonin/noradrenaline reuptake inhibition, metabolic stability and hERG affinity.",ZPMMCRKQYUFTEM,BRMWMWORGPTOCB,CN(C)Cc1ccccc1Oc1ccccc1Cl,CN(C)Cc1ccccc1Oc1ccc(F)cc1Cl,Ar-H_to_Ar-F,1,14,1,"{""1"": -1, ""9"": 1}",2.3376988059640778,2.40862997658628,0.07093117062220244,0,1,1,0.0,0.0,0.0,CL,CL,mL.min-1.g-1,mL.min-1.g-1,mL.min-1.kg-1,mL.min-1.kg-1,1,1,0,0,1,0,1,1,pending,Verify the parent/fluorinated identity and assay-table values in the cited source.
HLM,863880,65939,10.1021/jm3005866,"The discovery and optimization of a novel class of potent, selective, and orally bioavailable anaplastic lymphoma kinase (ALK) inhibitors with potential utility for the treatment of cancer.",ZPOFDMHUQICKGG,GZYCQQBRSRIFII,CC(C)NC(=O)[C@H]1CC[C@@H](n2c(NC(=O)c3cccc(F)c3)nc3ccc(CN4CCC(C(C)(C)O)CC4)cc32)CC1,CC(C)NC(=O)[C@H]1CC[C@@H](n2c(NC(=O)c3cc(F)cc(F)c3)nc3ccc(CN4CCC(C(C)(C)O)CC4)cc32)CC1,Ar-H_to_Ar-F,1,17,1,"{""1"": -1, ""9"": 1}",2.076786033508079,2.0077051143647804,-0.06908091914329884,1,1,1,0.0,0.0,0.0,CL,CL,mL.min-1.g-1,mL.min-1.g-1,mL.min-1.kg-1,mL.min-1.kg-1,1,1,0,0,1,0,1,1,pending,Verify the parent/fluorinated identity and assay-table values in the cited source.
HLM,863880,65939,10.1021/jm3005866,"The discovery and optimization of a novel class of potent, selective, and orally bioavailable anaplastic lymphoma kinase (ALK) inhibitors with potential utility for the treatment of cancer.",ZPOFDMHUQICKGG,KHQPQLNHFIMZNR,CC(C)NC(=O)[C@H]1CC[C@@H](n2c(NC(=O)c3cccc(F)c3)nc3ccc(CN4CCC(C(C)(C)O)CC4)cc32)CC1,CC(C)NC(=O)[C@H]1CC[C@@H](n2c(NC(=O)c3ccc(F)c(F)c3)nc3ccc(CN4CCC(C(C)(C)O)CC4)cc32)CC1,Ar-H_to_Ar-F,1,18,1,"{""1"": -1, ""9"": 1}",2.076786033508079,1.8463371121298053,-0.23044892137827389,1,1,1,0.0,0.0,0.0,CL,CL,mL.min-1.g-1,mL.min-1.g-1,mL.min-1.kg-1,mL.min-1.kg-1,1,1,0,0,1,0,1,1,pending,Verify the parent/fluorinated identity and assay-table values in the cited source.
HLM,2032485,117891,10.1016/j.ejmech.2020.112243,"Design, synthesis and biological evaluation of tetrahydroquinoline-based reversible LSD1 inhibitors.",ZRINNFFYRQVHGO,XXKLVTNJHLONBN,Cn1c(C(=O)Nc2cccc3c2N(Cc2ccc(OC4CCNCC4)cc2)CCC3)cc2ccccc21,Cn1c(C(=O)Nc2cccc3c2N(Cc2ccc(OC4CCNCC4)cc2)CCC3)cc2cc(F)ccc21,Ar-H_to_Ar-F,1,33,1,"{""1"": -1, ""9"": 1}",4.722362403624122,4.373537231192786,-0.3488251724313365,1,1,1,0.0,0.0,0.0,CL,CL,mL.min-1.g-1,mL.min-1.g-1,mL.min-1.kg-1,mL.min-1.kg-1,1,1,0,0,1,0,1,1,pending,Verify the parent/fluorinated identity and assay-table values in the cited source.
HLM,769991,59025,10.1016/j.ejmech.2011.04.023,Biophysical and physicochemical methods differentiate highly ligand-efficient human D-amino acid oxidase inhibitors.,ZSDKFSDQDDGDRA,SJNYFCFQCNCHDD,O=c1[nH]c2cccc(Cl)c2cc1O,O=c1[nH]c2ccc(F)c(Cl)c2cc1O,Ar-H_to_Ar-F,1,6,1,"{""1"": -1, ""9"": 1}",2.556736578246606,2.330636951476591,-0.22609962677001505,1,1,1,0.0,0.0,0.0,CL,CL,mL.min-1.g-1,mL.min-1.g-1,mL.min-1.kg-1,mL.min-1.kg-1,1,1,0,0,1,0,1,1,pending,Verify the parent/fluorinated identity and assay-table values in the cited source.
HLM,577526,47715,10.1016/j.bmcl.2009.06.028,Dopamine D(3) receptor antagonists: The quest for a potentially selective PET ligand. Part two: Lead optimization.,ZULQKQGLUORZDC,HGYQVRAMBVYKQO,N#Cc1cccc(N2CCN(CCN3CCC(C(F)(F)F)CC3)C2=O)c1,N#Cc1cc(N2CCN(CCN3CCC(C(F)(F)F)CC3)C2=O)ccc1F,Ar-H_to_Ar-F,1,25,1,"{""1"": -1, ""9"": 1}",0.7583819417746753,1.0272272540672553,0.26884531229258,0,1,1,0.0,0.0,0.0,CL,CL,mL.min-1.g-1,mL.min-1.g-1,mL.min-1.kg-1,mL.min-1.kg-1,1,1,0,0,1,0,1,1,pending,Verify the parent/fluorinated identity and assay-table values in the cited source.
HLM,1849193,111651,10.1016/j.bmcl.2019.06.018,The discovery of novel 3-aryl-indazole derivatives as peripherally restricted pan-Trk inhibitors for the treatment of pain.,ZYSHBBKDKYNZGL,XYXJGUFWOMYBSK,CS(=O)(=O)c1ccccc1CNc1ccc2[nH]nc(-c3ccc(N4CCNCC4)nc3)c2c1,CS(=O)(=O)c1ccc(F)cc1CNc1ccc2[nH]nc(-c3ccc(N4CCNCC4)nc3)c2c1,Ar-H_to_Ar-F,1,7,1,"{""1"": -1, ""9"": 1}",1.8692317197309762,2.24551266781415,0.3762809480831737,0,1,1,0.0,0.0,0.0,CL,CL,mL.min-1.kg-1,mL.min-1.kg-1,,,1,1,0,0,1,0,1,1,pending,Verify the parent/fluorinated identity and assay-table values in the cited source.
HLM,1369285,84147,10.6019/CHEMBL3301361,Experimental in vitro DMPK and physicochemical data on a set of publicly disclosed compounds,ZZAOLDVNKJEEFU,QBTGEPDYFFOCND,C[C@H](CO)Nc1nc(SCc2ccccc2)nc2[nH]c(=O)sc12,C[C@H](CO)Nc1nc(SCc2ccccc2F)nc2[nH]c(=O)sc12,Ar-H_to_Ar-F,1,15,1,"{""1"": -1, ""9"": 1}",0.670245853074124,0.5453071164658241,-0.1249387366082999,1,1,1,0.0,0.0,0.0,CL,CL,mL.min-1.g-1,mL.min-1.g-1,mL.min-1.kg-1,mL.min-1.kg-1,1,1,0,0,1,0,1,1,pending,Verify the parent/fluorinated identity and assay-table values in the cited source.
HLM,2219885,123653,10.1016/j.bmcl.2021.128479,Synthesis and characterization of chiral 6-azaspiro[2.5]octanes as potent and selective antagonists of the M<sub>4</sub> muscarinic acetylcholine receptor.,ZZBCCRRRODXGDA,KRMYNVCNISSHTN,Fc1ccc(F)c(-c2ccc(NC[C@@H]3CC34CCN(CC3CCOCC3)CC4)nn2)c1,Fc1cc(F)c(F)c(-c2ccc(NC[C@@H]3CC34CCN(CC3CCOCC3)CC4)nn2)c1,Ar-H_to_Ar-F,1,3,1,"{""1"": -1, ""9"": 1}",1.0,0.9828359856100535,-0.017164014389946525,1,1,2,0.0,0.11711339909634344,0.11711339909634344,CL,CL,mL.min-1.kg-1,mL.min-1.kg-1,,,1,1,0,0,1,0,1,1,pending,Verify the parent/fluorinated identity and assay-table values in the cited source.
HLM,809846,61428,10.1021/ml200143c,Optimization of Potent Inhibitors of P. falciparum Dihydroorotate Dehydrogenase for the Treatment of Malaria.,ZZYPFZFLXNTBRH,VQQZSOVXMSWVFT,COc1cccc2c1nc(C)n2-c1ccc(C(=O)NC2CC2)s1,Cc1nc2c(OC(F)F)cccc2n1-c1ccc(C(=O)NC2CC2)s1,CH2_to_CF2,2,6,1,"{""1"": -2, ""9"": 2}",0.6020599913279624,0.6020599913279624,0.0,0,1,1,0.0,0.0,0.0,CL,CL,mL.min-1.kg-1,mL.min-1.kg-1,,,1,1,0,0,1,0,1,1,pending,Verify the parent/fluorinated identity and assay-table values in the cited source.
RLM,1925815,114173,10.1021/acs.jmedchem.6b00425,Application of a Parallel Synthetic Strategy in the Discovery of Biaryl Acyl Sulfonamides as Efficient and Selective NaV1.7 Inhibitors.,ADGZWOZBIZSNNI,ZVQRMIXAIICOKV,CC(C)COc1ncc(-c2ccc(C(=O)NS(C)(=O)=O)c(F)c2)cc1Cl,CC(C)COc1ncc(-c2cc(F)c(C(=O)NS(C)(=O)=O)cc2F)cc1Cl,Ar-H_to_Ar-F,1,22,1,"{""1"": -1, ""9"": 1}",1.7024305364455252,1.5976951859255124,-0.10473535052001282,1,1,1,0.0,0.0,0.0,CL,CL,mL.min-1.g-1,mL.min-1.g-1,mL.min-1.kg-1,mL.min-1.kg-1,1,1,0,0,1,0,1,1,pending,Verify the parent/fluorinated identity and assay-table values in the cited source.
RLM,391848,31640,10.1016/j.bmcl.2006.07.040,Solid-phase synthesis and structure-activity relationships of novel biarylethers as melanin-concentrating hormone receptor-1 antagonists.,AENNLOUNPCFAFV,YZVSFYVDNCWGEI,Cc1ccc(Oc2ccc(C(=O)NCCN3CCCC3)cc2NC(=O)Nc2ccccc2)cc1C,Cc1ccc(Oc2ccc(C(=O)NCCN3CCCC3)cc2NC(=O)Nc2cccc(F)c2)cc1C,Ar-H_to_Ar-F,1,30,1,"{""1"": -1, ""9"": 1}",3.10222783012313,2.6768764319731373,-0.42535139814999257,1,1,1,0.0,0.0,0.0,CL,CL,mL.min-1.g-1,mL.min-1.g-1,mL.min-1.kg-1,mL.min-1.kg-1,1,1,0,0,1,0,1,1,pending,Verify the parent/fluorinated identity and assay-table values in the cited source.
RLM,1989492,116498,10.1016/j.bmc.2020.115455,Optimization and biological evaluation of imidazopyridine derivatives as a novel scaffold for γ-secretase modulators with oral efficacy against cognitive deficits in Alzheimer's disease model mice.,AHOBELSMFRHSQC,BYNYKLMQYRNKAJ,CNC(=O)c1ccc(-c2c(C)nc3c(OCc4ccc(-c5ccc(F)cc5)cc4)cccn23)cn1,CNC(=O)c1ccc(-c2c(C)nc3c(OCc4ccc(-c5ccc(F)cc5)cc4F)cccn23)cn1,Ar-H_to_Ar-F,1,28,1,"{""1"": -1, ""9"": 1}",2.167317334748176,2.060697840353612,-0.1066194943945642,1,1,1,0.0,0.0,0.0,CL,CL,mL.min-1.kg-1,mL.min-1.kg-1,,,1,1,0,0,1,0,1,1,pending,Verify the parent/fluorinated identity and assay-table values in the cited source.
RLM,2102502,120127,10.1016/j.bmcl.2021.128335,Discovery of GNE-502 as an orally bioavailable and potent degrader for estrogen receptor positive breast cancer.,ALLRPIPLWLLBGX,DLVPQVIQBVJNHS,C[C@@H]1Cc2c([nH]c3ccccc23)[C@@H](c2ccc(OCCN3CC(CF)C3)cc2)N1S(C)(=O)=O,C[C@@H]1Cc2c([nH]c3ccccc23)[C@@H](c2ccc(OCCN3CC(CF)C3)cc2F)N1S(C)(=O)=O,Ar-H_to_Ar-F,1,27,1,"{""1"": -1, ""9"": 1}",1.4471580313422192,1.7403626894942439,0.2932046581520247,0,1,1,0.0,0.0,0.0,CL,CL,mL.min-1.kg-1,mL.min-1.kg-1,,,1,1,0,0,1,0,1,1,pending,Verify the parent/fluorinated identity and assay-table values in the cited source.
RLM,863881,65939,10.1021/jm3005866,"The discovery and optimization of a novel class of potent, selective, and orally bioavailable anaplastic lymphoma kinase (ALK) inhibitors with potential utility for the treatment of cancer.",ALPULXUSXBUSRV,DNFWLFJBLMKJGK,CC(C)NC(=O)[C@H]1CC[C@@H](n2c(NC(=O)c3cccc(Cl)c3)nc3ccc(CN4CCC(C(C)(C)O)CC4)cc32)CC1,CC(C)NC(=O)[C@H]1CC[C@@H](n2c(NC(=O)c3ccc(F)c(Cl)c3)nc3ccc(CN4CCC(C(C)(C)O)CC4)cc32)CC1,Ar-H_to_Ar-F,1,18,1,"{""1"": -1, ""9"": 1}",1.6354837468149122,1.8987251815894934,0.2632414347745813,0,1,1,0.0,0.0,0.0,CL,CL,mL.min-1.g-1,mL.min-1.g-1,mL.min-1.kg-1,mL.min-1.kg-1,1,1,0,0,1,0,1,1,pending,Verify the parent/fluorinated identity and assay-table values in the cited source.
RLM,863881,65939,10.1021/jm3005866,"The discovery and optimization of a novel class of potent, selective, and orally bioavailable anaplastic lymphoma kinase (ALK) inhibitors with potential utility for the treatment of cancer.",ALPULXUSXBUSRV,IOVQGAQSMHUKLX,CC(C)NC(=O)[C@H]1CC[C@@H](n2c(NC(=O)c3cccc(Cl)c3)nc3ccc(CN4CCC(C(C)(C)O)CC4)cc32)CC1,CC(C)NC(=O)[C@H]1CC[C@@H](n2c(NC(=O)c3cc(F)cc(Cl)c3)nc3ccc(CN4CCC(C(C)(C)O)CC4)cc32)CC1,Ar-H_to_Ar-F,1,17,1,"{""1"": -1, ""9"": 1}",1.6354837468149122,1.8887409606828927,0.2532572138679805,0,1,1,0.0,0.0,0.0,CL,CL,mL.min-1.g-1,mL.min-1.g-1,mL.min-1.kg-1,mL.min-1.kg-1,1,1,0,0,1,0,1,1,pending,Verify the parent/fluorinated identity and assay-table values in the cited source.
RLM,2217293,123562,10.1021/acs.jmedchem.2c00791,Discovery of Novel Quinoline-Based Proteasome Inhibitors for Human African Trypanosomiasis (HAT).,BGWLGNRSSMAHHB,LQHOLRQMPQPNAX,Cc1cc2c(Nc3ccccc3)cc(C(=O)NC3CC3)nc2cn1,Cc1cc2c(Nc3ccccc3F)cc(C(=O)NC3CC3)nc2cn1,Ar-H_to_Ar-F,1,11,1,"{""1"": -1, ""9"": 1}",2.04766419460156,1.7737864449811935,-0.2738777496203664,1,1,1,0.0,0.0,0.0,CL,CL,mL.min-1.g-1,mL.min-1.g-1,mL.min-1.kg-1,mL.min-1.kg-1,1,1,0,0,1,0,1,1,pending,Verify the parent/fluorinated identity and assay-table values in the cited source.
RLM,559941,44953,10.1016/j.bmcl.2008.10.072,The discovery of biaryl carboxamides as novel small molecule agonists of the motilin receptor.,BIWJKJXYGNNLAQ,FEISRPDXMKTQEL,C[C@@H]1CN(Cc2ccc(-c3cccnc3C(=O)N3CCC(Nc4cccc(F)c4)CC3)cc2)C[C@H](C)N1,C[C@@H]1CN(Cc2ccc(-c3cccnc3C(=O)N3CCC(Nc4cccc(F)c4)CC3)cc2F)C[C@H](C)N1,Ar-H_to_Ar-F,1,32,1,"{""1"": -1, ""9"": 1}",1.0681858617461617,1.334453751150931,0.2662678894047692,0,1,1,0.0,0.0,0.0,CL,CL,mL.min-1.g-1,mL.min-1.g-1,mL.min-1.kg-1,mL.min-1.kg-1,1,1,0,0,1,0,1,1,pending,Verify the parent/fluorinated identity and assay-table values in the cited source.
RLM,559941,44953,10.1016/j.bmcl.2008.10.072,The discovery of biaryl carboxamides as novel small molecule agonists of the motilin receptor.,BIWJKJXYGNNLAQ,XYDHHTQFZABPJP,C[C@@H]1CN(Cc2ccc(-c3cccnc3C(=O)N3CCC(Nc4cccc(F)c4)CC3)cc2)C[C@H](C)N1,C[C@@H]1CN(Cc2ccc(-c3cccnc3C(=O)N3CCC(Nc4ccc(F)c(F)c4)CC3)cc2)C[C@H](C)N1,Ar-H_to_Ar-F,1,25,1,"{""1"": -1, ""9"": 1}",1.0681858617461617,1.0261245167454502,-0.04206134500071146,1,1,1,0.0,0.0,0.0,CL,CL,mL.min-1.g-1,mL.min-1.g-1,mL.min-1.kg-1,mL.min-1.kg-1,1,1,0,0,1,0,1,1,pending,Verify the parent/fluorinated identity and assay-table values in the cited source.
RLM,2231633,124061,10.1016/j.bmc.2021.116576,"Discovery of Pyrazolo[1,5-a]pyrazin-4-ones as Potent and Brain Penetrant GluN2A-Selective Positive Allosteric Modulators Reducing AMPA Receptor Binding Activity.",BMSKUNPQVZERGL,GZPZLBPJFAJOPA,Cc1cc(Cl)n(Cc2cc3c(=O)n(CCC#N)cc(C)n3n2)n1,Cc1cn(CCC#N)c(=O)c2cc(Cn3nc(C(F)(F)F)cc3Cl)nn12,CH3_to_CF3,3,17,1,"{""1"": -3, ""9"": 3}",1.255272505103306,1.100370545117563,-0.15490195998574308,1,1,1,0.0,0.0,0.0,CL,CL,mL.min-1.g-1,mL.min-1.g-1,mL.min-1.kg-1,mL.min-1.kg-1,1,1,0,0,1,0,1,1,pending,Verify the parent/fluorinated identity and assay-table values in the cited source.
RLM,1845913,111567,10.1021/acs.jmedchem.0c00628,"Discovery of <i>N</i>-Ethyl-4-[2-(4-fluoro-2,6-dimethyl-phenoxy)-5-(1-hydroxy-1-methyl-ethyl)phenyl]-6-methyl-7-oxo-1<i>H</i>-pyrrolo[2,3-<i>c</i>]pyridine-2-carboxamide (ABBV-744), a BET Bromodomain Inhibitor with Selectivity for the Second Bromodomain.",BRNKGSOZDWZJCS,OEDSFMUSNZDJFD,CCNC(=O)c1cc2c(-c3cc(C(C)(C)O)ccc3Oc3c(C)cccc3C)cn(C)c(=O)c2[nH]1,CCNC(=O)c1cc2c(-c3cc(C(C)(C)O)ccc3Oc3c(C)cc(F)cc3C)cn(C)c(=O)c2[nH]1,Ar-H_to_Ar-F,1,24,1,"{""1"": -1, ""9"": 1}",3.0347607699664425,2.3010299956639813,-0.7337307743024613,1,1,1,0.0,0.0,0.0,CL,CL,mL.min-1.kg-1,mL.min-1.kg-1,,,1,1,0,0,1,0,1,1,pending,Verify the parent/fluorinated identity and assay-table values in the cited source.
RLM,1888885,112814,10.1016/j.bmcl.2019.07.013,Discovery of a C-8 hydroxychromene as a potent degrader of estrogen receptor alpha with improved rat oral exposure over GDC-0927.,BZHXSUVQOHIELQ,ZASMXCWOVIZDMC,CC1=C(C2CCCCC2)[C@H](c2ccc(OCCN3CC(CF)C3)cc2)Oc2ccc(O)cc21,CC1=C(C2CCC(F)(F)CC2)[C@H](c2ccc(OCCN3CC(CF)C3)cc2)Oc2ccc(O)cc21,CH2_to_CF2,2,6,1,"{""1"": -2, ""9"": 2}",1.568201724066995,1.5314789170422551,-0.036722807024739845,1,1,1,0.0,0.0,0.0,CL,CL,mL.min-1.kg-1,mL.min-1.kg-1,,,1,1,0,0,1,0,1,1,pending,Verify the parent/fluorinated identity and assay-table values in the cited source.
RLM,759696,58393,10.1016/j.bmcl.2011.06.021,Development of potent B-RafV600E inhibitors containing an arylsulfonamide headgroup.,CIIUGLSRFAGNDX,HQNPPVKXVPZYRU,CC(=O)N1CCN(c2ccc(Nc3nccc(-c4sc(C(C)C)nc4-c4cccc(NS(=O)(=O)c5ccccc5F)c4)n3)cn2)CC1,CC(=O)N1CCN(c2ccc(Nc3nccc(-c4sc(C(C)C)nc4-c4cccc(NS(=O)(=O)c5c(F)cccc5F)c4)n3)cn2)CC1,Ar-H_to_Ar-F,1,35,1,"{""1"": -1, ""9"": 1}",1.510545010206612,1.100370545117563,-0.4101744650890491,1,1,1,0.0,0.0,0.0,CL,CL,mL.min-1.g-1,mL.min-1.g-1,mL.min-1.kg-1,mL.min-1.kg-1,1,1,0,0,1,0,1,1,pending,Verify the parent/fluorinated identity and assay-table values in the cited source.
RLM,759696,58393,10.1016/j.bmcl.2011.06.021,Development of potent B-RafV600E inhibitors containing an arylsulfonamide headgroup.,CIIUGLSRFAGNDX,QTOGPRWMBWUBLY,CC(=O)N1CCN(c2ccc(Nc3nccc(-c4sc(C(C)C)nc4-c4cccc(NS(=O)(=O)c5ccccc5F)c4)n3)cn2)CC1,CC(=O)N1CCN(c2ccc(Nc3nccc(-c4sc(C(C)C)nc4-c4cccc(NS(=O)(=O)c5cc(F)ccc5F)c4)n3)cn2)CC1,Ar-H_to_Ar-F,1,36,1,"{""1"": -1, ""9"": 1}",1.510545010206612,1.4313637641589874,-0.07918124604762466,1,1,1,0.0,0.0,0.0,CL,CL,mL.min-1.g-1,mL.min-1.g-1,mL.min-1.kg-1,mL.min-1.kg-1,1,1,0,0,1,0,1,1,pending,Verify the parent/fluorinated identity and assay-table values in the cited source.
RLM,1739730,107412,10.1016/j.ejmech.2018.05.043,"Synthesis and characterization of novel classes of PDE10A inhibitors - 1H-1,3-benzodiazoles and imidazo[1,2-a]pyrimidines.",CQPLWGHMXBOGJC,POCNJEYXZOYKRH,Cc1ncc(C)n2nc(-c3ccc4[nH]c(-c5ccccn5)nc4c3)nc12,Cc1ncc(C)n2nc(-c3ccc4[nH]c(-c5ncccc5F)nc4c3)nc12,Ar-H_to_Ar-F,1,20,1,"{""1"": -1, ""9"": 1}",1.3005954838899636,0.5105450102066121,-0.7900504736833515,1,1,1,0.0,0.0,0.0,CL,CL,mL.min-1.g-1,mL.min-1.g-1,mL.min-1.kg-1,mL.min-1.kg-1,1,1,0,0,1,0,1,1,pending,Verify the parent/fluorinated identity and assay-table values in the cited source.
RLM,1993486,116652,10.1021/acsmedchemlett.0c00263,Discovery of Vixotrigine: A Novel Use-Dependent Sodium Channel Blocker for the Treatment of Trigeminal Neuralgia.,CTMFBXXABDBMPT,VGTWBNBPRJXHJP,NC(=O)[C@@H]1CC[C@H](c2ccc(Oc3ccccc3)cc2)N1,NC(=O)[C@@H]1CC[C@H](c2ccc(Oc3cccc(F)c3)cc2)N1,Ar-H_to_Ar-F,1,16,1,"{""1"": -1, ""9"": 1}",0.534026106056135,0.5563025007672873,0.02227639471115228,0,1,1,0.0,0.0,0.0,CL,CL,mL.min-1.g-1,mL.min-1.g-1,mL.min-1.kg-1,mL.min-1.kg-1,1,1,0,0,1,0,1,1,pending,Verify the parent/fluorinated identity and assay-table values in the cited source.
RLM,1993486,116652,10.1021/acsmedchemlett.0c00263,Discovery of Vixotrigine: A Novel Use-Dependent Sodium Channel Blocker for the Treatment of Trigeminal Neuralgia.,CTMFBXXABDBMPT,XNMYVAHJYGQHNB,NC(=O)[C@@H]1CC[C@H](c2ccc(Oc3ccccc3)cc2)N1,NC(=O)[C@@H]1CC[C@H](c2ccc(Oc3ccc(F)cc3)cc2)N1,Ar-H_to_Ar-F,1,15,1,"{""1"": -1, ""9"": 1}",0.534026106056135,0.5563025007672873,0.02227639471115228,0,1,1,0.0,0.0,0.0,CL,CL,mL.min-1.g-1,mL.min-1.g-1,mL.min-1.kg-1,mL.min-1.kg-1,1,1,0,0,1,0,1,1,pending,Verify the parent/fluorinated identity and assay-table values in the cited source.
RLM,559941,44953,10.1016/j.bmcl.2008.10.072,The discovery of biaryl carboxamides as novel small molecule agonists of the motilin receptor.,CYEIOVYZTVJICS,OUIDMDHPFBRWMF,C[C@@H]1CN(Cc2ccc(-c3cccnc3C(=O)N3CCC(Nc4ccc(F)cc4)CC3)cc2)C[C@H](C)N1,C[C@@H]1CN(Cc2ccc(-c3cccnc3C(=O)N3CCC(Nc4ccc(F)cc4)CC3)cc2F)C[C@H](C)N1,Ar-H_to_Ar-F,1,32,1,"{""1"": -1, ""9"": 1}",0.7024305364455252,1.0681858617461617,0.3657553253006365,0,1,1,0.0,0.0,0.0,CL,CL,mL.min-1.g-1,mL.min-1.g-1,mL.min-1.kg-1,mL.min-1.kg-1,1,1,0,0,1,0,1,1,pending,Verify the parent/fluorinated identity and assay-table values in the cited source.
RLM,559941,44953,10.1016/j.bmcl.2008.10.072,The discovery of biaryl carboxamides as novel small molecule agonists of the motilin receptor.,CYEIOVYZTVJICS,XYDHHTQFZABPJP,C[C@@H]1CN(Cc2ccc(-c3cccnc3C(=O)N3CCC(Nc4ccc(F)cc4)CC3)cc2)C[C@H](C)N1,C[C@@H]1CN(Cc2ccc(-c3cccnc3C(=O)N3CCC(Nc4ccc(F)c(F)c4)CC3)cc2)C[C@H](C)N1,Ar-H_to_Ar-F,1,27,1,"{""1"": -1, ""9"": 1}",0.7024305364455252,1.0261245167454502,0.323693980299925,0,1,1,0.0,0.0,0.0,CL,CL,mL.min-1.g-1,mL.min-1.g-1,mL.min-1.kg-1,mL.min-1.kg-1,1,1,0,0,1,0,1,1,pending,Verify the parent/fluorinated identity and assay-table values in the cited source.
RLM,849460,65301,10.1016/j.bmcl.2012.08.031,"Phenethyl nicotinamides, a novel class of Na(V)1.7 channel blockers: structure and activity relationship.",DASYNINSCRABIO,SJCKKJUEVXMIOE,COc1cnc(-c2ccccc2CCNC(=O)c2ccc(OCCC(F)(F)F)nc2)cn1,O=C(NCCc1ccccc1-c1cnc(OC(F)F)cn1)c1ccc(OCCC(F)(F)F)nc1,CH2_to_CF2,2,16,1,"{""1"": -2, ""9"": 2}",5.365862215402555,5.686636269262293,0.3207740538597381,0,1,1,0.0,0.0,0.0,CL,CL,mL.min-1.g-1,mL.min-1.g-1,mL.min-1.kg-1,mL.min-1.kg-1,1,1,0,0,1,0,1,1,pending,Verify the parent/fluorinated identity and assay-table values in the cited source.
RLM,1764673,108451,10.1021/acsmedchemlett.8b00182,Optimization of 3-Pyrimidin-4-yl-oxazolidin-2-ones as Orally Bioavailable and Brain Penetrant Mutant IDH1 Inhibitors.,DAWINSQXUWPTBL,RRSNVVPVDMADPO,C[C@H](Nc1ncc(F)c(N2C(=O)OC[C@@H]2C)n1)c1cn(-c2ccc(Cl)cc2)cn1,C[C@H](Nc1ncc(F)c(N2C(=O)OC[C@@H]2CF)n1)c1cn(-c2ccc(Cl)cc2)cn1,C-H_to_C-F,1,15,1,"{""1"": -1, ""9"": 1}",2.2595938788859486,1.7024305364455252,-0.5571633424404234,1,1,1,0.0,0.0,0.0,CL,CL,mL.min-1.g-1,mL.min-1.g-1,mL.min-1.kg-1,mL.min-1.kg-1,1,1,0,0,1,0,1,1,pending,Verify the parent/fluorinated identity and assay-table values in the cited source.
RLM,686394,54003,10.1016/j.bmcl.2010.09.085,"5-{2-[4-(2-methyl-5-quinolinyl)-1-piperazinyl]ethyl}-2(1H)-quinolinones and 3,4-dihydro-2(1H)-quinolinones: dual-acting 5-HT1 receptor antagonists and serotonin reuptake inhibitors. Part 3.",DEGNGOWCMPZWDE,UFYNVMLPCYILNZ,Cc1ccc2c(N3CCN(CCc4cccc5c4ccc(=O)n5C)[C@@H](C)C3)cccc2n1,Cc1ccc2c(N3CCN(CCc4cccc5c4ccc(=O)n5C)[C@@H](C)C3)cc(F)cc2n1,Ar-H_to_Ar-F,1,28,1,"{""1"": -1, ""9"": 1}",0.10037054511756283,0.10037054511756283,0.0,0,1,1,0.0,0.0,0.0,CL,CL,mL.min-1.g-1,mL.min-1.g-1,mL.min-1.kg-1,mL.min-1.kg-1,1,1,0,0,1,0,1,1,pending,Verify the parent/fluorinated identity and assay-table values in the cited source.
RLM,860191,65822,10.1021/jm3007257,"(1R,2R)-N-(1-cyanocyclopropyl)-2-(6-methoxy-1,3,4,5-tetrahydropyrido[4,3-b]indole-2-carbonyl)cyclohexanecarboxamide (AZD4996): a potent and highly selective cathepsin K inhibitor for the treatment of osteoarthritis.",DKGVOSFCHAMVHO,YRLSAGVJGNJNON,Cc1cccc2c3c([nH]c12)CCN(C(=O)[C@@H]1CCCC[C@H]1C(=O)NC1(C#N)CC1)C3,N#CC1(NC(=O)[C@@H]2CCCC[C@H]2C(=O)N2CCc3[nH]c4c(C(F)(F)F)cccc4c3C2)CC1,CH3_to_CF3,3,21,1,"{""1"": -3, ""9"": 3}",2.5081255360831993,2.3197304943302246,-0.18839504175297472,1,1,1,0.0,0.0,0.0,CL,CL,mL.min-1.g-1,mL.min-1.g-1,mL.min-1.kg-1,mL.min-1.kg-1,1,1,0,0,1,0,1,1,pending,Verify the parent/fluorinated identity and assay-table values in the cited source.
RLM,429173,35229,10.1021/jm061159a,"Discovery of diaryl imidazolidin-2-one derivatives, a novel class of muscarinic M3 selective antagonists (Part 1).",DLFIQCGXPLUMEB,HWCBLDPYKRZMKJ,O=C1NC(c2ccc(F)cc2)(c2ccc(F)cc2)CN1C1CCN(Cc2ccccc2)CC1,O=C1NC(c2ccc(F)cc2)(c2ccc(F)cc2)CN1C1CCN(Cc2cccc(F)c2)CC1,Ar-H_to_Ar-F,1,29,1,"{""1"": -1, ""9"": 1}",0.3010299956639812,0.146128035678238,-0.1549019599857432,1,1,1,0.0,0.0,0.0,CL,CL,mL.min-1.kg-1,mL.min-1.kg-1,,,1,1,0,0,1,0,1,1,pending,Verify the parent/fluorinated identity and assay-table values in the cited source.
RLM,2102502,120127,10.1016/j.bmcl.2021.128335,Discovery of GNE-502 as an orally bioavailable and potent degrader for estrogen receptor positive breast cancer.,DLVPQVIQBVJNHS,QZIDPVDFYHEKDU,C[C@@H]1Cc2c([nH]c3ccccc23)[C@@H](c2ccc(OCCN3CC(CF)C3)cc2F)N1S(C)(=O)=O,C[C@@H]1Cc2c([nH]c3ccccc23)[C@@H](c2c(F)cc(OCCN3CC(CF)C3)cc2F)N1S(C)(=O)=O,Ar-H_to_Ar-F,1,14,1,"{""1"": -1, ""9"": 1}",1.7403626894942439,1.7403626894942439,0.0,0,1,1,0.0,0.0,0.0,CL,CL,mL.min-1.kg-1,mL.min-1.kg-1,,,1,1,0,0,1,0,1,1,pending,Verify the parent/fluorinated identity and assay-table values in the cited source.
RLM,391848,31640,10.1016/j.bmcl.2006.07.040,Solid-phase synthesis and structure-activity relationships of novel biarylethers as melanin-concentrating hormone receptor-1 antagonists.,DLYZTARPCXSNNB,SUXUDRZHKMVXQJ,Cc1cccc(Oc2ccc(C(=O)NCCN3CCCC3)cc2NC(=O)Nc2cccc(F)c2)c1,Cc1cc(Oc2ccc(C(=O)NCCN3CCCC3)cc2NC(=O)Nc2cccc(F)c2)ccc1F,Ar-H_to_Ar-F,1,34,1,"{""1"": -1, ""9"": 1}",2.9264453478183894,2.666892211066536,-0.2595531367518533,1,1,1,0.0,0.0,0.0,CL,CL,mL.min-1.g-1,mL.min-1.g-1,mL.min-1.kg-1,mL.min-1.kg-1,1,1,0,0,1,0,1,1,pending,Verify the parent/fluorinated identity and assay-table values in the cited source.
RLM,685147,53897,10.1021/jm100773e,"First in class, potent, and orally bioavailable NADPH oxidase isoform 4 (Nox4) inhibitors for the treatment of idiopathic pulmonary fibrosis.",DNKYHHFCPXKFIY,DMCXPJYWZNDCID,Cc1c2c(=O)n(-c3ccccc3Cl)[nH]c2cc(=O)n1Cc1ccccn1,Cc1c2c(=O)n(-c3ccc(F)cc3Cl)[nH]c2cc(=O)n1Cc1ccccn1,Ar-H_to_Ar-F,1,9,1,"{""1"": -1, ""9"": 1}",2.101609617233111,2.1805845966029556,0.07897497936984443,0,1,1,0.0,0.0,0.0,CL,CL,mL.min-1.g-1,mL.min-1.g-1,mL.min-1.kg-1,mL.min-1.kg-1,1,1,0,0,1,0,1,1,pending,Verify the parent/fluorinated identity and assay-table values in the cited source.
RLM,2150274,121646,10.1021/acs.jmedchem.1c00831,Second-Generation Dual FXR/sEH Modulators with Optimized Pharmacokinetics.,DQLAQAHYZKKING,BXJVZDVHPFAFHO,COc1ccc(C(=O)NCc2ccc(NS(C)(=O)=O)cc2Cl)cc1,CS(=O)(=O)Nc1ccc(CNC(=O)c2ccc(OC(F)(F)F)cc2)c(Cl)c1,OCH3_to_OCF3,3,18,1,"{""1"": -3, ""9"": 3}",0.9542425094393249,1.2143138974243997,0.2600713879850748,0,1,1,0.0,0.0,0.0,CL,CL,mL.min-1.g-1,mL.min-1.g-1,mL.min-1.kg-1,mL.min-1.kg-1,1,1,0,0,1,0,1,1,pending,Verify the parent/fluorinated identity and assay-table values in the cited source.
RLM,1735191,107245,10.1021/acs.jmedchem.8b00295,"De Novo Design, Synthesis, and Biological Evaluation of 3,4-Disubstituted Pyrrolidine Sulfonamides as Potent and Selective Glycine Transporter 1 Competitive Inhibitors.",DQVNMGBRDUEQIV,VHWZAEAAVMQXTN,Cn1cnc(S(=O)(=O)N2C[C@H](Nc3cccc(OC(F)(F)F)c3)[C@@H](c3ccc(F)cc3)C2)c1,Cn1cnc(S(=O)(=O)N2C[C@H](Nc3ccc(F)c(OC(F)(F)F)c3)[C@@H](c3ccc(F)cc3)C2)c1,Ar-H_to_Ar-F,1,15,1,"{""1"": -1, ""9"": 1}",3.7377228581416633,3.70472261894507,-0.03300023919659312,1,1,1,0.0,0.0,0.0,CL,CL,mL.min-1.kg-1,mL.min-1.kg-1,,,1,1,0,0,1,0,1,1,pending,Verify the parent/fluorinated identity and assay-table values in the cited source.
RLM,853106,65507,10.1021/ml3000148,"A Potent and Orally Efficacious, Hydroxyethylamine-Based Inhibitor of β-Secretase.",DTZPIFYDDLMENC,PIKUTRPQMRVSAL,COc1cc(C[C@H](NC(C)=O)[C@H](O)CN[C@H]2CC3(CCC3)Oc3ncc(CC(C)(C)C)cc32)ccc1F,CC(=O)N[C@@H](Cc1ccc(F)c(OC(F)(F)F)c1)[C@H](O)CN[C@H]1CC2(CCC2)Oc2ncc(CC(C)(C)C)cc21,OCH3_to_OCF3,3,13,1,"{""1"": -3, ""9"": 3}",2.4727564493172123,2.597695185925512,0.1249387366082999,0,1,1,0.0,0.0,0.0,CL,CL,mL.min-1.g-1,mL.min-1.g-1,mL.min-1.kg-1,mL.min-1.kg-1,1,1,0,0,1,0,1,1,pending,Verify the parent/fluorinated identity and assay-table values in the cited source.
RLM,501247,46450,10.1016/j.bmcl.2009.02.056,"8-[2-(4-Aryl-1-piperazinyl)ethyl]-2H-1,4-benzoxazin-3(4H)-ones: dual-acting 5-HT1 receptor antagonists and serotonin reuptake inhibitors--part II.",DYMOFCTVBPZWIC,SQAJJIRLNALPSN,Cc1ccc2c(N3CCN(CCc4cccc5c4OCC(=O)N5C)CC3)cccc2n1,Cc1ccc2c(N3CCN(CCc4cccc5c4OCC(=O)N5C)CC3)cc(F)cc2n1,Ar-H_to_Ar-F,1,27,1,"{""1"": -1, ""9"": 1}",0.25527250510330607,0.15836249209524964,-0.09691001300805643,1,1,1,0.0,0.0,0.0,CL,CL,mL.min-1.g-1,mL.min-1.g-1,mL.min-1.kg-1,mL.min-1.kg-1,1,1,0,0,1,0,1,1,pending,Verify the parent/fluorinated identity and assay-table values in the cited source.
RLM,391631,31634,10.1016/j.bmcl.2006.06.033,Metabolism investigation leading to novel drug design 2: orally active prostacyclin mimetics. Part 5.,FBALRIQIAKQGQV,ABBSHDFWMRFGOC,O=C(O)COc1cccc2c1CC[C@](O)(COC(=O)N(c1ccccc1)c1ccc(F)cc1)C2,O=C(O)COc1cccc2c1CC[C@](O)(COC(=O)N(c1ccc(F)cc1)c1ccccc1F)C2,Ar-H_to_Ar-F,1,32,1,"{""1"": -1, ""9"": 1}",1.0128372247051722,1.0718820073061255,0.05904478260095325,0,1,1,0.0,0.0,0.0,CL,CL,mL.min-1.kg-1,mL.min-1.kg-1,,,1,1,0,0,1,0,1,1,pending,Verify the parent/fluorinated identity and assay-table values in the cited source.
RLM,391631,31634,10.1016/j.bmcl.2006.06.033,Metabolism investigation leading to novel drug design 2: orally active prostacyclin mimetics. Part 5.,FBALRIQIAKQGQV,JIJRVLZPUGGNNB,O=C(O)COc1cccc2c1CC[C@](O)(COC(=O)N(c1ccccc1)c1ccc(F)cc1)C2,O=C(O)COc1cccc2c1CC[C@](O)(COC(=O)N(c1ccc(F)cc1)c1ccc(F)cc1)C2,Ar-H_to_Ar-F,1,23,1,"{""1"": -1, ""9"": 1}",1.0128372247051722,0.6627578316815741,-0.35007939302359814,1,1,1,0.0,0.0,0.0,CL,CL,mL.min-1.kg-1,mL.min-1.kg-1,,,1,1,0,0,1,0,1,1,pending,Verify the parent/fluorinated identity and assay-table values in the cited source.
RLM,391631,31634,10.1016/j.bmcl.2006.06.033,Metabolism investigation leading to novel drug design 2: orally active prostacyclin mimetics. Part 5.,FBALRIQIAKQGQV,NGXUELJNBORXOM,O=C(O)COc1cccc2c1CC[C@](O)(COC(=O)N(c1ccccc1)c1ccc(F)cc1)C2,O=C(O)COc1cccc2c1CC[C@](O)(COC(=O)N(c1ccc(F)cc1)c1cccc(F)c1)C2,Ar-H_to_Ar-F,1,31,1,"{""1"": -1, ""9"": 1}",1.0128372247051722,1.0681858617461617,0.05534863704098947,0,1,1,0.0,0.0,0.0,CL,CL,mL.min-1.kg-1,mL.min-1.kg-1,,,1,1,0,0,1,0,1,1,pending,Verify the parent/fluorinated identity and assay-table values in the cited source.
RLM,853106,65507,10.1021/ml3000148,"A Potent and Orally Efficacious, Hydroxyethylamine-Based Inhibitor of β-Secretase.",FBJQDUYQPYABBR,AAHFBZODUHKGBC,CC(=O)N[C@@H](Cc1ccc(F)cc1)[C@H](O)CN[C@H]1CC2(CCC2)Oc2ncc(CC(C)(C)C)cc21,CC(=O)N[C@@H](Cc1ccc(F)cc1F)[C@H](O)CN[C@H]1CC2(CCC2)Oc2ncc(CC(C)(C)C)cc21,Ar-H_to_Ar-F,1,12,1,"{""1"": -1, ""9"": 1}",2.510545010206612,2.4933186082321015,-0.01722640197451053,1,1,1,0.0,0.0,0.0,CL,CL,mL.min-1.g-1,mL.min-1.g-1,mL.min-1.kg-1,mL.min-1.kg-1,1,1,0,0,1,0,1,1,pending,Verify the parent/fluorinated identity and assay-table values in the cited source.
RLM,2100521,120062,10.1021/acs.jmedchem.0c02173,"Use of Intramolecular 1,5-Sulfur-Oxygen and 1,5-Sulfur-Halogen Interactions in the Design of <i>N</i>-Methyl-5-aryl-<i>N</i>-(2,2,6,6-tetramethylpiperidin-4-yl)-1,3,4-thiadiazol-2-amine SMN2 Splicing Modulators.",FCGQTUMHJLHUHS,RQJFZFNQJGTLFP,CN(c1nnc(-c2ccc(-c3cn[nH]c3)cc2Cl)s1)C1CC(C)(C)NC(C)(C)C1,CN(c1nnc(-c2cc(F)c(-c3cn[nH]c3)cc2Cl)s1)C1CC(C)(C)NC(C)(C)C1,Ar-H_to_Ar-F,1,8,1,"{""1"": -1, ""9"": 1}",1.6354837468149122,1.9876662649262746,0.3521825181113625,0,1,1,0.0,0.0,0.0,CL,CL,mL.min-1.g-1,mL.min-1.g-1,mL.min-1.kg-1,mL.min-1.kg-1,1,1,0,0,1,0,1,1,pending,Verify the parent/fluorinated identity and assay-table values in the cited source.
RLM,2150274,121646,10.1021/acs.jmedchem.1c00831,Second-Generation Dual FXR/sEH Modulators with Optimized Pharmacokinetics.,FDWWMABQSDHORS,WCPYOTFKUUCNJW,CC(C)(C)c1ccc(C(=O)NCc2ccc(NS(C)(=O)=O)cc2F)cc1,CC(C)(C)c1ccc(C(=O)NCc2c(F)cc(NS(C)(=O)=O)cc2F)cc1,Ar-H_to_Ar-F,1,13,1,"{""1"": -1, ""9"": 1}",1.9273703630390235,1.2237554536572413,-0.7036149093817823,1,1,1,0.0,0.0,0.0,CL,CL,mL.min-1.g-1,mL.min-1.g-1,mL.min-1.kg-1,mL.min-1.kg-1,1,1,0,0,1,0,1,1,pending,Verify the parent/fluorinated identity and assay-table values in the cited source.
RLM,863881,65939,10.1021/jm3005866,"The discovery and optimization of a novel class of potent, selective, and orally bioavailable anaplastic lymphoma kinase (ALK) inhibitors with potential utility for the treatment of cancer.",FJFHEMLIRUMYDY,WSTUJEXAPHIEIM,CC(C)NC(=O)[C@H]1CC[C@@H](n2c(NC(=O)c3ccccc3)nc3ccc(CN4CCC(C(C)(C)O)CC4)cc32)CC1,CC(C)NC(=O)[C@H]1CC[C@@H](n2c(NC(=O)c3ccc(F)cc3)nc3ccc(CN4CCC(C(C)(C)O)CC4)cc32)CC1,Ar-H_to_Ar-F,1,18,1,"{""1"": -1, ""9"": 1}",1.5774917998372253,1.4313637641589874,-0.14612803567823796,1,1,1,0.0,0.0,0.0,CL,CL,mL.min-1.g-1,mL.min-1.g-1,mL.min-1.kg-1,mL.min-1.kg-1,1,1,0,0,1,0,1,1,pending,Verify the parent/fluorinated identity and assay-table values in the cited source.
RLM,863881,65939,10.1021/jm3005866,"The discovery and optimization of a novel class of potent, selective, and orally bioavailable anaplastic lymphoma kinase (ALK) inhibitors with potential utility for the treatment of cancer.",FJFHEMLIRUMYDY,ZPOFDMHUQICKGG,CC(C)NC(=O)[C@H]1CC[C@@H](n2c(NC(=O)c3ccccc3)nc3ccc(CN4CCC(C(C)(C)O)CC4)cc32)CC1,CC(C)NC(=O)[C@H]1CC[C@@H](n2c(NC(=O)c3cccc(F)c3)nc3ccc(CN4CCC(C(C)(C)O)CC4)cc32)CC1,Ar-H_to_Ar-F,1,19,1,"{""1"": -1, ""9"": 1}",1.5774917998372253,1.255272505103306,-0.3222192947339193,1,1,1,0.0,0.0,0.0,CL,CL,mL.min-1.g-1,mL.min-1.g-1,mL.min-1.kg-1,mL.min-1.kg-1,1,1,0,0,1,0,1,1,pending,Verify the parent/fluorinated identity and assay-table values in the cited source.
RLM,1810581,110470,10.1021/acs.jmedchem.8b00994,"Discovery, Structure-Activity Relationship, and Biological Characterization of a Novel Series of 6-((1 H-Pyrazolo[4,3- b]pyridin-3-yl)amino)-benzo[ d]isothiazole-3-carboxamides as Positive Allosteric Modulators of the Metabotropic Glutamate Receptor 4 (mGlu<sub>4</sub>).",FLWCYUXGFBGAIM,SEWTUAMNGASPPB,Cc1noc2ccc(Nc3[nH]nc4cccnc34)cc12,Cc1noc2ccc(Nc3[nH]nc4cc(F)cnc34)cc12,Ar-H_to_Ar-F,1,14,1,"{""1"": -1, ""9"": 1}",1.5024271199844328,1.5237464668115646,0.02131934682713177,0,1,1,0.0,0.0,0.0,CL,CL,mL.min-1.kg-1,mL.min-1.kg-1,,,1,1,0,0,1,0,1,1,pending,Verify the parent/fluorinated identity and assay-table values in the cited source.
RLM,1810581,110470,10.1021/acs.jmedchem.8b00994,"Discovery, Structure-Activity Relationship, and Biological Characterization of a Novel Series of 6-((1 H-Pyrazolo[4,3- b]pyridin-3-yl)amino)-benzo[ d]isothiazole-3-carboxamides as Positive Allosteric Modulators of the Metabotropic Glutamate Receptor 4 (mGlu<sub>4</sub>).",FLWCYUXGFBGAIM,ZYDFCUFZQFYWKO,Cc1noc2ccc(Nc3[nH]nc4cccnc34)cc12,Cc1noc2c(F)cc(Nc3[nH]nc4cccnc34)cc12,Ar-H_to_Ar-F,1,5,1,"{""1"": -1, ""9"": 1}",1.5024271199844328,1.8221680793680175,0.3197409593835847,0,1,1,0.0,0.0,0.0,CL,CL,mL.min-1.kg-1,mL.min-1.kg-1,,,1,1,0,0,1,0,1,1,pending,Verify the parent/fluorinated identity and assay-table values in the cited source.
RLM,1810581,110470,10.1021/acs.jmedchem.8b00994,"Discovery, Structure-Activity Relationship, and Biological Characterization of a Novel Series of 6-((1 H-Pyrazolo[4,3- b]pyridin-3-yl)amino)-benzo[ d]isothiazole-3-carboxamides as Positive Allosteric Modulators of the Metabotropic Glutamate Receptor 4 (mGlu<sub>4</sub>).",FMJQBDRMAKWHII,CMKYFVFTNIFSHB,Cc1noc2ccc(Nc3[nH]nc4ncccc34)cc12,Cc1noc2c(F)cc(Nc3[nH]nc4ncccc34)cc12,Ar-H_to_Ar-F,1,5,1,"{""1"": -1, ""9"": 1}",1.4785664955938433,2.041392685158225,0.5628261895643816,0,1,1,0.0,0.0,0.0,CL,CL,mL.min-1.kg-1,mL.min-1.kg-1,,,1,1,0,0,1,0,1,1,pending,Verify the parent/fluorinated identity and assay-table values in the cited source.
RLM,1810581,110470,10.1021/acs.jmedchem.8b00994,"Discovery, Structure-Activity Relationship, and Biological Characterization of a Novel Series of 6-((1 H-Pyrazolo[4,3- b]pyridin-3-yl)amino)-benzo[ d]isothiazole-3-carboxamides as Positive Allosteric Modulators of the Metabotropic Glutamate Receptor 4 (mGlu<sub>4</sub>).",FMJQBDRMAKWHII,JRJYHSWBPDNZCM,Cc1noc2ccc(Nc3[nH]nc4ncccc34)cc12,Cc1noc2ccc(Nc3[nH]nc4ncc(F)cc34)cc12,Ar-H_to_Ar-F,1,15,1,"{""1"": -1, ""9"": 1}",1.4785664955938433,1.5943925503754266,0.11582605478158325,0,1,1,0.0,0.0,0.0,CL,CL,mL.min-1.kg-1,mL.min-1.kg-1,,,1,1,0,0,1,0,1,1,pending,Verify the parent/fluorinated identity and assay-table values in the cited source.
RLM,536357,44642,10.1016/j.bmcl.2008.08.105,Design and synthesis of 6-phenylnicotinamide derivatives as antagonists of TRPV1.,FQMMZAXRATYRCZ,NQDSUKJZNRLIIE,O=C(Nc1ccc2cccnc2c1)c1ccc(-c2ccccc2)nc1,O=C(Nc1ccc2cccnc2c1)c1ccc(-c2ccc(F)cc2)nc1,Ar-H_to_Ar-F,1,20,1,"{""1"": -1, ""9"": 1}",0.5976951859255123,0.29666519026153115,-0.30102999566398114,1,1,1,0.0,0.0,0.0,CL,CL,mL.min-1.g-1,mL.min-1.g-1,mL.min-1.kg-1,mL.min-1.kg-1,1,1,0,0,1,0,1,1,pending,Verify the parent/fluorinated identity and assay-table values in the cited source.
RLM,2089345,119817,10.1016/j.ejmech.2020.112424,Discovery of coumarin derivatives as potent and selective cyclin-dependent kinase 9 (CDK9) inhibitors with high antitumour activity.,FTGMCTBSWOHGKU,RDOKVGWGKMHBMG,COc1cc(F)ccc1-c1ccnc(Nc2ccc3c(N4CCOCC4)c(C(C)=O)c(=O)oc3c2)n1,COc1cc(F)ccc1-c1nc(Nc2ccc3c(N4CCOCC4)c(C(C)=O)c(=O)oc3c2)ncc1F,Ar-H_to_Ar-F,1,35,1,"{""1"": -1, ""9"": 1}",2.413634997198556,3.093491727010932,0.6798567298123763,0,1,1,0.0,0.0,0.0,CL,CL,mL.min-1.g-1,mL.min-1.g-1,mL.min-1.kg-1,mL.min-1.kg-1,1,1,0,0,1,0,1,1,pending,Verify the parent/fluorinated identity and assay-table values in the cited source.
RLM,853106,65507,10.1021/ml3000148,"A Potent and Orally Efficacious, Hydroxyethylamine-Based Inhibitor of β-Secretase.",FYUUNYNZWADHLV,MYTVXNHBRORZBI,CC(=O)N[C@@H](Cc1cccc(C(F)(F)F)c1)[C@H](O)CN[C@H]1CC2(CCC2)Oc2ncc(CC(C)(C)C)cc21,CC(=O)N[C@@H](Cc1ccc(F)c(C(F)(F)F)c1)[C@H](O)CN[C@H]1CC2(CCC2)Oc2ncc(CC(C)(C)C)cc21,Ar-H_to_Ar-F,1,9,1,"{""1"": -1, ""9"": 1}",2.5081255360831993,2.3197304943302246,-0.18839504175297472,1,1,1,0.0,0.0,0.0,CL,CL,mL.min-1.g-1,mL.min-1.g-1,mL.min-1.kg-1,mL.min-1.kg-1,1,1,0,0,1,0,1,1,pending,Verify the parent/fluorinated identity and assay-table values in the cited source.
RLM,972739,74310,10.1021/ml400197u,"Structure and Property Based Design of Pyrazolo[1,5-a]pyrimidine Inhibitors of CK2 Kinase with Activity in Vivo.",GDSQVLMYYCNAGP,ZECIXPXSTBBHEA,CC(=O)Nc1cc(Nc2cc(NC3CC3)n3ncc(C#N)c3n2)ccc1C,CC(=O)Nc1cc(Nc2cc(NC3CC3)n3ncc(C#N)c3n2)c(F)cc1C,Ar-H_to_Ar-F,1,23,1,"{""1"": -1, ""9"": 1}",1.4313637641589874,1.8115750058705933,0.3802112417116059,0,1,1,0.0,0.0,0.0,CL,CL,mL.min-1.g-1,mL.min-1.g-1,mL.min-1.kg-1,mL.min-1.kg-1,1,1,0,0,1,0,1,1,pending,Verify the parent/fluorinated identity and assay-table values in the cited source.
RLM,858343,65886,10.1016/j.bmcl.2012.08.100,Discovery and characterization of AZD9272 and AZD6538-Two novel mGluR5 negative allosteric modulators selected for clinical development.,GELAFISMURFRCA,RBSPCALDSNXWEP,N#Cc1cc(F)cc(-c2nc(-c3ccccn3)no2)c1,N#Cc1cc(F)cc(-c2nc(-c3ccc(F)cn3)no2)c1,Ar-H_to_Ar-F,1,14,1,"{""1"": -1, ""9"": 1}",1.717670503002262,1.255272505103306,-0.4623979978989561,1,1,1,0.0,0.0,0.0,CL,CL,mL.min-1.g-1,mL.min-1.g-1,mL.min-1.kg-1,mL.min-1.kg-1,1,1,0,0,1,0,1,1,pending,Verify the parent/fluorinated identity and assay-table values in the cited source.
RLM,1921431,113971,10.1021/acs.jmedchem.8b01679,Design and Synthesis of a Novel and Selective Kappa Opioid Receptor (KOR) Antagonist (BTRX-335140).,GEUGRQYYFPZRCQ,NWDCTXUFRKENTN,CCc1ccc2nc(N3CCC(N[C@@H]4CCCOC4)CC3)c(-c3nc(C)no3)cc2c1,CCc1cc(F)c2nc(N3CCC(N[C@@H]4CCCOC4)CC3)c(-c3nc(C)no3)cc2c1,Ar-H_to_Ar-F,1,4,1,"{""1"": -1, ""9"": 1}",1.7101173651118162,1.3560258571931227,-0.3540915079186935,1,1,1,0.0,0.0,0.0,CL,CL,mL.min-1.kg-1,mL.min-1.kg-1,,,1,1,0,0,1,0,1,1,pending,Verify the parent/fluorinated identity and assay-table values in the cited source.
RLM,755974,58195,10.1021/jm200385u,"Synthesis of a novel series of tricyclic dihydrofuran derivatives: discovery of 8,9-dihydrofuro[3,2-c]pyrazolo[1,5-a]pyridines as melatonin receptor (MT1/MT2) ligands.",GIJVMVBEOMPBKW,KMROLSWGHJXKLU,CCC(=O)NCCc1c(C)nn2ccc3c(c12)CCO3,CCC(=O)NCCc1c(C(F)(F)F)nn2ccc3c(c12)CCO3,CH3_to_CF3,3,9,1,"{""1"": -3, ""9"": 3}",1.8573324964312685,2.255272505103306,0.3979400086720375,0,1,1,0.0,0.0,0.0,CL,CL,mL.min-1.g-1,mL.min-1.g-1,mL.min-1.kg-1,mL.min-1.kg-1,1,1,0,0,1,0,1,1,pending,Verify the parent/fluorinated identity and assay-table values in the cited source.
RLM,2223385,123813,10.1021/acs.jmedchem.2c00313,SAGE-718: A First-in-Class <i>N</i>-Methyl-d-Aspartate Receptor Positive Allosteric Modulator for the Potential Treatment of Cognitive Impairment.,GLXBRGHIMATFKV,BVBRUQYHUXKZMQ,C[C@H](CCC(C)(C)O)[C@H]1CC[C@H]2[C@@H]3CC=C4C[C@@](C)(O)CC[C@]4(C)[C@H]3CC[C@]12C,C[C@H](CC[C@](C)(O)C(F)(F)F)[C@H]1CC[C@H]2[C@@H]3CC=C4C[C@@](C)(O)CC[C@]4(C)[C@H]3CC[C@]12C,CH3_to_CF3,3,7,1,"{""1"": -3, ""9"": 3}",1.7993405494535817,1.2966651902615312,-0.5026753591920505,1,1,1,0.0,0.0,0.0,CL,CL,mL.min-1.g-1,mL.min-1.g-1,mL.min-1.kg-1,mL.min-1.kg-1,1,1,0,0,1,0,1,1,pending,Verify the parent/fluorinated identity and assay-table values in the cited source.
RLM,467092,38671,10.1021/jm701487t,Benzodioxoles: novel cannabinoid-1 receptor inverse agonists for the treatment of obesity.,GNUDAIROHJOQGV,VUCKSZWMRCSPME,O=C(c1ccc2c(c1)OC(c1ccc(F)cc1)(c1ccc(Cl)cc1Cl)O2)N1CCOCC1,O=C(c1cc2c(cc1F)OC(c1ccc(F)cc1)(c1ccc(Cl)cc1Cl)O2)N1CCOCC1,Ar-H_to_Ar-F,1,7,1,"{""1"": -1, ""9"": 1}",0.8573324964312685,1.5976951859255124,0.7403626894942439,0,1,1,0.0,0.0,0.0,CL,CL,mL.min-1.g-1,mL.min-1.g-1,mL.min-1.kg-1,mL.min-1.kg-1,1,1,0,0,1,0,1,1,pending,Verify the parent/fluorinated identity and assay-table values in the cited source.
RLM,2118299,120738,10.1021/acs.jmedchem.1c00847,GDC-9545 (Giredestrant): A Potent and Orally Bioavailable Selective Estrogen Receptor Antagonist and Degrader with an Exceptional Preclinical Profile for ER+ Breast Cancer.,GQCXHIKRWBIQMD,CQQRFPSWPGCKCH,C[C@@H]1Cc2c([nH]c3ccccc23)[C@@H](c2c(F)cc(NC3CN(CCCF)C3)cc2F)N1CC(F)(F)CO,C[C@@H]1Cc2c([nH]c3cccc(F)c23)[C@@H](c2c(F)cc(NC3CN(CCCF)C3)cc2F)N1CC(F)(F)CO,Ar-H_to_Ar-F,1,10,1,"{""1"": -1, ""9"": 1}",1.2787536009528289,1.2787536009528289,0.0,0,1,1,0.0,0.0,0.0,CL,CL,mL.min-1.kg-1,mL.min-1.kg-1,,,1,1,0,0,1,0,1,1,pending,Verify the parent/fluorinated identity and assay-table values in the cited source.
RLM,2118299,120738,10.1021/acs.jmedchem.1c00847,GDC-9545 (Giredestrant): A Potent and Orally Bioavailable Selective Estrogen Receptor Antagonist and Degrader with an Exceptional Preclinical Profile for ER+ Breast Cancer.,GQCXHIKRWBIQMD,DGCYBRDAKZFTDA,C[C@@H]1Cc2c([nH]c3ccccc23)[C@@H](c2c(F)cc(NC3CN(CCCF)C3)cc2F)N1CC(F)(F)CO,C[C@@H]1Cc2c([nH]c3c(F)cccc23)[C@@H](c2c(F)cc(NC3CN(CCCF)C3)cc2F)N1CC(F)(F)CO,Ar-H_to_Ar-F,1,7,1,"{""1"": -1, ""9"": 1}",1.2787536009528289,1.2041199826559248,-0.07463361829690407,1,1,1,0.0,0.0,0.0,CL,CL,mL.min-1.kg-1,mL.min-1.kg-1,,,1,1,0,0,1,0,1,1,pending,Verify the parent/fluorinated identity and assay-table values in the cited source.
RLM,2118299,120738,10.1021/acs.jmedchem.1c00847,GDC-9545 (Giredestrant): A Potent and Orally Bioavailable Selective Estrogen Receptor Antagonist and Degrader with an Exceptional Preclinical Profile for ER+ Breast Cancer.,GQCXHIKRWBIQMD,IHPLYTHECYNRBF,C[C@@H]1Cc2c([nH]c3ccccc23)[C@@H](c2c(F)cc(NC3CN(CCCF)C3)cc2F)N1CC(F)(F)CO,C[C@@H]1Cc2c([nH]c3ccc(F)cc23)[C@@H](c2c(F)cc(NC3CN(CCCF)C3)cc2F)N1CC(F)(F)CO,Ar-H_to_Ar-F,1,9,1,"{""1"": -1, ""9"": 1}",1.2787536009528289,1.146128035678238,-0.1326255652745909,1,1,1,0.0,0.0,0.0,CL,CL,mL.min-1.kg-1,mL.min-1.kg-1,,,1,1,0,0,1,0,1,1,pending,Verify the parent/fluorinated identity and assay-table values in the cited source.
RLM,2118299,120738,10.1021/acs.jmedchem.1c00847,GDC-9545 (Giredestrant): A Potent and Orally Bioavailable Selective Estrogen Receptor Antagonist and Degrader with an Exceptional Preclinical Profile for ER+ Breast Cancer.,GQCXHIKRWBIQMD,NESQDZKUKHWOLS,C[C@@H]1Cc2c([nH]c3ccccc23)[C@@H](c2c(F)cc(NC3CN(CCCF)C3)cc2F)N1CC(F)(F)CO,C[C@@H]1Cc2c([nH]c3cc(F)ccc23)[C@@H](c2c(F)cc(NC3CN(CCCF)C3)cc2F)N1CC(F)(F)CO,Ar-H_to_Ar-F,1,8,1,"{""1"": -1, ""9"": 1}",1.2787536009528289,1.1760912590556813,-0.10266234189714751,1,1,1,0.0,0.0,0.0,CL,CL,mL.min-1.kg-1,mL.min-1.kg-1,,,1,1,0,0,1,0,1,1,pending,Verify the parent/fluorinated identity and assay-table values in the cited source.
RLM,834894,63001,10.1016/j.bmcl.2012.06.087,Orally available pyridinylpyrimidine derivatives as novel RANKL-induced osteoclastogenesis inhibitors.,GZIPJTDUDKQMMA,WZTXCIJAMBUMOO,COc1cnc(-c2ccccn2)nc1NCc1ccccc1C(F)(F)F,COc1cnc(-c2ccccn2)nc1NCc1ccc(F)cc1C(F)(F)F,Ar-H_to_Ar-F,1,19,1,"{""1"": -1, ""9"": 1}",2.7442929831226763,2.285557309007774,-0.45873567411490246,1,1,1,0.0,0.0,0.0,CL,CL,mL.min-1.kg-1,mL.min-1.kg-1,,,1,1,0,0,1,0,1,1,pending,Verify the parent/fluorinated identity and assay-table values in the cited source.
RLM,834894,63001,10.1016/j.bmcl.2012.06.087,Orally available pyridinylpyrimidine derivatives as novel RANKL-induced osteoclastogenesis inhibitors.,HDTFWSMQGOILNL,NSROMLZGKSTOEF,COc1cnc(-c2ccccn2)nc1N1CCCC1,COc1cnc(-c2ccccn2)nc1N1CCC(F)(F)C1,CH2_to_CF2,2,17,1,"{""1"": -2, ""9"": 2}",2.9943171526696366,2.59659709562646,-0.3977200570431765,1,1,1,0.0,0.0,0.0,CL,CL,mL.min-1.kg-1,mL.min-1.kg-1,,,1,1,0,0,1,0,1,1,pending,Verify the parent/fluorinated identity and assay-table values in the cited source.
RLM,657973,52714,10.1021/jm100482n,"Design and synthesis of novel tricyclic benzoxazines as potent 5-HT(1A/B/D) receptor antagonists leading to the discovery of 6-{2-[4-(2-methyl-5-quinolinyl)-1-piperazinyl]ethyl}-4H-imidazo[5,1-c][1,4]benzoxazine-3-carboxamide (GSK588045).",HEHHNIMMUJHLIO,SKGSBVPKDPLIEF,Cc1cn2c(n1)COc1c(CCN3CCN(c4cccc5nc(C)ccc45)CC3)cccc1-2,Cc1ccc2c(N3CCN(CCc4cccc5c4OCc4nc(C(F)(F)F)cn4-5)CC3)cccc2n1,CH3_to_CF3,3,23,1,"{""1"": -3, ""9"": 3}",0.8680563618230415,0.03342375548694973,-0.8346326063360917,1,1,1,0.0,0.0,0.0,CL,CL,mL.min-1.g-1,mL.min-1.g-1,mL.min-1.kg-1,mL.min-1.kg-1,1,1,0,0,1,0,1,1,pending,Verify the parent/fluorinated identity and assay-table values in the cited source.
RLM,959442,73675,10.1021/jm4000038,"Discovery of novel, induced-pocket binding oxazolidinones as potent, selective, and orally bioavailable tankyrase inhibitors.",HJUQWFCFPAEZGB,NKPDQKILCAOJCZ,CC1(C)OC(=O)N([C@H]2CC[C@H](NC(=O)c3ccnc4cccnc34)CC2)[C@H]1c1ccccc1,CC1(C)OC(=O)N([C@H]2CC[C@H](NC(=O)c3ccnc4cc(F)cnc34)CC2)[C@H]1c1ccccc1,Ar-H_to_Ar-F,1,20,1,"{""1"": -1, ""9"": 1}",2.0813473078041325,2.1947917577219247,0.11344444991779223,0,1,1,0.0,0.0,0.0,CL,CL,mL.min-1.g-1,mL.min-1.g-1,mL.min-1.kg-1,mL.min-1.kg-1,1,1,0,0,1,0,1,1,pending,Verify the parent/fluorinated identity and assay-table values in the cited source.
RLM,686318,53996,10.1016/j.bmcl.2010.09.064,"Design, synthesis and SAR of a novel series of benzimidazoles as potent NPY Y5 antagonists.",HLMMAUXFZLRZEP,YRFZDCNXFCWVLF,O=C1O[C@]2(CC[C@H](c3nc4cc(OC(F)(F)F)ccc4[nH]3)CC2)CN1c1ccccn1,O=C1O[C@]2(CC[C@H](c3nc4cc(OC(F)(F)F)ccc4[nH]3)CC2)CN1c1cccc(F)n1,Ar-H_to_Ar-F,1,29,1,"{""1"": -1, ""9"": 1}",-0.045757490560675115,-0.045757490560675115,0.0,0,1,1,0.0,0.0,0.0,CL,CL,mL.min-1.g-1,mL.min-1.g-1,mL.min-1.kg-1,mL.min-1.kg-1,1,1,0,0,1,0,1,1,pending,Verify the parent/fluorinated identity and assay-table values in the cited source.
RLM,1825666,110861,10.1021/acs.jmedchem.9b01721,"Discovery of Highly Potent, Selective, and Orally Efficacious p300/CBP Histone Acetyltransferases Inhibitors.",IBPGRSASCGUKNK,QXMPWAOORBXKOQ,CNC(=O)Nc1ccc2c(c1)CC[C@@]21OC(=O)N(CC(=O)N2Cc3ccccc3CC[C@H]2C(F)(F)F)C1=O,CNC(=O)Nc1ccc2c(c1)CC[C@@]21OC(=O)N(CC(=O)N2Cc3ccc(F)cc3CC[C@H]2C(F)(F)F)C1=O,Ar-H_to_Ar-F,1,26,1,"{""1"": -1, ""9"": 1}",2.3823773034681137,2.230244499401375,-0.1521328040667389,1,1,1,0.0,0.0,0.0,CL,CL,mL.min-1.g-1,mL.min-1.g-1,mL.min-1.kg-1,mL.min-1.kg-1,1,1,0,0,1,0,1,1,pending,Verify the parent/fluorinated identity and assay-table values in the cited source.
RLM,1924663,114119,10.1016/j.bmcl.2016.07.030,"Design, synthesis and optimization of novel Alk5 (activin-like kinase 5) inhibitors.",ICADYKQQHFVDME,ILRGLUAABODDJU,Fc1ccccc1-c1cc(Nc2ccncc2)c2cc[nH]c2n1,Fc1ccc(-c2cc(Nc3ccncc3)c3cc[nH]c3n2)c(F)c1,Ar-H_to_Ar-F,1,1,1,"{""1"": -1, ""9"": 1}",2.807535028068853,1.6127838567197355,-1.1947511713491177,1,1,1,0.0,0.0,0.0,CL,CL,mL.min-1.kg-1,mL.min-1.kg-1,,,1,1,0,0,1,0,1,1,pending,Verify the parent/fluorinated identity and assay-table values in the cited source.
RLM,834894,63001,10.1016/j.bmcl.2012.06.087,Orally available pyridinylpyrimidine derivatives as novel RANKL-induced osteoclastogenesis inhibitors.,IGMPLBBDJQRYQV,GZIPJTDUDKQMMA,COc1cnc(-c2ccccn2)nc1NCc1ccccc1C,COc1cnc(-c2ccccn2)nc1NCc1ccccc1C(F)(F)F,CH3_to_CF3,3,22,1,"{""1"": -3, ""9"": 3}",2.8981764834976764,2.7442929831226763,-0.1538835003750001,1,1,1,0.0,0.0,0.0,CL,CL,mL.min-1.kg-1,mL.min-1.kg-1,,,1,1,0,0,1,0,1,1,pending,Verify the parent/fluorinated identity and assay-table values in the cited source.
RLM,2150274,121646,10.1021/acs.jmedchem.1c00831,Second-Generation Dual FXR/sEH Modulators with Optimized Pharmacokinetics.,IMPXBWVTYSVBEU,MAGPHUPKUHIHGM,CC(C)(C)c1ccc(C(=O)NCc2ccc(NS(C)(=O)=O)cc2Cl)cc1,CC(C)(C)c1ccc(C(=O)NCc2ccc(NS(=O)(=O)C(F)(F)F)cc2Cl)cc1,CH3_to_CF3,3,20,1,"{""1"": -3, ""9"": 3}",1.5774917998372253,1.4857214264815801,-0.0917703733556452,1,1,1,0.0,0.0,0.0,CL,CL,mL.min-1.g-1,mL.min-1.g-1,mL.min-1.kg-1,mL.min-1.kg-1,1,1,0,0,1,0,1,1,pending,Verify the parent/fluorinated identity and assay-table values in the cited source.
RLM,762253,58563,10.1016/j.bmcl.2011.06.023,"Identification of MK-5710 ((8aS)-8a-methyl-1,3-dioxo-2-[(1S,2R)-2-phenylcyclo- propyl]-N-(1-phenyl-1H-pyrazol-5-yl)hexahydro-imidazo[1,5-a]pyrazine-7(1H)-carboxamide), a potent smoothened antagonist for use in Hedgehog pathway dependent malignancies, part 2.",JBGMTTZYMPCMDO,BPMYUMVMMXCEIA,O=C(Nc1ccnn1-c1ccccc1)N1CCn2c(c(O)n([C@H]3C[C@@H]3c3ccccc3)c2=O)C1,O=C(Nc1ccnn1-c1cccc(F)c1)N1CCn2c(c(O)n([C@H]3C[C@@H]3c3ccccc3)c2=O)C1,Ar-H_to_Ar-F,1,12,1,"{""1"": -1, ""9"": 1}",4.945468585131819,5.158362492095249,0.2128939069634299,0,1,1,0.0,0.0,0.0,CL,CL,mL.min-1.g-1,mL.min-1.g-1,mL.min-1.kg-1,mL.min-1.kg-1,1,1,0,0,1,0,1,1,pending,Verify the parent/fluorinated identity and assay-table values in the cited source.
RLM,630267,51249,10.1016/j.bmcl.2010.03.095,"Novel hexahydropyrrolo[3,4-c]pyrrole CCR5 antagonists.",JDJKNPKGUPLZOR,JDAMZZFWGUKIOM,Cc1ncnc(C)c1C(=O)N1C[C@H]2CN(CC[C@H](NC(=O)CC3CC(F)(F)C3)c3ccccc3)C[C@H]2C1,Cc1ncnc(C)c1C(=O)N1C[C@H]2CN(CC[C@H](NC(=O)CC3CC(F)(F)C3)c3cccc(F)c3)C[C@H]2C1,Ar-H_to_Ar-F,1,32,1,"{""1"": -1, ""9"": 1}",2.040602340114073,1.717670503002262,-0.32293183711181106,1,1,1,0.0,0.0,0.0,CL,CL,mL.min-1.g-1,mL.min-1.g-1,mL.min-1.kg-1,mL.min-1.kg-1,1,1,0,0,1,0,1,1,pending,Verify the parent/fluorinated identity and assay-table values in the cited source.
RLM,1824449,110829,10.1021/acs.jmedchem.9b01206,Rational Design and Optimization of a Novel Class of Macrocyclic Apoptosis Signal-Regulating Kinase 1 Inhibitors.,JHLDGTLZDAJJHT,XWSVTTAELHOERS,C[C@@H]1CCOc2ccccc2C(=O)Nc2cccc(n2)-c2nncn2C1,C[C@@H]1CCOc2cc(F)ccc2C(=O)Nc2cccc(n2)-c2nncn2C1,Ar-H_to_Ar-F,1,7,1,"{""1"": -1, ""9"": 1}",1.8692317197309762,1.954242509439325,0.08501078970834874,0,1,1,0.0,0.0,0.0,CL,CL,mL.min-1.kg-1,mL.min-1.kg-1,,,1,1,0,0,1,0,1,1,pending,Verify the parent/fluorinated identity and assay-table values in the cited source.
RLM,1824449,110829,10.1021/acs.jmedchem.9b01206,Rational Design and Optimization of a Novel Class of Macrocyclic Apoptosis Signal-Regulating Kinase 1 Inhibitors.,JIGAPEBDOSQETE,WZAVJOVXKFCADI,O=C1Nc2cccc(n2)-c2nncn2CCCCOc2ccccc21,O=C1Nc2cccc(n2)-c2nncn2CCCCOc2ccc(F)cc21,Ar-H_to_Ar-F,1,22,1,"{""1"": -1, ""9"": 1}",2.113943352306837,1.8750612633917,-0.23888208891513685,1,1,1,0.0,0.0,0.0,CL,CL,mL.min-1.kg-1,mL.min-1.kg-1,,,1,1,0,0,1,0,1,1,pending,Verify the parent/fluorinated identity and assay-table values in the cited source.
RLM,1824449,110829,10.1021/acs.jmedchem.9b01206,Rational Design and Optimization of a Novel Class of Macrocyclic Apoptosis Signal-Regulating Kinase 1 Inhibitors.,JIGAPEBDOSQETE,ZWGAMHPQDKNAGC,O=C1Nc2cccc(n2)-c2nncn2CCCCOc2ccccc21,O=C1Nc2cccc(n2)-c2nncn2CCCCOc2cc(F)ccc21,Ar-H_to_Ar-F,1,21,1,"{""1"": -1, ""9"": 1}",2.113943352306837,1.8195439355418688,-0.29439941676496817,1,1,1,0.0,0.0,0.0,CL,CL,mL.min-1.kg-1,mL.min-1.kg-1,,,1,1,0,0,1,0,1,1,pending,Verify the parent/fluorinated identity and assay-table values in the cited source.
RLM,959442,73675,10.1021/jm4000038,"Discovery of novel, induced-pocket binding oxazolidinones as potent, selective, and orally bioavailable tankyrase inhibitors.",JLUWGYRKHZWQDW,GTRSBOPVOQICBF,CC1(C)OC(=O)N([C@H]2CC[C@H](n3c(=O)[nH]c4cc(C#N)ccc43)CC2)[C@H]1c1ccccc1,CC1(C)OC(=O)N([C@H]2CC[C@H](n3c(=O)[nH]c4c(F)c(C#N)ccc43)CC2)[C@H]1c1ccccc1,Ar-H_to_Ar-F,1,16,1,"{""1"": -1, ""9"": 1}",1.5976951859255124,1.9084850188786497,0.31078983295313733,0,1,1,0.0,0.0,0.0,CL,CL,mL.min-1.g-1,mL.min-1.g-1,mL.min-1.kg-1,mL.min-1.kg-1,1,1,0,0,1,0,1,1,pending,Verify the parent/fluorinated identity and assay-table values in the cited source.
RLM,959442,73675,10.1021/jm4000038,"Discovery of novel, induced-pocket binding oxazolidinones as potent, selective, and orally bioavailable tankyrase inhibitors.",JLUWGYRKHZWQDW,KOIGSPGBVAOKRC,CC1(C)OC(=O)N([C@H]2CC[C@H](n3c(=O)[nH]c4cc(C#N)ccc43)CC2)[C@H]1c1ccccc1,CC1(C)OC(=O)N([C@H]2CC[C@H](n3c(=O)[nH]c4cc(C#N)c(F)cc43)CC2)[C@H]1c1ccccc1,Ar-H_to_Ar-F,1,20,1,"{""1"": -1, ""9"": 1}",1.5976951859255124,1.534026106056135,-0.06366907986937731,1,1,1,0.0,0.0,0.0,CL,CL,mL.min-1.g-1,mL.min-1.g-1,mL.min-1.kg-1,mL.min-1.kg-1,1,1,0,0,1,0,1,1,pending,Verify the parent/fluorinated identity and assay-table values in the cited source.
RLM,766744,58850,10.1016/j.bmcl.2011.07.031,"Identification of a series of 4-[3-(quinolin-2-yl)-1,2,4-oxadiazol-5-yl]piperazinyl ureas as potent smoothened antagonist hedgehog pathway inhibitors.",JYXOBNUYKRNJJO,PEMTWAKHOMWYRY,O=C(NC1CCCCC1)N1CCN(c2nc(-c3ccc4ccccc4n3)no2)CC1,O=C(NC1CCC(F)(F)CC1)N1CCN(c2nc(-c3ccc4ccccc4n3)no2)CC1,CH2_to_CF2,2,6,1,"{""1"": -2, ""9"": 2}",2.5317343092765503,2.040602340114073,-0.49113196916247714,1,1,1,0.0,0.0,0.0,CL,CL,mL.min-1.g-1,mL.min-1.g-1,mL.min-1.kg-1,mL.min-1.kg-1,1,1,0,0,1,0,1,1,pending,Verify the parent/fluorinated identity and assay-table values in the cited source.
RLM,972739,74310,10.1021/ml400197u,"Structure and Property Based Design of Pyrazolo[1,5-a]pyrimidine Inhibitors of CK2 Kinase with Activity in Vivo.",JZGZHEWXWLRKHN,KZBVYCAEPIFCJY,CC(=O)Nc1cc(Nc2cc(NC3COC3)n3ncc(C#N)c3n2)ccc1C,CC(=O)Nc1cc(Nc2cc(NC3COC3)n3ncc(C#N)c3n2)c(F)cc1C,Ar-H_to_Ar-F,1,24,1,"{""1"": -1, ""9"": 1}",1.4857214264815801,1.0334237554869496,-0.4522976709946305,1,1,1,0.0,0.0,0.0,CL,CL,mL.min-1.g-1,mL.min-1.g-1,mL.min-1.kg-1,mL.min-1.kg-1,1,1,0,0,1,0,1,1,pending,Verify the parent/fluorinated identity and assay-table values in the cited source.
RLM,1908814,113502,10.1021/acsmedchemlett.9b00452,New Potent DOT1L Inhibitors for <i>in Vivo</i> Evaluation in Mouse.,JZZKDASEJHKEGM,LHFUEOZQAMVTLR,CS(=O)(=O)c1ccc(N[C@@H](c2cccc(Cl)c2)c2ccccn2)c(Nc2ncccn2)c1,CS(=O)(=O)c1ccc(N[C@H](c2ccccn2)c2cccc(Cl)c2F)c(Nc2ncccn2)c1,Ar-H_to_Ar-F,1,22,1,"{""1"": -1, ""9"": 1}",2.9979976364080043,1.954242509439325,-1.0437551269686793,1,1,1,0.0,0.0,0.0,CL,CL,mL.min-1.g-1,mL.min-1.g-1,mL.min-1.kg-1,mL.min-1.kg-1,1,1,0,0,1,0,1,1,pending,Verify the parent/fluorinated identity and assay-table values in the cited source.
RLM,686318,53996,10.1016/j.bmcl.2010.09.064,"Design, synthesis and SAR of a novel series of benzimidazoles as potent NPY Y5 antagonists.",KCXFGPNQDBKDQK,KIWCYIQJEGJEPP,O=C1OC2(CCN(c3nc4ccccc4[nH]3)CC2)CN1c1ccccc1,O=C1OC2(CCN(c3nc4cc(F)ccc4[nH]3)CC2)CN1c1ccccc1,Ar-H_to_Ar-F,1,11,1,"{""1"": -1, ""9"": 1}",0.25527250510330607,-0.045757490560675115,-0.3010299956639812,1,1,1,0.0,0.0,0.0,CL,CL,mL.min-1.g-1,mL.min-1.g-1,mL.min-1.kg-1,mL.min-1.kg-1,1,1,0,0,1,0,1,1,pending,Verify the parent/fluorinated identity and assay-table values in the cited source.
RLM,1924597,114115,10.1021/acsmedchemlett.6b00140,Novel Series of Potent Glucokinase Activators Leading to the Discovery of AM-2394.,KCXPSRRPQGRSSN,QUSPGQBMMOFJNY,CNC(=O)Nc1cc(Oc2ccccc2F)ccn1,CNC(=O)Nc1cc(Oc2c(F)cccc2F)ccn1,Ar-H_to_Ar-F,1,10,1,"{""1"": -1, ""9"": 1}",2.2805783703680764,2.480581786829169,0.20000341646109243,0,1,1,0.0,0.0,0.0,CL,CL,mL.min-1.g-1,mL.min-1.g-1,mL.min-1.kg-1,mL.min-1.kg-1,1,1,0,0,1,0,1,1,pending,Verify the parent/fluorinated identity and assay-table values in the cited source.
RLM,686318,53996,10.1016/j.bmcl.2010.09.064,"Design, synthesis and SAR of a novel series of benzimidazoles as potent NPY Y5 antagonists.",KDNNOONPIUSODK,FFHHVAVTPWLQJT,O=C1O[C@]2(CC[C@H](c3nc4cc(OC(F)(F)F)ccc4[nH]3)CC2)CN1c1ccccc1,O=C1O[C@]2(CC[C@H](c3nc4cc(OC(F)(F)F)ccc4[nH]3)CC2)CN1c1ccccc1F,Ar-H_to_Ar-F,1,30,1,"{""1"": -1, ""9"": 1}",-0.045757490560675115,-0.045757490560675115,0.0,0,1,1,0.0,0.0,0.0,CL,CL,mL.min-1.g-1,mL.min-1.g-1,mL.min-1.kg-1,mL.min-1.kg-1,1,1,0,0,1,0,1,1,pending,Verify the parent/fluorinated identity and assay-table values in the cited source.
RLM,686318,53996,10.1016/j.bmcl.2010.09.064,"Design, synthesis and SAR of a novel series of benzimidazoles as potent NPY Y5 antagonists.",KDNNOONPIUSODK,LZYDRCATBMQDRA,O=C1O[C@]2(CC[C@H](c3nc4cc(OC(F)(F)F)ccc4[nH]3)CC2)CN1c1ccccc1,O=C1O[C@]2(CC[C@H](c3nc4cc(OC(F)(F)F)ccc4[nH]3)CC2)CN1c1ccc(F)cc1,Ar-H_to_Ar-F,1,28,1,"{""1"": -1, ""9"": 1}",-0.045757490560675115,-0.045757490560675115,0.0,0,1,1,0.0,0.0,0.0,CL,CL,mL.min-1.g-1,mL.min-1.g-1,mL.min-1.kg-1,mL.min-1.kg-1,1,1,0,0,1,0,1,1,pending,Verify the parent/fluorinated identity and assay-table values in the cited source.
RLM,1932815,114532,10.1021/acs.jmedchem.6b00610,Discovery and Optimization of Quinazolinone-pyrrolopyrrolones as Potent and Orally Bioavailable Pan-Pim Kinase Inhibitors.,KIPSRZQNNGSYJE,YIZTXYBSHMFWTH,Cc1nc2cccc(-c3cc4c([nH]3)CCNC4=O)c2nc1NC(C)(C)C,Cc1nc2ccc(F)c(-c3cc4c([nH]3)CCNC4=O)c2nc1NC(C)(C)C,Ar-H_to_Ar-F,1,6,1,"{""1"": -1, ""9"": 1}",2.189770956346874,2.5317343092765503,0.3419633529296764,0,1,1,0.0,0.0,0.0,CL,CL,mL.min-1.g-1,mL.min-1.g-1,mL.min-1.kg-1,mL.min-1.kg-1,1,1,0,0,1,0,1,1,pending,Verify the parent/fluorinated identity and assay-table values in the cited source.
RLM,630267,51249,10.1016/j.bmcl.2010.03.095,"Novel hexahydropyrrolo[3,4-c]pyrrole CCR5 antagonists.",KOSURTOZOCPWIN,FQPZJAJAPZQKDN,Cc1cccc(C)c1C(=O)N1C[C@H]2CN(CC[C@H](NC(=O)C3CCCC3)c3ccccc3)C[C@H]2C1,Cc1cc(F)cc(C)c1C(=O)N1C[C@H]2CN(CC[C@H](NC(=O)C3CCCC3)c3ccccc3)C[C@H]2C1,Ar-H_to_Ar-F,1,3,1,"{""1"": -1, ""9"": 1}",2.763128376799137,2.9687630481972485,0.20563467139811165,0,1,1,0.0,0.0,0.0,CL,CL,mL.min-1.g-1,mL.min-1.g-1,mL.min-1.kg-1,mL.min-1.kg-1,1,1,0,0,1,0,1,1,pending,Verify the parent/fluorinated identity and assay-table values in the cited source.
RLM,1764673,108451,10.1021/acsmedchemlett.8b00182,Optimization of 3-Pyrimidin-4-yl-oxazolidin-2-ones as Orally Bioavailable and Brain Penetrant Mutant IDH1 Inhibitors.,KPEQYRKGPMZOQE,RRSNVVPVDMADPO,C[C@H](Nc1nccc(N2C(=O)OC[C@@H]2CF)n1)c1cn(-c2ccc(Cl)cc2)cn1,C[C@H](Nc1ncc(F)c(N2C(=O)OC[C@@H]2CF)n1)c1cn(-c2ccc(Cl)cc2)cn1,Ar-H_to_Ar-F,1,6,1,"{""1"": -1, ""9"": 1}",2.130333768495006,1.7024305364455252,-0.4279032320494809,1,1,1,0.0,0.0,0.0,CL,CL,mL.min-1.g-1,mL.min-1.g-1,mL.min-1.kg-1,mL.min-1.kg-1,1,1,0,0,1,0,1,1,pending,Verify the parent/fluorinated identity and assay-table values in the cited source.
RLM,605639,49513,10.1016/j.bmcl.2009.11.117,Synthesis and evaluation of 3-amino-6-aryl-pyridazines as selective CB(2) agonists for the treatment of inflammatory pain.,KQCWQCHLUNUWFI,JLPIEEHZSKZBJT,Clc1cccc(-c2ccc(N3CCCCC3)nn2)c1Cl,FC1(F)CCN(c2ccc(-c3cccc(Cl)c3Cl)nn2)CC1,CH2_to_CF2,2,1,1,"{""1"": -2, ""9"": 2}",1.7993405494535817,1.717670503002262,-0.08167004645131959,1,1,1,0.0,0.0,0.0,CL,CL,mL.min-1.g-1,mL.min-1.g-1,mL.min-1.kg-1,mL.min-1.kg-1,1,1,0,0,1,0,1,1,pending,Verify the parent/fluorinated identity and assay-table values in the cited source.
RLM,2118299,120738,10.1021/acs.jmedchem.1c00847,GDC-9545 (Giredestrant): A Potent and Orally Bioavailable Selective Estrogen Receptor Antagonist and Degrader with an Exceptional Preclinical Profile for ER+ Breast Cancer.,KRMPODQFMDXWMT,GQCXHIKRWBIQMD,C[C@@H]1Cc2c([nH]c3ccccc23)[C@@H](c2ccc(NC3CN(CCCF)C3)cc2F)N1CC(F)(F)CO,C[C@@H]1Cc2c([nH]c3ccccc23)[C@@H](c2c(F)cc(NC3CN(CCCF)C3)cc2F)N1CC(F)(F)CO,Ar-H_to_Ar-F,1,14,1,"{""1"": -1, ""9"": 1}",1.0,1.2787536009528289,0.27875360095282886,0,1,1,0.0,0.0,0.0,CL,CL,mL.min-1.kg-1,mL.min-1.kg-1,,,1,1,0,0,1,0,1,1,pending,Verify the parent/fluorinated identity and assay-table values in the cited source.
RLM,1794574,109758,10.1016/j.bmcl.2018.07.043,"Novel, potent, selective and brain penetrant vasopressin 1b receptor antagonists.",KSMVBENPNMJAKN,STHFKBWMSGXLJU,CCOc1ccc(OC)cc1C1(N2CCN(c3ccncc3)CC2)C(=O)N(S(=O)(=O)c2cccc3cccnc23)c2ccc(C#N)cc21,CCOc1ccc(OC)cc1C1(N2CCN(c3ccncc3)CC2)C(=O)N(S(=O)(=O)c2ccc(F)c3cccnc23)c2ccc(C#N)cc21,Ar-H_to_Ar-F,1,33,1,"{""1"": -1, ""9"": 1}",2.5774917998372255,2.3308194664958366,-0.24667233334138894,1,1,1,0.0,0.0,0.0,CL,CL,mL.min-1.g-1,mL.min-1.g-1,mL.min-1.kg-1,mL.min-1.kg-1,1,1,0,0,1,0,1,1,pending,Verify the parent/fluorinated identity and assay-table values in the cited source.
RLM,2100521,120062,10.1021/acs.jmedchem.0c02173,"Use of Intramolecular 1,5-Sulfur-Oxygen and 1,5-Sulfur-Halogen Interactions in the Design of <i>N</i>-Methyl-5-aryl-<i>N</i>-(2,2,6,6-tetramethylpiperidin-4-yl)-1,3,4-thiadiazol-2-amine SMN2 Splicing Modulators.",KTOQTIKPYTXNEY,BFZCDCQYEVZVQV,CN(c1nnc(-c2ccc(-c3cn[nH]c3)cc2F)s1)C1CC(C)(C)NC(C)(C)C1,CN(c1nnc(-c2ccc(-c3cn[nH]c3)c(F)c2F)s1)C1CC(C)(C)NC(C)(C)C1,Ar-H_to_Ar-F,1,15,1,"{""1"": -1, ""9"": 1}",2.0261245167454502,1.91803033678488,-0.10809417996057014,1,1,1,0.0,0.0,0.0,CL,CL,mL.min-1.g-1,mL.min-1.g-1,mL.min-1.kg-1,mL.min-1.kg-1,1,1,0,0,1,0,1,1,pending,Verify the parent/fluorinated identity and assay-table values in the cited source.
RLM,2100521,120062,10.1021/acs.jmedchem.0c02173,"Use of Intramolecular 1,5-Sulfur-Oxygen and 1,5-Sulfur-Halogen Interactions in the Design of <i>N</i>-Methyl-5-aryl-<i>N</i>-(2,2,6,6-tetramethylpiperidin-4-yl)-1,3,4-thiadiazol-2-amine SMN2 Splicing Modulators.",KTOQTIKPYTXNEY,GZARVUMZGRLOAK,CN(c1nnc(-c2ccc(-c3cn[nH]c3)cc2F)s1)C1CC(C)(C)NC(C)(C)C1,CN(c1nnc(-c2cc(F)c(-c3cn[nH]c3)cc2F)s1)C1CC(C)(C)NC(C)(C)C1,Ar-H_to_Ar-F,1,8,1,"{""1"": -1, ""9"": 1}",2.0261245167454502,1.9365137424788934,-0.08961077426655684,1,1,1,0.0,0.0,0.0,CL,CL,mL.min-1.g-1,mL.min-1.g-1,mL.min-1.kg-1,mL.min-1.kg-1,1,1,0,0,1,0,1,1,pending,Verify the parent/fluorinated identity and assay-table values in the cited source.
RLM,759696,58393,10.1016/j.bmcl.2011.06.021,Development of potent B-RafV600E inhibitors containing an arylsulfonamide headgroup.,LFYJXEXEFATBPN,AEUDFMRQSRTMSH,CC(C)c1nc(-c2cccc(NS(=O)(=O)c3c(F)cccc3F)c2)c(-c2ccnc(Nc3ccc(N4CCOCC4)nc3)n2)s1,CC(C)c1nc(-c2cccc(NS(=O)(=O)c3c(F)cccc3F)c2F)c(-c2ccnc(Nc3ccc(N4CCOCC4)nc3)n2)s1,Ar-H_to_Ar-F,1,23,1,"{""1"": -1, ""9"": 1}",1.534026106056135,1.255272505103306,-0.2787536009528291,1,1,1,0.0,0.0,0.0,CL,CL,mL.min-1.g-1,mL.min-1.g-1,mL.min-1.kg-1,mL.min-1.kg-1,1,1,0,0,1,0,1,1,pending,Verify the parent/fluorinated identity and assay-table values in the cited source.
RLM,759696,58393,10.1016/j.bmcl.2011.06.021,Development of potent B-RafV600E inhibitors containing an arylsulfonamide headgroup.,LFYJXEXEFATBPN,DLBKYRULRFBWPH,CC(C)c1nc(-c2cccc(NS(=O)(=O)c3c(F)cccc3F)c2)c(-c2ccnc(Nc3ccc(N4CCOCC4)nc3)n2)s1,CC(C)c1nc(-c2cc(F)cc(NS(=O)(=O)c3c(F)cccc3F)c2)c(-c2ccnc(Nc3ccc(N4CCOCC4)nc3)n2)s1,Ar-H_to_Ar-F,1,8,1,"{""1"": -1, ""9"": 1}",1.534026106056135,1.2966651902615312,-0.23736091579460394,1,1,1,0.0,0.0,0.0,CL,CL,mL.min-1.g-1,mL.min-1.g-1,mL.min-1.kg-1,mL.min-1.kg-1,1,1,0,0,1,0,1,1,pending,Verify the parent/fluorinated identity and assay-table values in the cited source.
RLM,759696,58393,10.1016/j.bmcl.2011.06.021,Development of potent B-RafV600E inhibitors containing an arylsulfonamide headgroup.,LFYJXEXEFATBPN,KJUCPVIVNLPLEE,CC(C)c1nc(-c2cccc(NS(=O)(=O)c3c(F)cccc3F)c2)c(-c2ccnc(Nc3ccc(N4CCOCC4)nc3)n2)s1,CC(C)c1nc(-c2ccc(F)c(NS(=O)(=O)c3c(F)cccc3F)c2)c(-c2ccnc(Nc3ccc(N4CCOCC4)nc3)n2)s1,Ar-H_to_Ar-F,1,9,1,"{""1"": -1, ""9"": 1}",1.534026106056135,1.1583624920952498,-0.3756636139608853,1,1,1,0.0,0.0,0.0,CL,CL,mL.min-1.g-1,mL.min-1.g-1,mL.min-1.kg-1,mL.min-1.kg-1,1,1,0,0,1,0,1,1,pending,Verify the parent/fluorinated identity and assay-table values in the cited source.
RLM,2217293,123562,10.1021/acs.jmedchem.2c00791,Discovery of Novel Quinoline-Based Proteasome Inhibitors for Human African Trypanosomiasis (HAT).,LQHOLRQMPQPNAX,GRVICQCNXSGLLY,Cc1cc2c(Nc3ccccc3F)cc(C(=O)NC3CC3)nc2cn1,Cc1cc2c(Nc3c(F)cccc3F)cc(C(=O)NC3CC3)nc2cn1,Ar-H_to_Ar-F,1,7,1,"{""1"": -1, ""9"": 1}",1.7737864449811935,1.7024305364455252,-0.07135590853566831,1,1,1,0.0,0.0,0.0,CL,CL,mL.min-1.g-1,mL.min-1.g-1,mL.min-1.kg-1,mL.min-1.kg-1,1,1,0,0,1,0,1,1,pending,Verify the parent/fluorinated identity and assay-table values in the cited source.
RLM,1824449,110829,10.1021/acs.jmedchem.9b01206,Rational Design and Optimization of a Novel Class of Macrocyclic Apoptosis Signal-Regulating Kinase 1 Inhibitors.,LZTAURWQYWWPLU,YWZMDKLWMFIBSN,C[C@H]1CCCOc2ccccc2C(=O)Nc2cccc(n2)-c2nncn21,C[C@H]1CCCOc2cc(F)ccc2C(=O)Nc2cccc(n2)-c2nncn21,Ar-H_to_Ar-F,1,8,1,"{""1"": -1, ""9"": 1}",2.0006071626430897,1.845098040014257,-0.15550912262883276,1,2,1,0.07363867059506846,0.0,0.07363867059506846,CL,CL,mL.min-1.kg-1,mL.min-1.kg-1,,,1,1,0,0,1,0,1,1,pending,Verify the parent/fluorinated identity and assay-table values in the cited source.
RLM,2157146,121860,10.1021/acsmedchemlett.1c00473,Discovery of Spiro-azaindoline Inhibitors of Hematopoietic Progenitor Kinase 1 (HPK1).,LZYWVOKHWFMDJU,PBRKEKVJQVXNEQ,CCc1c[nH]c2ncc(-c3ccc(N)c(C(=O)N(C)C)c3)cc12,CCc1c[nH]c2ncc(-c3ccc(N)c(C(=O)N(C)C)c3F)cc12,Ar-H_to_Ar-F,1,20,1,"{""1"": -1, ""9"": 1}",1.3979400086720377,1.568201724066995,0.17026171539495727,0,1,1,0.0,0.0,0.0,CL,CL,mL.min-1.kg-1,mL.min-1.kg-1,,,1,1,0,0,1,0,1,1,pending,Verify the parent/fluorinated identity and assay-table values in the cited source.
RLM,1845913,111567,10.1021/acs.jmedchem.0c00628,"Discovery of <i>N</i>-Ethyl-4-[2-(4-fluoro-2,6-dimethyl-phenoxy)-5-(1-hydroxy-1-methyl-ethyl)phenyl]-6-methyl-7-oxo-1<i>H</i>-pyrrolo[2,3-<i>c</i>]pyridine-2-carboxamide (ABBV-744), a BET Bromodomain Inhibitor with Selectivity for the Second Bromodomain.",MFKOWXPRDGJYSC,YSFIKYDQTQWEIH,Cc1cccc(C)c1Oc1ccc(C(C)(C)O)cc1-c1cn(C)c(=O)c2[nH]c(C(=O)NC(C)(C)C)cc12,Cc1cc(F)cc(C)c1Oc1ccc(C(C)(C)O)cc1-c1cn(C)c(=O)c2[nH]c(C(=O)NC(C)(C)C)cc12,Ar-H_to_Ar-F,1,3,1,"{""1"": -1, ""9"": 1}",3.4771212547196626,3.161368002234975,-0.3157532524846878,1,1,1,0.0,0.0,0.0,CL,CL,mL.min-1.kg-1,mL.min-1.kg-1,,,1,1,0,0,1,0,1,1,pending,Verify the parent/fluorinated identity and assay-table values in the cited source.
RLM,1908623,113495,10.1021/acsmedchemlett.9b00430,"Discovery of a Potent and Selective TRPC5 Inhibitor, Efficacious in a Focal Segmental Glomerulosclerosis Model.",MITRKIWBJVJRAM,PPGTXNCAMZXQKT,O=C1CN(c2cn[nH]c(=O)c2Cl)CCN1Cc1ccccc1C(F)(F)F,O=C1CN(c2cn[nH]c(=O)c2Cl)CCN1Cc1ccc(F)cc1C(F)(F)F,Ar-H_to_Ar-F,1,19,1,"{""1"": -1, ""9"": 1}",1.380211241711606,1.255272505103306,-0.1249387366082999,1,1,1,0.0,0.0,0.0,CL,CL,mL.min-1.kg-1,mL.min-1.kg-1,,,1,1,0,0,1,0,1,1,pending,Verify the parent/fluorinated identity and assay-table values in the cited source.
RLM,2149701,121631,10.1021/acs.jmedchem.1c00563,Fragment-Based Optimization of Dihydropyrazino-Benzimidazolones as Metabotropic Glutamate Receptor-2 Positive Allosteric Modulators against Migraine.,MNMMYRNEABEESW,APVCUKKQQJRKKW,O=C1c2nc3cccc(Br)c3n2CCN1Cc1ccc(Cl)cc1,O=C1c2nc3cccc(Br)c3n2CCN1Cc1ccc(Cl)cc1F,Ar-H_to_Ar-F,1,22,1,"{""1"": -1, ""9"": 1}",0.7604224834232121,0.6866362692622935,-0.07378621416091857,1,1,1,0.0,0.0,0.0,CL,CL,mL.min-1.g-1,mL.min-1.g-1,mL.min-1.kg-1,mL.min-1.kg-1,1,1,0,0,1,0,1,1,pending,Verify the parent/fluorinated identity and assay-table values in the cited source.
RLM,2068635,119055,10.1021/acs.jmedchem.0c01279,Synthesis and Structure-Activity Relationship of Tetra-Substituted Cyclohexyl Diol Inhibitors of Proviral Insertion of Moloney Virus (PIM) Kinases.,MQJKFTSCVWNMCE,LWJSFVCONTZMIO,C[C@H]1C[C@@H](c2ccncc2NC(=O)c2nc(-c3c(F)cccc3F)ncc2N)C[C@@H](O)[C@]1(C)O,C[C@H]1C[C@@H](c2ccncc2NC(=O)c2nc(-c3c(F)cccc3F)ncc2N)C[C@@H](O)[C@@]1(O)CF,C-H_to_C-F,1,33,1,"{""1"": -1, ""9"": 1}",2.173186268412274,1.9822712330395684,-0.1909150353727056,1,1,1,0.0,0.0,0.0,CL,CL,mL.min-1.kg-1,mL.min-1.kg-1,,,1,1,0,0,1,0,1,1,pending,Verify the parent/fluorinated identity and assay-table values in the cited source.
RLM,725849,55612,10.1021/jm101271s,"Discovery, synthesis, and structure-activity relationship development of a series of N-(4-acetamido)phenylpicolinamides as positive allosteric modulators of metabotropic glutamate receptor 4 (mGlu(4)) with CNS exposure in rats.",MTELUFOIWGSEFF,IUDNWUABFDZWBF,O=C(Nc1ccc(NC(=O)c2ccccc2Cl)c(Cl)c1)c1ccccn1,O=C(Nc1ccc(NC(=O)c2ccc(F)cc2Cl)c(Cl)c1)c1ccccn1,Ar-H_to_Ar-F,1,13,1,"{""1"": -1, ""9"": 1}",1.6522463410033232,1.7323937598229686,0.08014741881964538,0,1,1,0.0,0.0,0.0,CL,CL,mL.min-1.kg-1,mL.min-1.kg-1,,,1,1,0,0,1,0,1,1,pending,Verify the parent/fluorinated identity and assay-table values in the cited source.
RLM,2296078,125935,10.1021/acsmedchemlett.3c00052,"The Identification of GPR52 Agonist HTL0041178, a Potential Therapy for Schizophrenia and Related Psychiatric Disorders.",MWMZVXWMAIHXLM,MPYWPSLWTHTDLP,O=C1NCCc2c1cnn2-c1cc(Cc2cccc(C(F)(F)F)c2)ccn1,O=C1NCCc2c1cnn2-c1cc(Cc2cc(F)cc(C(F)(F)F)c2)ccn1,Ar-H_to_Ar-F,1,16,1,"{""1"": -1, ""9"": 1}",1.91803033678488,1.7323937598229686,-0.1856365769619115,1,1,1,0.0,0.0,0.0,CL,CL,mL.min-1.g-1,mL.min-1.g-1,mL.min-1.kg-1,mL.min-1.kg-1,1,1,0,0,1,0,1,1,pending,Verify the parent/fluorinated identity and assay-table values in the cited source.
RLM,2073419,119264,10.1021/acs.jmedchem.0c00936,"Discovery of IACS-9439, a Potent, Exquisitely Selective, and Orally Bioavailable Inhibitor of CSF1R.",NGKALCMOLVCFHL,KTRYEZRTYBBSHL,Nc1nccc(COc2ccc3nc(N[C@@H]4CCCC[C@H]4O)sc3c2)c1Cl,Nc1nccc(COc2cc(F)c3nc(N[C@@H]4CCCC[C@H]4O)sc3c2)c1Cl,Ar-H_to_Ar-F,1,10,1,"{""1"": -1, ""9"": 1}",1.8325089127062364,1.9590413923210936,0.12653247961485725,0,1,1,0.0,0.0,0.0,CL,CL,mL.min-1.kg-1,mL.min-1.kg-1,,,1,1,0,0,1,0,1,1,pending,Verify the parent/fluorinated identity and assay-table values in the cited source.
RLM,2165927,122085,10.1021/acsmedchemlett.1c00682,Discovery of Phospholipase D Inhibitors with Improved Drug-like Properties and Central Nervous System Penetrance.,NNIGCQKMLQLPDE,SAYDLSNHEFBCSP,C[C@@H](CN1CCC2(CC1)OC(=O)Nc1ccccc12)NC(=O)c1ccc(F)cc1,C[C@@H](CN1CCC2(CC1)OC(=O)Nc1cc(F)ccc12)NC(=O)c1ccc(F)cc1,Ar-H_to_Ar-F,1,15,1,"{""1"": -1, ""9"": 1}",2.012837224705172,2.3979400086720375,0.3851027839668655,0,1,1,0.0,0.0,0.0,CL,CL,mL.min-1.kg-1,mL.min-1.kg-1,,,1,1,0,0,1,0,1,1,pending,Verify the parent/fluorinated identity and assay-table values in the cited source.
RLM,849460,65301,10.1016/j.bmcl.2012.08.031,"Phenethyl nicotinamides, a novel class of Na(V)1.7 channel blockers: structure and activity relationship.",NWLYBHCVXZLMIC,MYWFFPRATNYWJR,COc1ncc(-c2cccc(OC)c2CCNC(=O)c2ccc(OCCC(F)(F)F)nc2)cn1,COc1ncc(-c2cccc(OC(F)F)c2CCNC(=O)c2ccc(OCCC(F)(F)F)nc2)cn1,CH2_to_CF2,2,12,1,"{""1"": -2, ""9"": 2}",4.48572142648158,5.534026106056135,1.0483046795745556,0,1,1,0.0,0.0,0.0,CL,CL,mL.min-1.g-1,mL.min-1.g-1,mL.min-1.kg-1,mL.min-1.kg-1,1,1,0,0,1,0,1,1,pending,Verify the parent/fluorinated identity and assay-table values in the cited source.
RLM,972739,74310,10.1021/ml400197u,"Structure and Property Based Design of Pyrazolo[1,5-a]pyrimidine Inhibitors of CK2 Kinase with Activity in Vivo.",NZAVXDRNAUHQLF,CHUOPMMSYZADNG,CC(=O)Nc1cc(Nc2cc(NC3CC3)n3ncc(C#N)c3n2)ccc1C1CC1,CC(=O)Nc1cc(Nc2cc(NC3CC3)n3ncc(C#N)c3n2)c(F)cc1C1CC1,Ar-H_to_Ar-F,1,23,1,"{""1"": -1, ""9"": 1}",1.8463371121298053,1.534026106056135,-0.31231100607367024,1,1,1,0.0,0.0,0.0,CL,CL,mL.min-1.g-1,mL.min-1.g-1,mL.min-1.kg-1,mL.min-1.kg-1,1,1,0,0,1,0,1,1,pending,Verify the parent/fluorinated identity and assay-table values in the cited source.
RLM,1924663,114119,10.1016/j.bmcl.2016.07.030,"Design, synthesis and optimization of novel Alk5 (activin-like kinase 5) inhibitors.",OCAIEQPVLOKCDM,MOXKDKRBVAMLRS,Fc1ccc(Cl)cc1-c1cc(Nc2ccncc2)c2cc[nH]c2n1,Fc1cc(F)c(-c2cc(Nc3ccncc3)c3cc[nH]c3n2)cc1Cl,Ar-H_to_Ar-F,1,1,1,"{""1"": -1, ""9"": 1}",2.0718820073061255,1.462397997898956,-0.6094840094071694,1,1,1,0.0,0.0,0.0,CL,CL,mL.min-1.kg-1,mL.min-1.kg-1,,,1,1,0,0,1,0,1,1,pending,Verify the parent/fluorinated identity and assay-table values in the cited source.
RLM,834894,63001,10.1016/j.bmcl.2012.06.087,Orally available pyridinylpyrimidine derivatives as novel RANKL-induced osteoclastogenesis inhibitors.,ODCDWGADKFHUDV,MNEUEWDEJDGILN,COc1cnc(-c2ccccn2)nc1NCc1ccccc1,COc1cnc(-c2ccccn2)nc1NCc1ccccc1F,Ar-H_to_Ar-F,1,21,1,"{""1"": -1, ""9"": 1}",2.5877109650189114,2.615950051656401,0.028239086637489752,0,1,1,0.0,0.0,0.0,CL,CL,mL.min-1.kg-1,mL.min-1.kg-1,,,1,1,0,0,1,0,1,1,pending,Verify the parent/fluorinated identity and assay-table values in the cited source.
RLM,348527,31043,10.1016/j.bmcl.2006.01.100,Structure-activity relationship of thiopyrimidines as mGluR5 antagonists.,OHXDZMRKYJSXLE,WIVNCNFPFSEZJX,Clc1ccc(Sc2ccnc(-c3ccccn3)n2)cc1Cl,Fc1ccc(-c2nccc(Sc3ccc(Cl)c(Cl)c3)n2)nc1,Ar-H_to_Ar-F,1,1,1,"{""1"": -1, ""9"": 1}",2.3344537511509307,2.2095150145426308,-0.1249387366082999,1,1,1,0.0,0.0,0.0,CL,CL,mL.min-1.g-1,mL.min-1.g-1,mL.min-1.kg-1,mL.min-1.kg-1,1,1,0,0,1,0,1,1,pending,Verify the parent/fluorinated identity and assay-table values in the cited source.
RLM,1993486,116652,10.1021/acsmedchemlett.0c00263,Discovery of Vixotrigine: A Novel Use-Dependent Sodium Channel Blocker for the Treatment of Trigeminal Neuralgia.,OKBUYONUIPCSBT,AQOBMGIKHTWQEH,NC(=O)[C@@H]1CC[C@H](c2ccc(OCc3ccccc3)cc2)N1,NC(=O)[C@@H]1CC[C@H](c2ccc(OCc3ccc(F)cc3)cc2)N1,Ar-H_to_Ar-F,1,16,1,"{""1"": -1, ""9"": 1}",-0.045757490560675115,0.5105450102066121,0.5563025007672873,0,1,1,0.0,0.0,0.0,CL,CL,mL.min-1.g-1,mL.min-1.g-1,mL.min-1.kg-1,mL.min-1.kg-1,1,1,0,0,1,0,1,1,pending,Verify the parent/fluorinated identity and assay-table values in the cited source.
RLM,2134922,121348,10.1021/acs.jmedchem.1c00224,"Structure-Based Design and Optimization of FPPQ, a Dual-Acting 5-HT<sub>3</sub> and 5-HT<sub>6</sub> Receptor Antagonist with Antipsychotic and Procognitive Properties.",OOJVEAJNWMLNRT,YHTOMGVKYVMOOB,CN1CCN(c2nc3ccccc3c3c2ccn3S(=O)(=O)c2ccccc2)CC1,CN1CCN(c2nc3ccccc3c3c2ccn3S(=O)(=O)c2cccc(F)c2)CC1,Ar-H_to_Ar-F,1,25,1,"{""1"": -1, ""9"": 1}",1.8415221439693479,1.7691556907143988,-0.07236645325494906,1,1,1,0.0,0.0,0.0,CL,CL,mL.min-1.g-1,mL.min-1.g-1,mL.min-1.kg-1,mL.min-1.kg-1,1,1,0,0,1,0,1,1,pending,Verify the parent/fluorinated identity and assay-table values in the cited source.
RLM,1845913,111567,10.1021/acs.jmedchem.0c00628,"Discovery of <i>N</i>-Ethyl-4-[2-(4-fluoro-2,6-dimethyl-phenoxy)-5-(1-hydroxy-1-methyl-ethyl)phenyl]-6-methyl-7-oxo-1<i>H</i>-pyrrolo[2,3-<i>c</i>]pyridine-2-carboxamide (ABBV-744), a BET Bromodomain Inhibitor with Selectivity for the Second Bromodomain.",OPEBMJVHBSSVLY,OESPIJSUAHXLAH,CCNC(=O)c1cc2c(-c3cc(S(=O)(=O)CC)ccc3Oc3c(C)cccc3C)cn(C)c(=O)c2[nH]1,CCNC(=O)c1cc2c(-c3cc(S(=O)(=O)CC)ccc3Oc3c(C)cc(F)cc3C)cn(C)c(=O)c2[nH]1,Ar-H_to_Ar-F,1,25,1,"{""1"": -1, ""9"": 1}",3.028030080768379,2.669009883050939,-0.35902019771743987,1,1,1,0.0,0.0,0.0,CL,CL,mL.min-1.kg-1,mL.min-1.kg-1,,,1,1,0,0,1,0,1,1,pending,Verify the parent/fluorinated identity and assay-table values in the cited source.
RLM,1845913,111567,10.1021/acs.jmedchem.0c00628,"Discovery of <i>N</i>-Ethyl-4-[2-(4-fluoro-2,6-dimethyl-phenoxy)-5-(1-hydroxy-1-methyl-ethyl)phenyl]-6-methyl-7-oxo-1<i>H</i>-pyrrolo[2,3-<i>c</i>]pyridine-2-carboxamide (ABBV-744), a BET Bromodomain Inhibitor with Selectivity for the Second Bromodomain.",OPEBMJVHBSSVLY,OOSDOKNKHNJZHR,CCNC(=O)c1cc2c(-c3cc(S(=O)(=O)CC)ccc3Oc3c(C)cccc3C)cn(C)c(=O)c2[nH]1,CCNC(=O)c1cc2c(-c3cc(S(=O)(=O)CC)ccc3Oc3c(C)cccc3C(F)F)cn(C)c(=O)c2[nH]1,CH2_to_CF2,2,28,1,"{""1"": -2, ""9"": 2}",3.028030080768379,2.3010299956639813,-0.7270000851043976,1,1,1,0.0,0.0,0.0,CL,CL,mL.min-1.kg-1,mL.min-1.kg-1,,,1,1,0,0,1,0,1,1,pending,Verify the parent/fluorinated identity and assay-table values in the cited source.
RLM,1845913,111567,10.1021/acs.jmedchem.0c00628,"Discovery of <i>N</i>-Ethyl-4-[2-(4-fluoro-2,6-dimethyl-phenoxy)-5-(1-hydroxy-1-methyl-ethyl)phenyl]-6-methyl-7-oxo-1<i>H</i>-pyrrolo[2,3-<i>c</i>]pyridine-2-carboxamide (ABBV-744), a BET Bromodomain Inhibitor with Selectivity for the Second Bromodomain.",OPEBMJVHBSSVLY,RNNIEDANKZEVPX,CCNC(=O)c1cc2c(-c3cc(S(=O)(=O)CC)ccc3Oc3c(C)cccc3C)cn(C)c(=O)c2[nH]1,CCNC(=O)c1cc2c(-c3cc(S(=O)(=O)CC)ccc3Oc3c(C)cccc3C(F)(F)F)cn(C)c(=O)c2[nH]1,CH3_to_CF3,3,28,1,"{""1"": -3, ""9"": 3}",3.028030080768379,2.3010299956639813,-0.7270000851043976,1,1,1,0.0,0.0,0.0,CL,CL,mL.min-1.kg-1,mL.min-1.kg-1,,,1,1,0,0,1,0,1,1,pending,Verify the parent/fluorinated identity and assay-table values in the cited source.
RLM,429173,35229,10.1021/jm061159a,"Discovery of diaryl imidazolidin-2-one derivatives, a novel class of muscarinic M3 selective antagonists (Part 1).",PAWBGCCWTWGZPD,PZNWDUWKLZHRGR,O=C1NC(c2cccs2)(c2cccs2)CN1C1CCN(Cc2ccccc2)CC1,O=C1NC(c2cccs2)(c2cccs2)CN1C1CCN(Cc2cccc(F)c2)CC1,Ar-H_to_Ar-F,1,25,1,"{""1"": -1, ""9"": 1}",1.3747483460101038,1.1398790864012365,-0.2348692596088673,1,1,1,0.0,0.0,0.0,CL,CL,mL.min-1.kg-1,mL.min-1.kg-1,,,1,1,0,0,1,0,1,1,pending,Verify the parent/fluorinated identity and assay-table values in the cited source.
RLM,702472,54771,10.1021/jm100679e,Integration of lead optimization with crystallography for a membrane-bound ion channel target: discovery of a new class of AMPA receptor positive allosteric modulators.,PDJIWKMJOGMRFV,FMFRNCRYWTXTOL,O=C1CCCN1Cc1ccc(-n2nc(C(F)(F)F)c3c2CCCC3)cc1,O=C1CCCN1Cc1ccc(-n2nc(C(F)(F)F)c3c2CCCC3)cc1F,Ar-H_to_Ar-F,1,25,1,"{""1"": -1, ""9"": 1}",0.6354837468149122,0.5563025007672873,-0.07918124604762489,1,1,1,0.0,0.0,0.0,CL,CL,mL.min-1.g-1,mL.min-1.g-1,mL.min-1.kg-1,mL.min-1.kg-1,1,1,0,0,1,0,1,1,pending,Verify the parent/fluorinated identity and assay-table values in the cited source.
RLM,702472,54771,10.1021/jm100679e,Integration of lead optimization with crystallography for a membrane-bound ion channel target: discovery of a new class of AMPA receptor positive allosteric modulators.,PGXLUSOTMSRODM,FYXKSKQPCGSNKY,O=C(Cc1ccc(-n2nc(C(F)(F)F)c3c2CCCC3)cc1)N1CCCC1,O=C(N1CCCC1)C(F)(F)c1ccc(-n2nc(C(F)(F)F)c3c2CCCC3)cc1,CH2_to_CF2,2,7,1,"{""1"": -2, ""9"": 2}",1.4196253608877432,1.831613855309099,0.4119884944213559,0,1,1,0.0,0.0,0.0,CL,CL,mL.min-1.g-1,mL.min-1.g-1,mL.min-1.kg-1,mL.min-1.kg-1,1,1,0,0,1,0,1,1,pending,Verify the parent/fluorinated identity and assay-table values in the cited source.
RLM,702472,54771,10.1021/jm100679e,Integration of lead optimization with crystallography for a membrane-bound ion channel target: discovery of a new class of AMPA receptor positive allosteric modulators.,PGXLUSOTMSRODM,JDFFPGMJOIDJDF,O=C(Cc1ccc(-n2nc(C(F)(F)F)c3c2CCCC3)cc1)N1CCCC1,O=C(C(F)c1ccc(-n2nc(C(F)(F)F)c3c2CCCC3)cc1)N1CCCC1,C-H_to_C-F,1,2,1,"{""1"": -1, ""9"": 1}",1.4196253608877432,1.5541255815130126,0.13450022062526945,0,1,1,0.0,0.0,0.0,CL,CL,mL.min-1.g-1,mL.min-1.g-1,mL.min-1.kg-1,mL.min-1.kg-1,1,1,0,0,1,0,1,1,pending,Verify the parent/fluorinated identity and assay-table values in the cited source.
RLM,702472,54771,10.1021/jm100679e,Integration of lead optimization with crystallography for a membrane-bound ion channel target: discovery of a new class of AMPA receptor positive allosteric modulators.,PGXLUSOTMSRODM,LDPUPYCJAUQZJN,O=C(Cc1ccc(-n2nc(C(F)(F)F)c3c2CCCC3)cc1)N1CCCC1,O=C(Cc1ccc(-n2nc(C(F)(F)F)c3c2CCCC3)cc1F)N1CCCC1,Ar-H_to_Ar-F,1,21,1,"{""1"": -1, ""9"": 1}",1.4196253608877432,1.3856062735983121,-0.03401908728943104,1,1,1,0.0,0.0,0.0,CL,CL,mL.min-1.g-1,mL.min-1.g-1,mL.min-1.kg-1,mL.min-1.kg-1,1,1,0,0,1,0,1,1,pending,Verify the parent/fluorinated identity and assay-table values in the cited source.
RLM,1925815,114173,10.1021/acs.jmedchem.6b00425,Application of a Parallel Synthetic Strategy in the Discovery of Biaryl Acyl Sulfonamides as Efficient and Selective NaV1.7 Inhibitors.,PJWDCRXXCSYMLG,ZVQRMIXAIICOKV,CC(C)COc1ncc(-c2ccc(C(=O)NS(C)(=O)=O)cc2F)cc1Cl,CC(C)COc1ncc(-c2cc(F)c(C(=O)NS(C)(=O)=O)cc2F)cc1Cl,Ar-H_to_Ar-F,1,11,1,"{""1"": -1, ""9"": 1}",1.5976951859255124,1.5976951859255124,0.0,0,1,1,0.0,0.0,0.0,CL,CL,mL.min-1.g-1,mL.min-1.g-1,mL.min-1.kg-1,mL.min-1.kg-1,1,1,0,0,1,0,1,1,pending,Verify the parent/fluorinated identity and assay-table values in the cited source.
RLM,1810581,110470,10.1021/acs.jmedchem.8b00994,"Discovery, Structure-Activity Relationship, and Biological Characterization of a Novel Series of 6-((1 H-Pyrazolo[4,3- b]pyridin-3-yl)amino)-benzo[ d]isothiazole-3-carboxamides as Positive Allosteric Modulators of the Metabotropic Glutamate Receptor 4 (mGlu<sub>4</sub>).",PPHTWUAKTMFTTE,MQAWYYGWCJGFEV,CCc1noc2cc(Nc3[nH]nc4cccnc34)ccc12,CC(F)(F)c1noc2cc(Nc3[nH]nc4cccnc34)ccc12,CH2_to_CF2,2,1,1,"{""1"": -2, ""9"": 2}",2.3096301674258988,1.0413926851582251,-1.2682374822676736,1,1,1,0.0,0.0,0.0,CL,CL,mL.min-1.kg-1,mL.min-1.kg-1,,,1,1,0,0,1,0,1,1,pending,Verify the parent/fluorinated identity and assay-table values in the cited source.
RLM,853106,65507,10.1021/ml3000148,"A Potent and Orally Efficacious, Hydroxyethylamine-Based Inhibitor of β-Secretase.",PSUGQZDSIJNGJX,FBJQDUYQPYABBR,CC(=O)N[C@@H](Cc1ccccc1)[C@H](O)CN[C@H]1CC2(CCC2)Oc2ncc(CC(C)(C)C)cc21,CC(=O)N[C@@H](Cc1ccc(F)cc1)[C@H](O)CN[C@H]1CC2(CCC2)Oc2ncc(CC(C)(C)C)cc21,Ar-H_to_Ar-F,1,9,1,"{""1"": -1, ""9"": 1}",2.6372895476781744,2.510545010206612,-0.12674453747156234,1,1,1,0.0,0.0,0.0,CL,CL,mL.min-1.g-1,mL.min-1.g-1,mL.min-1.kg-1,mL.min-1.kg-1,1,1,0,0,1,0,1,1,pending,Verify the parent/fluorinated identity and assay-table values in the cited source.
RLM,853106,65507,10.1021/ml3000148,"A Potent and Orally Efficacious, Hydroxyethylamine-Based Inhibitor of β-Secretase.",PSUGQZDSIJNGJX,ZAJKCLUZHUAIIX,CC(=O)N[C@@H](Cc1ccccc1)[C@H](O)CN[C@H]1CC2(CCC2)Oc2ncc(CC(C)(C)C)cc21,CC(=O)N[C@@H](Cc1ccccc1F)[C@H](O)CN[C@H]1CC2(CCC2)Oc2ncc(CC(C)(C)C)cc21,Ar-H_to_Ar-F,1,11,1,"{""1"": -1, ""9"": 1}",2.6372895476781744,2.5691397254724593,-0.06814982220571508,1,1,1,0.0,0.0,0.0,CL,CL,mL.min-1.g-1,mL.min-1.g-1,mL.min-1.kg-1,mL.min-1.kg-1,1,1,0,0,1,0,1,1,pending,Verify the parent/fluorinated identity and assay-table values in the cited source.
RLM,853106,65507,10.1021/ml3000148,"A Potent and Orally Efficacious, Hydroxyethylamine-Based Inhibitor of β-Secretase.",PSUGQZDSIJNGJX,ZJIPAWSHYBXAKX,CC(=O)N[C@@H](Cc1ccccc1)[C@H](O)CN[C@H]1CC2(CCC2)Oc2ncc(CC(C)(C)C)cc21,CC(=O)N[C@@H](Cc1cccc(F)c1)[C@H](O)CN[C@H]1CC2(CCC2)Oc2ncc(CC(C)(C)C)cc21,Ar-H_to_Ar-F,1,10,1,"{""1"": -1, ""9"": 1}",2.6372895476781744,2.611298362296429,-0.025991185381745385,1,1,1,0.0,0.0,0.0,CL,CL,mL.min-1.g-1,mL.min-1.g-1,mL.min-1.kg-1,mL.min-1.kg-1,1,1,0,0,1,0,1,1,pending,Verify the parent/fluorinated identity and assay-table values in the cited source.
RLM,478844,39450,10.1021/jm701383e,"Discovery of a new class of potent, selective, and orally bioavailable CRTH2 (DP2) receptor antagonists for the treatment of allergic inflammatory diseases.",PTGHDUZXAIHWGN,IXKFWNVFUXXEFY,O=C(O)CN1C(=O)[C@@]2(CC(=O)N(Cc3cccc(Cl)c3)C2=O)c2cc(Cl)ccc21,O=C(O)CN1C(=O)[C@@]2(CC(=O)N(Cc3cc(Cl)ccc3F)C2=O)c2cc(Cl)ccc21,Ar-H_to_Ar-F,1,19,1,"{""1"": -1, ""9"": 1}",1.1583624920952498,1.534026106056135,0.3756636139608853,0,1,1,0.0,0.0,0.0,CL,CL,mL.min-1.g-1,mL.min-1.g-1,mL.min-1.kg-1,mL.min-1.kg-1,1,1,0,0,1,0,1,1,pending,Verify the parent/fluorinated identity and assay-table values in the cited source.
RLM,2246786,124534,10.1021/acs.jmedchem.1c02203,"Design, Synthesis, Biological Evaluation, and Computational Studies of Novel Ureidopropanamides as Formyl Peptide Receptor 2 (FPR2) Agonists to Target the Resolution of Inflammation in Central Nervous System Disorders.",QCKGAEKQACBALR,QBUYDHQHPITKBU,N#Cc1ccc(C[C@H](NC(=O)Nc2ccc(F)cc2)C(=O)N2Cc3ccccc3C2)cc1,N#Cc1ccc(C[C@H](NC(=O)Nc2ccc(F)cc2)C(=O)N2Cc3ccc(F)cc3C2)cc1,Ar-H_to_Ar-F,1,26,1,"{""1"": -1, ""9"": 1}",1.6479694583629718,0.8680563618230415,-0.7799130965399304,1,1,1,0.0,0.0,0.0,CL,CL,mL.min-1.g-1,mL.min-1.g-1,mL.min-1.kg-1,mL.min-1.kg-1,1,1,0,0,1,0,1,1,pending,Verify the parent/fluorinated identity and assay-table values in the cited source.
RLM,755974,58195,10.1021/jm200385u,"Synthesis of a novel series of tricyclic dihydrofuran derivatives: discovery of 8,9-dihydrofuro[3,2-c]pyrazolo[1,5-a]pyridines as melatonin receptor (MT1/MT2) ligands.",QFLFQDPFCMVEHV,PKOBNGSYRZCTGZ,CC(=O)NCCc1c(C)nn2ccc3c(c12)CCO3,CC(=O)NCCc1c(C(F)(F)F)nn2ccc3c(c12)CCO3,CH3_to_CF3,3,8,1,"{""1"": -3, ""9"": 3}",1.5774917998372253,2.0261245167454502,0.4486327169082249,0,1,1,0.0,0.0,0.0,CL,CL,mL.min-1.g-1,mL.min-1.g-1,mL.min-1.kg-1,mL.min-1.kg-1,1,1,0,0,1,0,1,1,pending,Verify the parent/fluorinated identity and assay-table values in the cited source.
RLM,863881,65939,10.1021/jm3005866,"The discovery and optimization of a novel class of potent, selective, and orally bioavailable anaplastic lymphoma kinase (ALK) inhibitors with potential utility for the treatment of cancer.",QKAKGYZGWUVWRD,ZOLZWVKNNLWBEL,CC(C)NC(=O)[C@H]1CC[C@@H](n2c(NC(=O)c3ccc(C#N)cc3)nc3ccc(CN4CCC(C(C)(C)O)CC4)cc32)CC1,CC(C)NC(=O)[C@H]1CC[C@@H](n2c(NC(=O)c3ccc(C#N)c(F)c3)nc3ccc(CN4CCC(C(C)(C)O)CC4)cc32)CC1,Ar-H_to_Ar-F,1,21,1,"{""1"": -1, ""9"": 1}",1.7466341989375787,1.717670503002262,-0.028963695935316558,1,1,1,0.0,0.0,0.0,CL,CL,mL.min-1.g-1,mL.min-1.g-1,mL.min-1.kg-1,mL.min-1.kg-1,1,1,0,0,1,0,1,1,pending,Verify the parent/fluorinated identity and assay-table values in the cited source.
RLM,456244,37633,10.1016/j.bmcl.2007.05.028,"Rapid hit to lead evaluation of pyrazolo[3,4-d]pyrimidin-4-one as selective and orally bioavailable mGluR1 antagonists.",QOIILHBCASHADR,LMSDTIYFINPURL,Cc1nc2c(cnn2-c2ccccc2)c(=O)n1-c1ccc(Cl)cc1,Cc1nc2c(cnn2-c2ccccc2)c(=O)n1-c1ccc(Cl)c(F)c1,Ar-H_to_Ar-F,1,22,1,"{""1"": -1, ""9"": 1}",2.066959197867122,2.263233538439489,0.19627434057236703,0,1,1,0.0,0.0,0.0,CL,CL,mL.min-1.kg-1,mL.min-1.kg-1,,,1,1,0,0,1,0,1,1,pending,Verify the parent/fluorinated identity and assay-table values in the cited source.
RLM,811997,61468,10.1016/j.bmcl.2012.01.023,"The discovery of aminopyrazines as novel, potent Na(v)1.7 antagonists: hit-to-lead identification and SAR.",QRJDTECPLGOOBM,UYHQZAYRYVKPCY,Cc1ccc(Oc2ccc(Nc3nccc(N)n3)cc2)cc1,Nc1ccnc(Nc2ccc(Oc3ccc(C(F)(F)F)cc3)cc2)n1,CH3_to_CF3,3,16,1,"{""1"": -3, ""9"": 3}",2.462098381135156,1.6170003411208989,-0.8450980400142571,1,1,1,0.0,0.0,0.0,CL,CL,mL.min-1.g-1,mL.min-1.g-1,mL.min-1.kg-1,mL.min-1.kg-1,1,1,0,0,1,0,1,1,pending,Verify the parent/fluorinated identity and assay-table values in the cited source.
RLM,2149506,121619,10.1016/j.bmc.2021.116512,"Design, synthesis and biological evaluation of a novel spiro oxazolidinedione as potent p300/CBP HAT inhibitor for the treatment of ovarian cancer.",QULMQLITKMCMAK,GGXPWHYWZIJKLJ,CNC(=O)Nc1ccc2c(c1)CC[C@@]21OC(=O)N(CC(=O)N2Cc3ccc(F)cc3CC[C@H]2C2CC2)C1=O,CNC(=O)Nc1cc2c(cc1F)[C@@]1(CC2)OC(=O)N(CC(=O)N2Cc3ccc(F)cc3CC[C@H]2C2CC2)C1=O,Ar-H_to_Ar-F,1,10,1,"{""1"": -1, ""9"": 1}",2.666892211066536,2.230244499401375,-0.43664771166516125,1,1,1,0.0,0.0,0.0,CL,CL,mL.min-1.g-1,mL.min-1.g-1,mL.min-1.kg-1,mL.min-1.kg-1,1,1,0,0,1,0,1,1,pending,Verify the parent/fluorinated identity and assay-table values in the cited source.
RLM,2068635,119055,10.1021/acs.jmedchem.0c01279,Synthesis and Structure-Activity Relationship of Tetra-Substituted Cyclohexyl Diol Inhibitors of Proviral Insertion of Moloney Virus (PIM) Kinases.,QVCLVTVRXGXXOR,LJODAYYMQPHCRE,C[C@H]1C[C@@H](c2ccncc2NC(=O)c2nc(-c3ncccc3F)ccc2N)C[C@@H](O)[C@]1(C)O,C[C@H]1C[C@@H](c2ccncc2NC(=O)c2nc(-c3ncccc3F)ccc2N)C[C@@H](O)[C@@]1(O)CF,C-H_to_C-F,1,32,1,"{""1"": -1, ""9"": 1}",1.5440680443502757,1.6127838567197355,0.06871581236945978,0,1,1,0.0,0.0,0.0,CL,CL,mL.min-1.kg-1,mL.min-1.kg-1,,,1,1,0,0,1,0,1,1,pending,Verify the parent/fluorinated identity and assay-table values in the cited source.
RLM,391848,31640,10.1016/j.bmcl.2006.07.040,Solid-phase synthesis and structure-activity relationships of novel biarylethers as melanin-concentrating hormone receptor-1 antagonists.,QXGAUBMIKBEJAL,OBHFOTLCPRPWNS,O=C(Nc1cccc(F)c1)Nc1cc(C(=O)NCCN2CCCC2)ccc1Oc1cccc(F)c1,O=C(Nc1cccc(F)c1)Nc1cc(C(=O)NCCN2CCCC2)ccc1Oc1ccc(F)c(F)c1,Ar-H_to_Ar-F,1,31,1,"{""1"": -1, ""9"": 1}",2.547528576459782,2.8496650554787326,0.3021364790189507,0,1,1,0.0,0.0,0.0,CL,CL,mL.min-1.g-1,mL.min-1.g-1,mL.min-1.kg-1,mL.min-1.kg-1,1,1,0,0,1,0,1,1,pending,Verify the parent/fluorinated identity and assay-table values in the cited source.
RLM,467794,38710,10.1016/j.bmcl.2008.04.045,Studies on a series of milnacipran analogs containing a heteroaromatic group as potent norepinephrine and serotonin transporter inhibitors.,RBKMRYYKCJETLF,WDJLGAAWPRVZRR,C=CCN(CCOC)C(=O)[C@@]1(c2ccsc2)C[C@H]1CN,C=C(F)CN(CCOC)C(=O)[C@@]1(c2ccsc2)C[C@H]1CN,C-H_to_C-F,1,1,1,"{""1"": -1, ""9"": 1}",1.7160033436347992,1.7323937598229686,0.016390416188169388,0,1,1,0.0,0.0,0.0,CL,CL,mL.min-1.kg-1,mL.min-1.kg-1,,,1,1,0,0,1,0,1,1,pending,Verify the parent/fluorinated identity and assay-table values in the cited source.
RLM,811997,61468,10.1016/j.bmcl.2012.01.023,"The discovery of aminopyrazines as novel, potent Na(v)1.7 antagonists: hit-to-lead identification and SAR.",RGEBGRLYAPVJLZ,PMMALHFQLZXMOO,Cc1ccc(Oc2ccc(Nc3cncc(N)n3)cc2)cc1,Nc1cncc(Nc2ccc(Oc3ccc(C(F)(F)F)cc3)cc2)n1,CH3_to_CF3,3,16,1,"{""1"": -3, ""9"": 3}",2.365862215402555,2.250907699700856,-0.11495451570169868,1,1,1,0.0,0.0,0.0,CL,CL,mL.min-1.g-1,mL.min-1.g-1,mL.min-1.kg-1,mL.min-1.kg-1,1,1,0,0,1,0,1,1,pending,Verify the parent/fluorinated identity and assay-table values in the cited source.
RLM,1924597,114115,10.1021/acsmedchemlett.6b00140,Novel Series of Potent Glucokinase Activators Leading to the Discovery of AM-2394.,RJBBFBBZBQOMKF,KCXPSRRPQGRSSN,CNC(=O)Nc1cc(Oc2ccccc2)ccn1,CNC(=O)Nc1cc(Oc2ccccc2F)ccn1,Ar-H_to_Ar-F,1,14,1,"{""1"": -1, ""9"": 1}",2.5200903281128424,2.2805783703680764,-0.23951195774476597,1,1,1,0.0,0.0,0.0,CL,CL,mL.min-1.g-1,mL.min-1.g-1,mL.min-1.kg-1,mL.min-1.kg-1,1,1,0,0,1,0,1,1,pending,Verify the parent/fluorinated identity and assay-table values in the cited source.
RLM,972739,74310,10.1021/ml400197u,"Structure and Property Based Design of Pyrazolo[1,5-a]pyrimidine Inhibitors of CK2 Kinase with Activity in Vivo.",RJKPIFNQHUDFCH,DLNLXEFBJJNDKY,CC(=O)Nc1cc(Nc2cc(NC3CCC3)n3ncc(C#N)c3n2)ccc1C,CC(=O)Nc1cc(Nc2cc(NC3CCC3)n3ncc(C#N)c3n2)c(F)cc1C,Ar-H_to_Ar-F,1,24,1,"{""1"": -1, ""9"": 1}",1.9273703630390235,1.7466341989375787,-0.18073616410144488,1,1,1,0.0,0.0,0.0,CL,CL,mL.min-1.g-1,mL.min-1.g-1,mL.min-1.kg-1,mL.min-1.kg-1,1,1,0,0,1,0,1,1,pending,Verify the parent/fluorinated identity and assay-table values in the cited source.
RLM,1845913,111567,10.1021/acs.jmedchem.0c00628,"Discovery of <i>N</i>-Ethyl-4-[2-(4-fluoro-2,6-dimethyl-phenoxy)-5-(1-hydroxy-1-methyl-ethyl)phenyl]-6-methyl-7-oxo-1<i>H</i>-pyrrolo[2,3-<i>c</i>]pyridine-2-carboxamide (ABBV-744), a BET Bromodomain Inhibitor with Selectivity for the Second Bromodomain.",RVIRKLVYYGWHDE,KKVKZITYRODXHP,CCNC(=O)c1cc2c(-c3cc(NC(C)=O)ccc3Oc3c(C)cccc3C)cn(C)c(=O)c2[nH]1,CCNC(=O)c1cc2c(-c3cc(NC(C)=O)ccc3Oc3c(C)cc(F)cc3C)cn(C)c(=O)c2[nH]1,Ar-H_to_Ar-F,1,24,1,"{""1"": -1, ""9"": 1}",2.8239109124112995,2.3979400086720375,-0.42597090373926205,1,1,1,0.0,0.0,0.0,CL,CL,mL.min-1.kg-1,mL.min-1.kg-1,,,1,1,0,0,1,0,1,1,pending,Verify the parent/fluorinated identity and assay-table values in the cited source.
RLM,853106,65507,10.1021/ml3000148,"A Potent and Orally Efficacious, Hydroxyethylamine-Based Inhibitor of β-Secretase.",SAHAOYKXDZOYLC,NOEBJLGZGKXWLU,CC(=O)N[C@@H](Cc1ccc(C)c(F)c1)[C@H](O)CN[C@H]1CC2(CCC2)Oc2ncc(CC(C)(C)C)cc21,CC(=O)N[C@@H](Cc1ccc(C(F)(F)F)c(F)c1)[C@H](O)CN[C@H]1CC2(CCC2)Oc2ncc(CC(C)(C)C)cc21,CH3_to_CF3,3,10,1,"{""1"": -3, ""9"": 3}",2.4456042032735974,2.3380578754197563,-0.1075463278538411,1,1,1,0.0,0.0,0.0,CL,CL,mL.min-1.g-1,mL.min-1.g-1,mL.min-1.kg-1,mL.min-1.kg-1,1,1,0,0,1,0,1,1,pending,Verify the parent/fluorinated identity and assay-table values in the cited source.
RLM,1863886,112015,10.1021/acs.jmedchem.9b00363,Improvement of Asparagine Ethylenediamines as Anti-malarial <i>Plasmodium</i>-Selective Proteasome Inhibitors.,SCUFZIUNKCLTOL,OAYBEKNKNSOYLQ,Cc1ccc(S(=O)(=O)N[C@@H](CC(=O)NC(C)(C)C)C(=O)NCCNC(=O)c2ccccc2)cc1,Cc1ccc(S(=O)(=O)N[C@@H](CC(=O)NC(C)(C)C)C(=O)NCCNC(=O)c2ccc(F)cc2)cc1,Ar-H_to_Ar-F,1,29,1,"{""1"": -1, ""9"": 1}",2.074816440645175,2.163757523981956,0.08894108333678119,0,1,1,0.0,0.0,0.0,CL,CL,mL.min-1.g-1,mL.min-1.g-1,mL.min-1.kg-1,mL.min-1.kg-1,1,1,0,0,1,0,1,1,pending,Verify the parent/fluorinated identity and assay-table values in the cited source.
RLM,1863886,112015,10.1021/acs.jmedchem.9b00363,Improvement of Asparagine Ethylenediamines as Anti-malarial <i>Plasmodium</i>-Selective Proteasome Inhibitors.,SCUFZIUNKCLTOL,UGZFMSKVOLRMHU,Cc1ccc(S(=O)(=O)N[C@@H](CC(=O)NC(C)(C)C)C(=O)NCCNC(=O)c2ccccc2)cc1,Cc1ccc(S(=O)(=O)N[C@@H](CC(=O)NC(C)(C)C)C(=O)NCCNC(=O)c2ccccc2F)cc1,Ar-H_to_Ar-F,1,31,1,"{""1"": -1, ""9"": 1}",2.074816440645175,2.350092885458106,0.27527644481293123,0,1,1,0.0,0.0,0.0,CL,CL,mL.min-1.g-1,mL.min-1.g-1,mL.min-1.kg-1,mL.min-1.kg-1,1,1,0,0,1,0,1,1,pending,Verify the parent/fluorinated identity and assay-table values in the cited source.
RLM,1825666,110861,10.1021/acs.jmedchem.9b01721,"Discovery of Highly Potent, Selective, and Orally Efficacious p300/CBP Histone Acetyltransferases Inhibitors.",SEXXYWDWHQXEJM,QXMPWAOORBXKOQ,CNC(=O)Nc1ccc2c(c1)CC[C@@]21OC(=O)N(CC(=O)N2Cc3ccc(F)cc3CC[C@H]2C)C1=O,CNC(=O)Nc1ccc2c(c1)CC[C@@]21OC(=O)N(CC(=O)N2Cc3ccc(F)cc3CC[C@H]2C(F)(F)F)C1=O,CH3_to_CF3,3,33,1,"{""1"": -3, ""9"": 3}",2.678518379040114,2.230244499401375,-0.4482738796387391,1,1,1,0.0,0.0,0.0,CL,CL,mL.min-1.g-1,mL.min-1.g-1,mL.min-1.kg-1,mL.min-1.kg-1,1,1,0,0,1,0,1,1,pending,Verify the parent/fluorinated identity and assay-table values in the cited source.
RLM,467092,38671,10.1021/jm701487t,Benzodioxoles: novel cannabinoid-1 receptor inverse agonists for the treatment of obesity.,SJMBODNIXZRCSX,YTHMRYNWHQGSRZ,O=C(c1cc2c(cc1F)OC(c1ccc(F)cc1F)(c1ccc(F)cc1F)O2)N1CCCCC1,O=C(c1cc2c(cc1F)OC(c1ccc(F)cc1F)(c1ccc(F)cc1F)O2)N1CCC(F)(F)CC1,CH2_to_CF2,2,31,1,"{""1"": -2, ""9"": 2}",2.3416323357780544,0.9542425094393249,-1.3873898263387296,1,1,1,0.0,0.0,0.0,CL,CL,mL.min-1.g-1,mL.min-1.g-1,mL.min-1.kg-1,mL.min-1.kg-1,1,1,0,0,1,0,1,1,pending,Verify the parent/fluorinated identity and assay-table values in the cited source.
RLM,1779574,109096,10.1021/acs.jmedchem.8b00518,"Discovery of TRPM8 Antagonist ( S)-6-(((3-Fluoro-4-(trifluoromethoxy)phenyl)(3-fluoropyridin-2-yl)methyl)carbamoyl)nicotinic Acid (AMG 333), a Clinical Candidate for the Treatment of Migraine.",SJTMLURACBBWQI,KHLQJMXGNUKLQZ,O=C(N[C@@H](c1ccccc1)c1ncccc1C(F)(F)F)c1ccc2cccnc2c1,O=C(N[C@@H](c1ccc(F)cc1)c1ncccc1C(F)(F)F)c1ccc2cccnc2c1,Ar-H_to_Ar-F,1,7,1,"{""1"": -1, ""9"": 1}",2.2723058444020863,2.040602340114073,-0.23170350428801312,1,1,1,0.0,0.0,0.0,CL,CL,mL.min-1.g-1,mL.min-1.g-1,mL.min-1.kg-1,mL.min-1.kg-1,1,1,0,0,1,0,1,1,pending,Verify the parent/fluorinated identity and assay-table values in the cited source.
RLM,2158952,121916,10.1021/acs.jmedchem.1c01432,Development of 3-(4-Chlorophenyl)-1-(phenethyl)urea Analogues as Allosteric Modulators of the Cannabinoid Type-1 Receptor: RTICBM-189 is Brain Penetrant and Attenuates Reinstatement of Cocaine-Seeking Behavior.,SJYORIXDVZIGTB,IDXGOFSJODBRFM,Cc1cccc(CCNC(=O)Nc2ccc(Cl)cc2)c1,O=C(NCCc1cccc(C(F)(F)F)c1)Nc1ccc(Cl)cc1,CH3_to_CF3,3,10,1,"{""1"": -3, ""9"": 3}",2.2638726768652235,2.2095150145426308,-0.05435766232259276,1,1,1,0.0,0.0,0.0,CL,CL,mL.min-1.g-1,mL.min-1.g-1,mL.min-1.kg-1,mL.min-1.kg-1,1,1,0,0,1,0,1,1,pending,Verify the parent/fluorinated identity and assay-table values in the cited source.
RLM,792917,60458,10.1021/jm2011645,"Identification of benzoxazin-3-one derivatives as novel, potent, and selective nonsteroidal mineralocorticoid receptor antagonists.",SKPDQMSNDPLXPE,HZOURIJYMFADDZ,Cc1cc(-c2ccc3c(c2)NC(=O)CO3)n(-c2ccc(F)cc2)n1,O=C1COc2ccc(-c3cc(C(F)(F)F)nn3-c3ccc(F)cc3)cc2N1,CH3_to_CF3,3,11,1,"{""1"": -3, ""9"": 3}",2.470116353151004,1.6354837468149122,-0.8346326063360918,1,1,1,0.0,0.0,0.0,CL,CL,mL.min-1.g-1,mL.min-1.g-1,mL.min-1.kg-1,mL.min-1.kg-1,1,1,0,0,1,0,1,1,pending,Verify the parent/fluorinated identity and assay-table values in the cited source.
RLM,1779574,109096,10.1021/acs.jmedchem.8b00518,"Discovery of TRPM8 Antagonist ( S)-6-(((3-Fluoro-4-(trifluoromethoxy)phenyl)(3-fluoropyridin-2-yl)methyl)carbamoyl)nicotinic Acid (AMG 333), a Clinical Candidate for the Treatment of Migraine.",SNGJRCXXXCPGOB,GUFSIJWZLKYPQW,COc1ccc([C@H](NC(=O)c2ccc3cccnc3c2)c2ncccc2C(F)(F)F)cc1,O=C(N[C@@H](c1ccc(OC(F)(F)F)cc1)c1ncccc1C(F)(F)F)c1ccc2cccnc2c1,OCH3_to_OCF3,3,9,1,"{""1"": -3, ""9"": 3}",2.6549462265843444,1.4313637641589874,-1.223582462425357,1,1,1,0.0,0.0,0.0,CL,CL,mL.min-1.g-1,mL.min-1.g-1,mL.min-1.kg-1,mL.min-1.kg-1,1,1,0,0,1,0,1,1,pending,Verify the parent/fluorinated identity and assay-table values in the cited source.
RLM,694838,54212,10.1016/j.bmcl.2010.09.124,"Discovery of benzoylisoindolines as a novel class of potent, selective and orally active GlyT1 inhibitors.",SPASPLFBANPFIF,IHLMQHFPWQMCHB,CC(C)Oc1ccc(S(C)(=O)=O)cc1C(=O)N1Cc2ccc(C3CCOCC3)cc2C1,C[C@H](Oc1ccc(S(C)(=O)=O)cc1C(=O)N1Cc2ccc(C3CCOCC3)cc2C1)C(F)(F)F,CH3_to_CF3,3,30,1,"{""1"": -3, ""9"": 3}",1.53173430927655,1.3982873053574012,-0.13344700391914888,1,1,1,0.0,0.0,0.0,CL,CL,mL.min-1.g-1,mL.min-1.g-1,mL.min-1.kg-1,mL.min-1.kg-1,1,1,0,0,1,0,1,1,pending,Verify the parent/fluorinated identity and assay-table values in the cited source.
RLM,759696,58393,10.1016/j.bmcl.2011.06.021,Development of potent B-RafV600E inhibitors containing an arylsulfonamide headgroup.,SSDZABHFZHOZNH,CIIUGLSRFAGNDX,CC(=O)N1CCN(c2ccc(Nc3nccc(-c4sc(C(C)C)nc4-c4cccc(NS(=O)(=O)c5ccccc5)c4)n3)cn2)CC1,CC(=O)N1CCN(c2ccc(Nc3nccc(-c4sc(C(C)C)nc4-c4cccc(NS(=O)(=O)c5ccccc5F)c4)n3)cn2)CC1,Ar-H_to_Ar-F,1,39,1,"{""1"": -1, ""9"": 1}",1.5563025007672873,1.510545010206612,-0.04575749056067524,1,1,1,0.0,0.0,0.0,CL,CL,mL.min-1.g-1,mL.min-1.g-1,mL.min-1.kg-1,mL.min-1.kg-1,1,1,0,0,1,0,1,1,pending,Verify the parent/fluorinated identity and assay-table values in the cited source.
RLM,1720760,106636,10.1021/acsmedchemlett.7b00342,"Discovery and Evaluation of Clinical Candidate IDH305, a Brain Penetrant Mutant IDH1 Inhibitor.",STBYUFXCJRAGIR,PSXPAZZYWRPYLL,Cc1cc([C@H](C)Nc2nccc(N3C(=O)OC[C@@H]3C)n2)ncc1-c1ccnc(C(F)(F)F)c1,Cc1cc([C@H](C)Nc2nccc(N3C(=O)OC[C@@H]3CF)n2)ncc1-c1ccnc(C(F)(F)F)c1,C-H_to_C-F,1,18,1,"{""1"": -1, ""9"": 1}",1.8115750058705933,1.6866362692622934,-0.1249387366082999,1,1,1,0.0,0.0,0.0,CL,CL,mL.min-1.g-1,mL.min-1.g-1,mL.min-1.kg-1,mL.min-1.kg-1,1,1,0,0,1,0,1,1,pending,Verify the parent/fluorinated identity and assay-table values in the cited source.
RLM,2118299,120738,10.1021/acs.jmedchem.1c00847,GDC-9545 (Giredestrant): A Potent and Orally Bioavailable Selective Estrogen Receptor Antagonist and Degrader with an Exceptional Preclinical Profile for ER+ Breast Cancer.,SZRZELMHJGHJHD,GQCXHIKRWBIQMD,CCCN1CC(Nc2cc(F)c([C@@H]3c4[nH]c5ccccc5c4C[C@@H](C)N3CC(F)(F)CO)c(F)c2)C1,C[C@@H]1Cc2c([nH]c3ccccc23)[C@@H](c2c(F)cc(NC3CN(CCCF)C3)cc2F)N1CC(F)(F)CO,C-H_to_C-F,1,24,1,"{""1"": -1, ""9"": 1}",1.1760912590556813,1.2787536009528289,0.10266234189714751,0,1,1,0.0,0.0,0.0,CL,CL,mL.min-1.kg-1,mL.min-1.kg-1,,,1,1,0,0,1,0,1,1,pending,Verify the parent/fluorinated identity and assay-table values in the cited source.
RLM,2118299,120738,10.1021/acs.jmedchem.1c00847,GDC-9545 (Giredestrant): A Potent and Orally Bioavailable Selective Estrogen Receptor Antagonist and Degrader with an Exceptional Preclinical Profile for ER+ Breast Cancer.,SZRZELMHJGHJHD,HZSIGWFQINBTLS,CCCN1CC(Nc2cc(F)c([C@@H]3c4[nH]c5ccccc5c4C[C@@H](C)N3CC(F)(F)CO)c(F)c2)C1,C[C@@H]1Cc2c([nH]c3ccccc23)[C@@H](c2c(F)cc(NC3CN(CCC(F)F)C3)cc2F)N1CC(F)(F)CO,CH2_to_CF2,2,24,1,"{""1"": -2, ""9"": 2}",1.1760912590556813,1.3979400086720377,0.22184874961635637,0,1,1,0.0,0.0,0.0,CL,CL,mL.min-1.kg-1,mL.min-1.kg-1,,,1,1,0,0,1,0,1,1,pending,Verify the parent/fluorinated identity and assay-table values in the cited source.
RLM,2262294,124869,10.1016/j.bmcl.2022.129014,Development of a putative Zn<sup>2+</sup>-chelating but highly selective MMP-13 inhibitor.,UCRZOHKTQUUZHC,UTXHYAKNKVDRIH,O=c1[nH]c(SCc2ccc(-c3ccc(S(=O)(=O)NC4COC4)cc3)cc2F)nc2c1CCC2,O=c1[nH]c(SCc2ccc(-c3ccc(S(=O)(=O)NC4COC4)c(F)c3)cc2F)nc2c1CCC2,Ar-H_to_Ar-F,1,22,1,"{""1"": -1, ""9"": 1}",2.0187004986662433,1.7323937598229686,-0.28630673884327473,1,1,1,0.0,0.0,0.0,CL,CL,mL.min-1.g-1,mL.min-1.g-1,mL.min-1.kg-1,mL.min-1.kg-1,1,1,0,0,1,0,1,1,pending,Verify the parent/fluorinated identity and assay-table values in the cited source.
RLM,2134922,121348,10.1021/acs.jmedchem.1c00224,"Structure-Based Design and Optimization of FPPQ, a Dual-Acting 5-HT<sub>3</sub> and 5-HT<sub>6</sub> Receptor Antagonist with Antipsychotic and Procognitive Properties.",UHABTHCQCIQHSP,QNKGTIWNFNPEJL,O=S(=O)(c1ccccc1)n1ccc2c(N3CCNCC3)nc3ccccc3c21,O=S(=O)(c1cccc(F)c1)n1ccc2c(N3CCNCC3)nc3ccccc3c21,Ar-H_to_Ar-F,1,7,1,"{""1"": -1, ""9"": 1}",0.9065505191014501,1.3624824747511743,0.4559319556497242,0,1,1,0.0,0.0,0.0,CL,CL,mL.min-1.g-1,mL.min-1.g-1,mL.min-1.kg-1,mL.min-1.kg-1,1,1,0,0,1,0,1,1,pending,Verify the parent/fluorinated identity and assay-table values in the cited source.
RLM,2094600,119973,10.1021/acs.jmedchem.0c01796,"Discovery of GLPG2451, a Novel Once Daily Potentiator for the Treatment of Cystic Fibrosis.",UMOGNCVNHXWFIX,RGMBPFIUBYVLME,C[C@H](O)CNC(=O)c1ncc(S(=O)(=O)c2ccc(OC(F)(F)F)cc2)cc1N,Nc1cc(S(=O)(=O)c2ccc(OC(F)(F)F)cc2)cnc1C(=O)NC[C@@H](O)C(F)(F)F,CH3_to_CF3,3,27,1,"{""1"": -3, ""9"": 3}",1.619823500457278,1.7658919764300154,0.1460684759727373,0,1,1,0.0,0.0,0.0,CL,CL,mL.min-1.kg-1,mL.min-1.kg-1,,,1,1,0,0,1,0,1,1,pending,Verify the parent/fluorinated identity and assay-table values in the cited source.
RLM,754883,58279,10.1016/j.bmcl.2010.05.026,Pyrazolopyridazine alpha-2-delta-1 ligands for the treatment of neuropathic pain.,UNDRZULXNGGEMB,PTYOAOCUXNHRIN,CCOc1ccc(-n2nc3c(N4CCCC4)nnc(C)c3c2C)cc1,CCOc1ccc(-n2nc3c(N4CCC(F)(F)C4)nnc(C)c3c2C)cc1,CH2_to_CF2,2,14,1,"{""1"": -2, ""9"": 2}",0.7993405494535817,1.2886962605902559,0.4893557111366742,0,1,1,0.0,0.0,0.0,CL,CL,mL.min-1.g-1,mL.min-1.g-1,mL.min-1.kg-1,mL.min-1.kg-1,1,1,0,0,1,0,1,1,pending,Verify the parent/fluorinated identity and assay-table values in the cited source.
RLM,630267,51249,10.1016/j.bmcl.2010.03.095,"Novel hexahydropyrrolo[3,4-c]pyrrole CCR5 antagonists.",UOOLYEVPOIRJIK,IMJPQHNLQIVGPM,Cc1ncnc(C)c1C(=O)N1C[C@H]2CN(CC[C@H](NC(=O)CC3CCC(F)(F)CC3)c3ccccc3)C[C@H]2C1,Cc1ncnc(C)c1C(=O)N1C[C@H]2CN(CC[C@H](NC(=O)CC3CCC(F)(F)CC3)c3cccc(F)c3)C[C@H]2C1,Ar-H_to_Ar-F,1,34,1,"{""1"": -1, ""9"": 1}",1.91803033678488,1.6354837468149122,-0.28254658996996795,1,1,1,0.0,0.0,0.0,CL,CL,mL.min-1.g-1,mL.min-1.g-1,mL.min-1.kg-1,mL.min-1.kg-1,1,1,0,0,1,0,1,1,pending,Verify the parent/fluorinated identity and assay-table values in the cited source.
RLM,860767,65828,10.1021/jm300623u,"3-Oxoisoindoline-1-carboxamides: potent, state-dependent blockers of voltage-gated sodium channel Na(V)1.7 with efficacy in rat pain models.",UPZSIIGQGQUSFG,BWBHAVPBWPADEN,O=C(NCc1cccc(OC(F)(F)F)c1)c1c2ccccc2c(O)n1CCc1ncc(F)cn1,O=C(NCc1ccc(F)c(OC(F)(F)F)c1)c1c2ccccc2c(O)n1CCc1ncc(F)cn1,Ar-H_to_Ar-F,1,7,1,"{""1"": -1, ""9"": 1}",1.7024305364455252,2.296665190261531,0.5942346538160057,0,1,1,0.0,0.0,0.0,CL,CL,mL.min-1.g-1,mL.min-1.g-1,mL.min-1.kg-1,mL.min-1.kg-1,1,1,0,0,1,0,1,1,pending,Verify the parent/fluorinated identity and assay-table values in the cited source.
RLM,391631,31634,10.1016/j.bmcl.2006.06.033,Metabolism investigation leading to novel drug design 2: orally active prostacyclin mimetics. Part 5.,UZJAIYJXBYWENR,FBALRIQIAKQGQV,O=C(O)COc1cccc2c1CC[C@](O)(COC(=O)N(c1ccccc1)c1ccccc1)C2,O=C(O)COc1cccc2c1CC[C@](O)(COC(=O)N(c1ccccc1)c1ccc(F)cc1)C2,Ar-H_to_Ar-F,1,29,1,"{""1"": -1, ""9"": 1}",1.503790683057181,1.0128372247051722,-0.49095345835200876,1,1,1,0.0,0.0,0.0,CL,CL,mL.min-1.kg-1,mL.min-1.kg-1,,,1,1,0,0,1,0,1,1,pending,Verify the parent/fluorinated identity and assay-table values in the cited source.
RLM,858358,65887,10.1016/j.bmcl.2012.09.059,Discovery of novel pyrrolopyridazine scaffolds as transient receptor potential vanilloid (TRPV1) antagonists.,UZTROBSZBAPWOG,UCJMDMYGVGENKA,CCN(CCO)C(=O)c1cc2cccnn2c1-c1cccc(C)c1,CCN(CCO)C(=O)c1cc2cccnn2c1-c1cccc(C(F)(F)F)c1,CH3_to_CF3,3,22,1,"{""1"": -3, ""9"": 3}",2.369215857410143,2.369215857410143,0.0,0,1,1,0.0,0.0,0.0,CL,CL,mL.min-1.g-1,mL.min-1.g-1,mL.min-1.kg-1,mL.min-1.kg-1,1,1,0,0,1,0,1,1,pending,Verify the parent/fluorinated identity and assay-table values in the cited source.
RLM,849460,65301,10.1016/j.bmcl.2012.08.031,"Phenethyl nicotinamides, a novel class of Na(V)1.7 channel blockers: structure and activity relationship.",VAKSCAGQAFHWEJ,VLTNDUTWQAZZNQ,COc1cnc(-c2ccccc2C(F)(F)CNC(=O)c2ccc(COCC(F)(F)F)nc2)cn1,COc1cnc(-c2cccc(F)c2C(F)(F)CNC(=O)c2ccc(COCC(F)(F)F)nc2)cn1,Ar-H_to_Ar-F,1,10,1,"{""1"": -1, ""9"": 1}",4.459392487759231,4.635483746814912,0.17609125905568135,0,1,1,0.0,0.0,0.0,CL,CL,mL.min-1.g-1,mL.min-1.g-1,mL.min-1.kg-1,mL.min-1.kg-1,1,1,0,0,1,0,1,1,pending,Verify the parent/fluorinated identity and assay-table values in the cited source.
RLM,686318,53996,10.1016/j.bmcl.2010.09.064,"Design, synthesis and SAR of a novel series of benzimidazoles as potent NPY Y5 antagonists.",VJDPCRVAZYFIDE,UXCIUAMOIHCLOR,N#Cc1ccc2[nH]c([C@H]3CC[C@]4(CC3)CN(c3ccccc3)C(=O)O4)nc2c1,N#Cc1ccc2[nH]c([C@H]3CC[C@]4(CC3)CN(c3ccc(F)cc3)C(=O)O4)nc2c1,Ar-H_to_Ar-F,1,19,1,"{""1"": -1, ""9"": 1}",-0.045757490560675115,-0.045757490560675115,0.0,0,1,1,0.0,0.0,0.0,CL,CL,mL.min-1.g-1,mL.min-1.g-1,mL.min-1.kg-1,mL.min-1.kg-1,1,1,0,0,1,0,1,1,pending,Verify the parent/fluorinated identity and assay-table values in the cited source.
RLM,2150274,121646,10.1021/acs.jmedchem.1c00831,Second-Generation Dual FXR/sEH Modulators with Optimized Pharmacokinetics.,VMALQYUTALFADG,DZKVCQFBTQEORJ,CS(=O)(=O)Nc1ccc(CNC(=O)c2ccc(CC(F)(F)F)cc2)c(Cl)c1,CS(=O)(=O)Nc1ccc(CNC(=O)c2ccc(C(F)(F)C(F)(F)F)cc2)c(Cl)c1,CH2_to_CF2,2,17,1,"{""1"": -2, ""9"": 2}",1.5976951859255124,1.4014005407815442,-0.19629464514396822,1,1,1,0.0,0.0,0.0,CL,CL,mL.min-1.g-1,mL.min-1.g-1,mL.min-1.kg-1,mL.min-1.kg-1,1,1,0,0,1,0,1,1,pending,Verify the parent/fluorinated identity and assay-table values in the cited source.
RLM,1989492,116498,10.1016/j.bmc.2020.115455,Optimization and biological evaluation of imidazopyridine derivatives as a novel scaffold for γ-secretase modulators with oral efficacy against cognitive deficits in Alzheimer's disease model mice.,VNNXRQLFCKSSMH,QTPQQIPDVJGAGC,CCNC(=O)c1ccc(-c2c(C)nc3c(OCc4ccc(-c5ccccc5)cc4)cccn23)cn1,CCNC(=O)c1ccc(-c2c(C)nc3c(OCc4ccc(-c5ccc(F)cc5)cc4)cccn23)cn1,Ar-H_to_Ar-F,1,24,1,"{""1"": -1, ""9"": 1}",2.921686475483602,2.3443922736851106,-0.5772942017984914,1,1,1,0.0,0.0,0.0,CL,CL,mL.min-1.kg-1,mL.min-1.kg-1,,,1,1,0,0,1,0,1,1,pending,Verify the parent/fluorinated identity and assay-table values in the cited source.
RLM,1989492,116498,10.1016/j.bmc.2020.115455,Optimization and biological evaluation of imidazopyridine derivatives as a novel scaffold for γ-secretase modulators with oral efficacy against cognitive deficits in Alzheimer's disease model mice.,VNNXRQLFCKSSMH,YJCCXZNFOPCHEG,CCNC(=O)c1ccc(-c2c(C)nc3c(OCc4ccc(-c5ccccc5)cc4)cccn23)cn1,CCNC(=O)c1ccc(-c2c(C)nc3c(OCc4ccc(-c5cccc(F)c5)cc4)cccn23)cn1,Ar-H_to_Ar-F,1,25,1,"{""1"": -1, ""9"": 1}",2.921686475483602,2.4871383754771865,-0.4345481000064155,1,1,1,0.0,0.0,0.0,CL,CL,mL.min-1.kg-1,mL.min-1.kg-1,,,1,1,0,0,1,0,1,1,pending,Verify the parent/fluorinated identity and assay-table values in the cited source.
RLM,1735191,107245,10.1021/acs.jmedchem.8b00295,"De Novo Design, Synthesis, and Biological Evaluation of 3,4-Disubstituted Pyrrolidine Sulfonamides as Potent and Selective Glycine Transporter 1 Competitive Inhibitors.",VNSGJPJUJSVBHV,QHYIYIVWHBQJLT,Cn1cnc(S(=O)(=O)N2CC(Nc3cccc(C(F)(F)F)c3)C(c3ccc(F)cc3)C2)c1,Cn1cnc(S(=O)(=O)N2CC(Nc3ccc(F)c(C(F)(F)F)c3)C(c3ccc(F)cc3)C2)c1,Ar-H_to_Ar-F,1,15,1,"{""1"": -1, ""9"": 1}",3.663679467193165,3.4205052868305805,-0.24317418036258465,1,2,1,0.07058107428570715,0.0,0.07058107428570715,CL,CL,mL.min-1.kg-1,mL.min-1.kg-1,,,1,1,0,0,1,0,1,1,pending,Verify the parent/fluorinated identity and assay-table values in the cited source.
RLM,2241798,124411,10.1016/j.ejmech.2021.114010,Novel 2-phenyl-3-(Pyridin-2-yl) thiazolidin-4-one derivatives as potent inhibitors for proliferation of osteosarcoma cells in vitro and in vivo.,VOCHUCMBJBLDOB,BEIDDOKJBZULIO,O=C(NCCCCn1cccn1)c1cccc(C2SCC(=O)N2c2ccccn2)c1,O=C(NCCCCn1cccn1)c1cccc(C2SCC(=O)N2c2cc(F)ccn2)c1,Ar-H_to_Ar-F,1,25,1,"{""1"": -1, ""9"": 1}",2.9594230219431052,3.3337293231565988,0.3743063012134935,0,1,1,0.0,0.0,0.0,CL,CL,mL.min-1.g-1,mL.min-1.g-1,mL.min-1.kg-1,mL.min-1.kg-1,1,1,0,0,1,0,1,1,pending,Verify the parent/fluorinated identity and assay-table values in the cited source.
RLM,1739730,107412,10.1016/j.ejmech.2018.05.043,"Synthesis and characterization of novel classes of PDE10A inhibitors - 1H-1,3-benzodiazoles and imidazo[1,2-a]pyrimidines.",VODQJEUBIZNJSP,STHVTZBYGXURQK,Cc1ncc(C)n2nc(-c3ccn4cc(-c5ccccc5)nc4n3)nc12,Cc1ncc(C)n2nc(-c3ccn4cc(-c5ccc(F)cc5)nc4n3)nc12,Ar-H_to_Ar-F,1,18,1,"{""1"": -1, ""9"": 1}",1.0034605321095065,0.7466341989375788,-0.2568263331719277,1,1,1,0.0,0.0,0.0,CL,CL,mL.min-1.g-1,mL.min-1.g-1,mL.min-1.kg-1,mL.min-1.kg-1,1,1,0,0,1,0,1,1,pending,Verify the parent/fluorinated identity and assay-table values in the cited source.
RLM,1779574,109096,10.1021/acs.jmedchem.8b00518,"Discovery of TRPM8 Antagonist ( S)-6-(((3-Fluoro-4-(trifluoromethoxy)phenyl)(3-fluoropyridin-2-yl)methyl)carbamoyl)nicotinic Acid (AMG 333), a Clinical Candidate for the Treatment of Migraine.",VQOWLYUIIHGMNV,XHEVUTZDXVDKGC,O=C(N[C@@H](c1ccc(C(F)(F)F)cc1)c1ncccc1C(F)(F)F)c1ccc2cccnc2c1,O=C(N[C@@H](c1ccc(C(F)(F)F)c(F)c1)c1ncccc1C(F)(F)F)c1ccc2cccnc2c1,Ar-H_to_Ar-F,1,12,1,"{""1"": -1, ""9"": 1}",1.7024305364455252,1.9365137424788934,0.23408320603336819,0,1,1,0.0,0.0,0.0,CL,CL,mL.min-1.g-1,mL.min-1.g-1,mL.min-1.kg-1,mL.min-1.kg-1,1,1,0,0,1,0,1,1,pending,Verify the parent/fluorinated identity and assay-table values in the cited source.
RLM,811997,61468,10.1016/j.bmcl.2012.01.023,"The discovery of aminopyrazines as novel, potent Na(v)1.7 antagonists: hit-to-lead identification and SAR.",VUMYRGFVDHGXHW,RRCQMMXZKUITON,Nc1cncc(Nc2ccc(Oc3ccccc3)cc2)n1,Nc1cncc(Nc2ccc(Oc3ccc(F)cc3)cc2)n1,Ar-H_to_Ar-F,1,15,1,"{""1"": -1, ""9"": 1}",2.490800952010855,2.601625479553945,0.11082452754308969,0,1,1,0.0,0.0,0.0,CL,CL,mL.min-1.g-1,mL.min-1.g-1,mL.min-1.kg-1,mL.min-1.kg-1,1,1,0,0,1,0,1,1,pending,Verify the parent/fluorinated identity and assay-table values in the cited source.
RLM,493252,45878,10.1021/jm8009537,"Characterization of thien-2-yl 1S,2R-milnacipran analogues as potent norepinephrine/serotonin transporter inhibitors for the treatment of neuropathic pain.",VXBRIAOTINONRK,MGQRODBGBVCRHA,C=CCN(CC)C(=O)[C@@]1(c2cccs2)C[C@H]1CN,C=C(F)CN(CC)C(=O)[C@@]1(c2cccs2)C[C@H]1CN,C-H_to_C-F,1,1,1,"{""1"": -1, ""9"": 1}",1.792391689498254,1.7323937598229686,-0.05999792967528528,1,1,1,0.0,0.0,0.0,CL,CL,mL.min-1.kg-1,mL.min-1.kg-1,,,1,1,0,0,1,0,1,1,pending,Verify the parent/fluorinated identity and assay-table values in the cited source.
RLM,467092,38671,10.1021/jm701487t,Benzodioxoles: novel cannabinoid-1 receptor inverse agonists for the treatment of obesity.,WFUDPWLCEJSWBC,XTESHPWNXCEONX,O=C(c1ccc2c(c1)OC(c1ccccc1)(c1ccccc1)O2)N1CCCCC1,O=C(c1cc2c(cc1F)OC(c1ccccc1)(c1ccccc1)O2)N1CCCCC1,Ar-H_to_Ar-F,1,7,1,"{""1"": -1, ""9"": 1}",3.083287569327283,2.9419087743655994,-0.1413787949616836,1,1,1,0.0,0.0,0.0,CL,CL,mL.min-1.g-1,mL.min-1.g-1,mL.min-1.kg-1,mL.min-1.kg-1,1,1,0,0,1,0,1,1,pending,Verify the parent/fluorinated identity and assay-table values in the cited source.
RLM,860329,65780,10.1021/jm300184s,"Structure-based design of a novel series of potent, selective inhibitors of the class I phosphatidylinositol 3-kinases.",WHJXPQMHEGTMAA,CNVZEXBATVQXBV,Cc1nc(N)cc(-c2cccnc2Nc2cccc3[nH]ncc23)n1,Nc1cc(-c2cccnc2Nc2cccc3[nH]ncc23)nc(C(F)(F)F)n1,CH3_to_CF3,3,22,1,"{""1"": -3, ""9"": 3}",2.130333768495006,2.1360860973840974,0.005752328889091274,0,1,1,0.0,0.0,0.0,CL,CL,mL.min-1.g-1,mL.min-1.g-1,mL.min-1.kg-1,mL.min-1.kg-1,1,1,0,0,1,0,1,1,pending,Verify the parent/fluorinated identity and assay-table values in the cited source.
RLM,860329,65780,10.1021/jm300184s,"Structure-based design of a novel series of potent, selective inhibitors of the class I phosphatidylinositol 3-kinases.",WHJXPQMHEGTMAA,HARJKCVVWJVELN,Cc1nc(N)cc(-c2cccnc2Nc2cccc3[nH]ncc23)n1,Cc1nc(N)c(F)c(-c2cccnc2Nc2cccc3[nH]ncc23)n1,Ar-H_to_Ar-F,1,5,1,"{""1"": -1, ""9"": 1}",2.130333768495006,2.1065308538223815,-0.02380291467262463,1,1,1,0.0,0.0,0.0,CL,CL,mL.min-1.g-1,mL.min-1.g-1,mL.min-1.kg-1,mL.min-1.kg-1,1,1,0,0,1,0,1,1,pending,Verify the parent/fluorinated identity and assay-table values in the cited source.
RLM,624026,50787,10.1021/jm9017866,Discovery of a selective small-molecule melanocortin-4 receptor agonist with efficacy in a pilot study of sexual dysfunction in humans.,WHPJOAUPIZDJNX,CQIHYFQHPBTXLQ,C[C@@H]1CN(C(=O)[C@@H]2CN(C(C)(C)C)C[C@H]2c2ccc(F)cc2F)C[C@H](C)[C@@]1(O)c1ccccc1,C[C@@H]1CN(C(=O)[C@@H]2CN(C(C)(C)C)C[C@H]2c2ccc(F)cc2F)C[C@H](C)[C@@]1(O)c1ccc(F)cc1,Ar-H_to_Ar-F,1,31,1,"{""1"": -1, ""9"": 1}",5.033423755486949,4.9273703630390235,-0.10605339244792589,1,1,1,0.0,0.0,0.0,CL,CL,mL.min-1.g-1,mL.min-1.g-1,mL.min-1.kg-1,mL.min-1.kg-1,1,1,0,0,1,0,1,1,pending,Verify the parent/fluorinated identity and assay-table values in the cited source.
RLM,2135858,121365,10.1021/acs.jmedchem.1c01458,"Discovery of Potent, Selective, and Brain-Penetrant Apoptosis Signal-Regulating Kinase 1 (ASK1) Inhibitors that Modulate Brain Inflammation <i>In Vivo</i>.",WLEICJLPZWEFTH,MXOCTLMVBIGSKH,COc1ncccc1C(=O)Nc1cccc(-c2nncn2[C@@H](C)C(F)(F)F)n1,COc1ncc(F)cc1C(=O)Nc1cccc(-c2nncn2[C@@H](C)C(F)(F)F)n1,Ar-H_to_Ar-F,1,5,1,"{""1"": -1, ""9"": 1}",1.335858911319818,1.426023015689876,0.09016410437005806,0,1,1,0.0,0.0,0.0,CL,CL,mL.min-1.kg-1,mL.min-1.kg-1,,,1,1,0,0,1,0,1,1,pending,Verify the parent/fluorinated identity and assay-table values in the cited source.
RLM,2249889,124599,10.1016/j.ejmech.2022.114329,"Overcoming undesirable hERG affinity by incorporating fluorine atoms: A case of MAO-B inhibitors derived from 1 H-pyrrolo-[3,2-c]quinolines.",WNPRIGRJTAJNIR,RHVDUIWWLVQCDN,FC1(F)CCN(c2nc3ccccc3c3c2ccn3Cc2ccccc2)CC1,Fc1cccc(Cn2ccc3c(N4CCC(F)(F)CC4)nc4ccccc4c32)c1,Ar-H_to_Ar-F,1,1,1,"{""1"": -1, ""9"": 1}",1.6020599913279623,1.255272505103306,-0.34678748622465627,1,1,1,0.0,0.0,0.0,CL,CL,mL.min-1.kg-1,mL.min-1.kg-1,,,1,1,0,0,1,0,1,1,pending,Verify the parent/fluorinated identity and assay-table values in the cited source.
RLM,2149701,121631,10.1021/acs.jmedchem.1c00563,Fragment-Based Optimization of Dihydropyrazino-Benzimidazolones as Metabotropic Glutamate Receptor-2 Positive Allosteric Modulators against Migraine.,WRDWCKQZSANVOS,VZJZANASSVMWGG,O=C1c2nc3cccc(Br)c3n2CCN1Cc1ccccc1,O=C1c2nc3cccc(Br)c3n2CCN1Cc1ccccc1F,Ar-H_to_Ar-F,1,21,1,"{""1"": -1, ""9"": 1}",0.8030472104911286,0.527114111639805,-0.27593309885132355,1,1,1,0.0,0.0,0.0,CL,CL,mL.min-1.g-1,mL.min-1.g-1,mL.min-1.kg-1,mL.min-1.kg-1,1,1,0,0,1,0,1,1,pending,Verify the parent/fluorinated identity and assay-table values in the cited source.
RLM,1888885,112814,10.1016/j.bmcl.2019.07.013,Discovery of a C-8 hydroxychromene as a potent degrader of estrogen receptor alpha with improved rat oral exposure over GDC-0927.,WRUDSRGEWFOPJJ,FUNWUTHVASBCMZ,CC1=C(c2ccc(F)cc2)[C@H](c2ccc(OCCN3CC(CF)C3)cc2)Oc2ccc(O)cc21,CC1=C(c2ccc(F)cc2)[C@H](c2ccc(OCCN3CC(CF)C3)cc2)Oc2cc(F)c(O)cc21,Ar-H_to_Ar-F,1,29,1,"{""1"": -1, ""9"": 1}",1.4471580313422192,1.3010299956639813,-0.14612803567823796,1,1,1,0.0,0.0,0.0,CL,CL,mL.min-1.kg-1,mL.min-1.kg-1,,,1,1,0,0,1,0,1,1,pending,Verify the parent/fluorinated identity and assay-table values in the cited source.
RLM,1888885,112814,10.1016/j.bmcl.2019.07.013,Discovery of a C-8 hydroxychromene as a potent degrader of estrogen receptor alpha with improved rat oral exposure over GDC-0927.,WRUDSRGEWFOPJJ,QCDDZDYMAPYLQQ,CC1=C(c2ccc(F)cc2)[C@H](c2ccc(OCCN3CC(CF)C3)cc2)Oc2ccc(O)cc21,CC1=C(c2ccc(F)cc2)[C@H](c2ccc(OCCN3CC(CF)C3)cc2)Oc2ccc(O)c(F)c21,Ar-H_to_Ar-F,1,32,1,"{""1"": -1, ""9"": 1}",1.4471580313422192,1.2041199826559248,-0.24303804868629442,1,1,1,0.0,0.0,0.0,CL,CL,mL.min-1.kg-1,mL.min-1.kg-1,,,1,1,0,0,1,0,1,1,pending,Verify the parent/fluorinated identity and assay-table values in the cited source.
RLM,863881,65939,10.1021/jm3005866,"The discovery and optimization of a novel class of potent, selective, and orally bioavailable anaplastic lymphoma kinase (ALK) inhibitors with potential utility for the treatment of cancer.",WSTUJEXAPHIEIM,KHQPQLNHFIMZNR,CC(C)NC(=O)[C@H]1CC[C@@H](n2c(NC(=O)c3ccc(F)cc3)nc3ccc(CN4CCC(C(C)(C)O)CC4)cc32)CC1,CC(C)NC(=O)[C@H]1CC[C@@H](n2c(NC(=O)c3ccc(F)c(F)c3)nc3ccc(CN4CCC(C(C)(C)O)CC4)cc32)CC1,Ar-H_to_Ar-F,1,20,1,"{""1"": -1, ""9"": 1}",1.4313637641589874,1.534026106056135,0.10266234189714774,0,1,1,0.0,0.0,0.0,CL,CL,mL.min-1.g-1,mL.min-1.g-1,mL.min-1.kg-1,mL.min-1.kg-1,1,1,0,0,1,0,1,1,pending,Verify the parent/fluorinated identity and assay-table values in the cited source.
RLM,474875,39211,10.1021/jm701097z,"Naphthamides as novel and potent vascular endothelial growth factor receptor tyrosine kinase inhibitors: design, synthesis, and evaluation.",WUBFAXNVDMCVIO,ZNNAAXZOLAOTRD,COc1cc2nccc(Oc3ccc4c(C(=O)Nc5ccc(Cl)cc5)cccc4c3)c2cc1OC,COc1cc2nccc(Oc3ccc4c(C(=O)Nc5ccc(Cl)cc5)cccc4c3F)c2cc1OC,Ar-H_to_Ar-F,1,29,1,"{""1"": -1, ""9"": 1}",1.954242509439325,1.7323937598229686,-0.22184874961635637,1,1,1,0.0,0.0,0.0,CL,CL,mL.min-1.g-1,mL.min-1.g-1,mL.min-1.kg-1,mL.min-1.kg-1,1,1,0,0,1,0,1,1,pending,Verify the parent/fluorinated identity and assay-table values in the cited source.
RLM,496823,45815,10.1016/j.bmcl.2008.09.003,Optimization of a series of potent and selective ketone histone deacetylase inhibitors.,WVIVOVMCXKDQPW,YYZOAJKFLKRZAZ,CC(=O)CCCCC[C@H](NC(=O)C1CCN(C)CC1)c1nc(-c2ccccc2)c[nH]1,CC(=O)CCCCC[C@H](NC(=O)C1CCN(C)CC1)c1nc(-c2ccc(F)cc2)c[nH]1,Ar-H_to_Ar-F,1,25,1,"{""1"": -1, ""9"": 1}",2.0877814178095426,2.250907699700856,0.1631262818913135,0,1,1,0.0,0.0,0.0,CL,CL,mL.min-1.g-1,mL.min-1.g-1,mL.min-1.kg-1,mL.min-1.kg-1,1,1,0,0,1,0,1,1,pending,Verify the parent/fluorinated identity and assay-table values in the cited source.
RLM,863881,65939,10.1021/jm3005866,"The discovery and optimization of a novel class of potent, selective, and orally bioavailable anaplastic lymphoma kinase (ALK) inhibitors with potential utility for the treatment of cancer.",WWRKLZVAEXLOPU,BBWSAFVLKPDZKZ,CC(C)NC(=O)[C@H]1CC[C@@H](n2c(NC(=O)c3ccccc3)nc3ccc(CN4CCCCC4)cc32)CC1,CC(C)NC(=O)[C@H]1CC[C@@H](n2c(NC(=O)c3ccc(F)cc3)nc3ccc(CN4CCCCC4)cc32)CC1,Ar-H_to_Ar-F,1,18,1,"{""1"": -1, ""9"": 1}",2.8452221064290137,2.9094490469812664,0.06422694055225264,0,1,1,0.0,0.0,0.0,CL,CL,mL.min-1.g-1,mL.min-1.g-1,mL.min-1.kg-1,mL.min-1.kg-1,1,1,0,0,1,0,1,1,pending,Verify the parent/fluorinated identity and assay-table values in the cited source.
RLM,2220472,123689,10.1016/j.bmcl.2022.128549,Optimization of a novel piperazinone series as potent selective peripheral covalent BTK inhibitors.,XBXOJERMQKUIMM,WWSVCNGGOLKRCD,C=CC(=O)N(C)CCOc1cncnc1-c1ccc(CN2CCN(CC(C)(C)C)CC2=O)cc1,C=CC(=O)N(C)CCOc1cncnc1-c1ccc(CN2CCN(CC(C)(C)C)CC2=O)c(F)c1,Ar-H_to_Ar-F,1,32,1,"{""1"": -1, ""9"": 1}",2.9684829485539352,3.5658478186735176,0.5973648701195824,0,1,1,0.0,0.0,0.0,CL,CL,mL.min-1.kg-1,mL.min-1.kg-1,,,1,1,0,0,1,0,1,1,pending,Verify the parent/fluorinated identity and assay-table values in the cited source.
RLM,2135858,121365,10.1021/acs.jmedchem.1c01458,"Discovery of Potent, Selective, and Brain-Penetrant Apoptosis Signal-Regulating Kinase 1 (ASK1) Inhibitors that Modulate Brain Inflammation <i>In Vivo</i>.",XCGWZOOSJWALQR,VOAVBNDXAXMDDN,COc1nn(C)cc1C(=O)Nc1cccc(-c2nncn2C(C)C)n1,COc1nn(C)cc1C(=O)Nc1cccc(-c2nncn2[C@@H](C)C(F)(F)F)n1,CH3_to_CF3,3,23,1,"{""1"": -3, ""9"": 3}",1.417803722639881,1.0909630765957317,-0.3268406460441493,1,1,1,0.0,0.0,0.0,CL,CL,mL.min-1.kg-1,mL.min-1.kg-1,,,1,1,0,0,1,0,1,1,pending,Verify the parent/fluorinated identity and assay-table values in the cited source.
RLM,2149701,121631,10.1021/acs.jmedchem.1c00563,Fragment-Based Optimization of Dihydropyrazino-Benzimidazolones as Metabotropic Glutamate Receptor-2 Positive Allosteric Modulators against Migraine.,XDHFLWIPDVGDHE,SJSMRNAIDNGNBW,O=C1c2nc3cccc(Br)c3n2CCN1Cc1ccc(Br)cc1,O=C1c2nc3cccc(Br)c3n2CCN1Cc1ccc(Br)cc1F,Ar-H_to_Ar-F,1,22,1,"{""1"": -1, ""9"": 1}",0.7055216134226672,0.6151079874431941,-0.09041362597947311,1,1,1,0.0,0.0,0.0,CL,CL,mL.min-1.g-1,mL.min-1.g-1,mL.min-1.kg-1,mL.min-1.kg-1,1,1,0,0,1,0,1,1,pending,Verify the parent/fluorinated identity and assay-table values in the cited source.
RLM,1825666,110861,10.1021/acs.jmedchem.9b01721,"Discovery of Highly Potent, Selective, and Orally Efficacious p300/CBP Histone Acetyltransferases Inhibitors.",XULAAAMSGNSTKH,QULMQLITKMCMAK,CNC(=O)Nc1ccc2c(c1)CC[C@@]21OC(=O)N(CC(=O)N2Cc3ccccc3CC[C@H]2C2CC2)C1=O,CNC(=O)Nc1ccc2c(c1)CC[C@@]21OC(=O)N(CC(=O)N2Cc3ccc(F)cc3CC[C@H]2C2CC2)C1=O,Ar-H_to_Ar-F,1,26,1,"{""1"": -1, ""9"": 1}",2.936513742478893,2.666892211066536,-0.2696215314123571,1,1,1,0.0,0.0,0.0,CL,CL,mL.min-1.g-1,mL.min-1.g-1,mL.min-1.kg-1,mL.min-1.kg-1,1,1,0,0,1,0,1,1,pending,Verify the parent/fluorinated identity and assay-table values in the cited source.
RLM,2118299,120738,10.1021/acs.jmedchem.1c00847,GDC-9545 (Giredestrant): A Potent and Orally Bioavailable Selective Estrogen Receptor Antagonist and Degrader with an Exceptional Preclinical Profile for ER+ Breast Cancer.,XVPFWZJURVBDQK,KRMPODQFMDXWMT,C[C@@H]1Cc2c([nH]c3ccccc23)[C@@H](c2ccc(NC3CN(CCCF)C3)cc2)N1CC(F)(F)CO,C[C@@H]1Cc2c([nH]c3ccccc23)[C@@H](c2ccc(NC3CN(CCCF)C3)cc2F)N1CC(F)(F)CO,Ar-H_to_Ar-F,1,27,1,"{""1"": -1, ""9"": 1}",1.2304489213782739,1.0,-0.23044892137827389,1,1,1,0.0,0.0,0.0,CL,CL,mL.min-1.kg-1,mL.min-1.kg-1,,,1,1,0,0,1,0,1,1,pending,Verify the parent/fluorinated identity and assay-table values in the cited source.
RLM,863881,65939,10.1021/jm3005866,"The discovery and optimization of a novel class of potent, selective, and orally bioavailable anaplastic lymphoma kinase (ALK) inhibitors with potential utility for the treatment of cancer.",YDKZPTLNEHGSKK,PDTMWDAAOXMRKJ,CC(C)NC(=O)[C@H]1CC[C@@H](n2c(NC(=O)c3cccc(C#N)c3)nc3ccc(CN4CCC(C(C)(C)O)CC4)cc32)CC1,CC(C)NC(=O)[C@H]1CC[C@@H](n2c(NC(=O)c3cc(F)cc(C#N)c3)nc3ccc(CN4CCC(C(C)(C)O)CC4)cc32)CC1,Ar-H_to_Ar-F,1,17,1,"{""1"": -1, ""9"": 1}",1.4857214264815801,1.7323937598229686,0.2466723333413885,0,1,1,0.0,0.0,0.0,CL,CL,mL.min-1.g-1,mL.min-1.g-1,mL.min-1.kg-1,mL.min-1.kg-1,1,1,0,0,1,0,1,1,pending,Verify the parent/fluorinated identity and assay-table values in the cited source.
RLM,2249889,124599,10.1016/j.ejmech.2022.114329,"Overcoming undesirable hERG affinity by incorporating fluorine atoms: A case of MAO-B inhibitors derived from 1 H-pyrrolo-[3,2-c]quinolines.",YFWWOSJDDOKKHQ,PKKVQHSSLZVNAS,Clc1cccc(Cn2ccc3c(N4CCCCC4)nc4ccccc4c32)c1,FC1(F)CCN(c2nc3ccccc3c3c2ccn3Cc2cccc(Cl)c2)CC1,CH2_to_CF2,2,1,1,"{""1"": -2, ""9"": 2}",2.0170333392987803,1.462397997898956,-0.5546353413998242,1,1,1,0.0,0.0,0.0,CL,CL,mL.min-1.kg-1,mL.min-1.kg-1,,,1,1,0,0,1,0,1,1,pending,Verify the parent/fluorinated identity and assay-table values in the cited source.
RLM,2150274,121646,10.1021/acs.jmedchem.1c00831,Second-Generation Dual FXR/sEH Modulators with Optimized Pharmacokinetics.,YHZJWWWKJOYZLI,DZKVCQFBTQEORJ,CC(F)(F)c1ccc(C(=O)NCc2ccc(NS(C)(=O)=O)cc2Cl)cc1,CS(=O)(=O)Nc1ccc(CNC(=O)c2ccc(C(F)(F)C(F)(F)F)cc2)c(Cl)c1,CH3_to_CF3,3,20,1,"{""1"": -3, ""9"": 3}",1.2375437381428744,1.4014005407815442,0.16385680263866975,0,1,1,0.0,0.0,0.0,CL,CL,mL.min-1.g-1,mL.min-1.g-1,mL.min-1.kg-1,mL.min-1.kg-1,1,1,0,0,1,0,1,1,pending,Verify the parent/fluorinated identity and assay-table values in the cited source.
RLM,558441,44914,10.1016/j.bmcl.2008.10.013,Synthesis and structure-activity relationships of selective norepinephrine reuptake inhibitors (sNRI) with improved pharmaceutical characteristics.,YIEXSVBTWQZEGZ,KIAUBZBIKKPZNR,CNC[C@]1(O)Cc2ccccc2[C@@H]1Oc1ccccc1C,CNC[C@]1(O)Cc2ccccc2[C@@H]1Oc1cc(F)ccc1C,Ar-H_to_Ar-F,1,16,1,"{""1"": -1, ""9"": 1}",1.0,0.8450980400142568,-0.1549019599857432,1,1,1,0.0,0.0,0.0,CL,CL,mL.min-1.kg-1,mL.min-1.kg-1,,,1,1,0,0,1,0,1,1,pending,Verify the parent/fluorinated identity and assay-table values in the cited source.
RLM,558441,44914,10.1016/j.bmcl.2008.10.013,Synthesis and structure-activity relationships of selective norepinephrine reuptake inhibitors (sNRI) with improved pharmaceutical characteristics.,YIEXSVBTWQZEGZ,VQGISMYTICCORC,CNC[C@]1(O)Cc2ccccc2[C@@H]1Oc1ccccc1C,CNC[C@]1(O)Cc2ccccc2[C@@H]1Oc1c(C)cccc1F,Ar-H_to_Ar-F,1,20,1,"{""1"": -1, ""9"": 1}",1.0,1.2304489213782739,0.23044892137827389,0,1,1,0.0,0.0,0.0,CL,CL,mL.min-1.kg-1,mL.min-1.kg-1,,,1,1,0,0,1,0,1,1,pending,Verify the parent/fluorinated identity and assay-table values in the cited source.
RLM,644141,52012,10.1016/j.bmcl.2010.06.140,"Synthesis and structure-activity relationship of N-(3-azabicyclo[3.1.0]hex-6-ylmethyl)-5-(2-pyridinyl)-1,3-thiazol-2-amines derivatives as NPY Y5 antagonists.",YMAQXTGUXMWEBB,JWAOONWMLNPSIN,O=C(c1cccc(F)c1)N1C[C@@H]2[C@H](CNc3nc(-c4ccccn4)cs3)[C@@H]2C1,O=C(c1cc(F)cc(F)c1)N1C[C@@H]2[C@H](CNc3nc(-c4ccccn4)cs3)[C@@H]2C1,Ar-H_to_Ar-F,1,4,1,"{""1"": -1, ""9"": 1}",1.100370545117563,1.2966651902615312,0.19629464514396822,0,1,1,0.0,0.0,0.0,CL,CL,mL.min-1.g-1,mL.min-1.g-1,mL.min-1.kg-1,mL.min-1.kg-1,1,1,0,0,1,0,1,1,pending,Verify the parent/fluorinated identity and assay-table values in the cited source.
RLM,860191,65822,10.1021/jm3007257,"(1R,2R)-N-(1-cyanocyclopropyl)-2-(6-methoxy-1,3,4,5-tetrahydropyrido[4,3-b]indole-2-carbonyl)cyclohexanecarboxamide (AZD4996): a potent and highly selective cathepsin K inhibitor for the treatment of osteoarthritis.",YOIFKTNHQMFUDH,DFWBUMFMCGXLEW,N#CC1(NC(=O)[C@@H]2CCCC[C@H]2C(=O)N2CCc3[nH]c4ccccc4c3C2)CC1,N#CC1(NC(=O)[C@@H]2CCCC[C@H]2C(=O)N2CCc3[nH]c4c(F)cccc4c3C2)CC1,Ar-H_to_Ar-F,1,20,1,"{""1"": -1, ""9"": 1}",2.410608542568368,2.7480328941301435,0.33742435156177564,0,1,1,0.0,0.0,0.0,CL,CL,mL.min-1.g-1,mL.min-1.g-1,mL.min-1.kg-1,mL.min-1.kg-1,1,1,0,0,1,0,1,1,pending,Verify the parent/fluorinated identity and assay-table values in the cited source.
RLM,860191,65822,10.1021/jm3007257,"(1R,2R)-N-(1-cyanocyclopropyl)-2-(6-methoxy-1,3,4,5-tetrahydropyrido[4,3-b]indole-2-carbonyl)cyclohexanecarboxamide (AZD4996): a potent and highly selective cathepsin K inhibitor for the treatment of osteoarthritis.",YOIFKTNHQMFUDH,MIOKYZZTPMKVEG,N#CC1(NC(=O)[C@@H]2CCCC[C@H]2C(=O)N2CCc3[nH]c4ccccc4c3C2)CC1,N#CC1(NC(=O)[C@@H]2CCCC[C@H]2C(=O)N2CCc3[nH]c4cc(F)ccc4c3C2)CC1,Ar-H_to_Ar-F,1,21,1,"{""1"": -1, ""9"": 1}",2.410608542568368,2.204662511748219,-0.20594603082014906,1,1,1,0.0,0.0,0.0,CL,CL,mL.min-1.g-1,mL.min-1.g-1,mL.min-1.kg-1,mL.min-1.kg-1,1,1,0,0,1,0,1,1,pending,Verify the parent/fluorinated identity and assay-table values in the cited source.
RLM,860191,65822,10.1021/jm3007257,"(1R,2R)-N-(1-cyanocyclopropyl)-2-(6-methoxy-1,3,4,5-tetrahydropyrido[4,3-b]indole-2-carbonyl)cyclohexanecarboxamide (AZD4996): a potent and highly selective cathepsin K inhibitor for the treatment of osteoarthritis.",YOIFKTNHQMFUDH,XHSHPTAZQWFHLY,N#CC1(NC(=O)[C@@H]2CCCC[C@H]2C(=O)N2CCc3[nH]c4ccccc4c3C2)CC1,N#CC1(NC(=O)[C@@H]2CCCC[C@H]2C(=O)N2CCc3[nH]c4cccc(F)c4c3C2)CC1,Ar-H_to_Ar-F,1,23,1,"{""1"": -1, ""9"": 1}",2.410608542568368,2.763128376799137,0.35251983423076894,0,1,1,0.0,0.0,0.0,CL,CL,mL.min-1.g-1,mL.min-1.g-1,mL.min-1.kg-1,mL.min-1.kg-1,1,1,0,0,1,0,1,1,pending,Verify the parent/fluorinated identity and assay-table values in the cited source.
RLM,659361,52759,10.1021/jm100394y,"Discovery of a potent, selective, and orally bioavailable pyridinyl-pyrimidine phthalazine aurora kinase inhibitor.",YRIZEPGWRQGUBO,IREKYVHDFKJOHP,CNc1nccc(-c2cccnc2Oc2ccc(NC(=O)c3ccccc3Nc3ccccc3)cc2)n1,CNc1nccc(-c2cccnc2Oc2ccc(NC(=O)c3ccccc3Nc3ccc(F)cc3)cc2)n1,Ar-H_to_Ar-F,1,31,1,"{""1"": -1, ""9"": 1}",3.076786033508079,2.9245893856694183,-0.15219664783866094,1,1,1,0.0,0.0,0.0,CL,CL,mL.min-1.g-1,mL.min-1.g-1,mL.min-1.kg-1,mL.min-1.kg-1,1,1,0,0,1,0,1,1,pending,Verify the parent/fluorinated identity and assay-table values in the cited source.
RLM,659361,52759,10.1021/jm100394y,"Discovery of a potent, selective, and orally bioavailable pyridinyl-pyrimidine phthalazine aurora kinase inhibitor.",YRIZEPGWRQGUBO,NVRFIADOENNEKV,CNc1nccc(-c2cccnc2Oc2ccc(NC(=O)c3ccccc3Nc3ccccc3)cc2)n1,CNc1nccc(-c2cccnc2Oc2ccc(NC(=O)c3cc(F)ccc3Nc3ccccc3)cc2)n1,Ar-H_to_Ar-F,1,23,1,"{""1"": -1, ""9"": 1}",3.076786033508079,2.7841892053809607,-0.2925968281271185,1,1,1,0.0,0.0,0.0,CL,CL,mL.min-1.g-1,mL.min-1.g-1,mL.min-1.kg-1,mL.min-1.kg-1,1,1,0,0,1,0,1,1,pending,Verify the parent/fluorinated identity and assay-table values in the cited source.
RLM,1845913,111567,10.1021/acs.jmedchem.0c00628,"Discovery of <i>N</i>-Ethyl-4-[2-(4-fluoro-2,6-dimethyl-phenoxy)-5-(1-hydroxy-1-methyl-ethyl)phenyl]-6-methyl-7-oxo-1<i>H</i>-pyrrolo[2,3-<i>c</i>]pyridine-2-carboxamide (ABBV-744), a BET Bromodomain Inhibitor with Selectivity for the Second Bromodomain.",YSFIKYDQTQWEIH,YKZFVPFHQGEAIZ,Cc1cc(F)cc(C)c1Oc1ccc(C(C)(C)O)cc1-c1cn(C)c(=O)c2[nH]c(C(=O)NC(C)(C)C)cc12,Cc1cc(F)cc(C)c1Oc1ccc(C(C)(C)O)cc1-c1cn(C)c(=O)c2[nH]c(C(=O)NC(C)(C)C(F)(F)F)cc12,CH3_to_CF3,3,35,1,"{""1"": -3, ""9"": 3}",3.161368002234975,4.2632413558119415,1.1018733535769667,0,1,1,0.0,0.0,0.0,CL,CL,mL.min-1.kg-1,mL.min-1.kg-1,,,1,1,0,0,1,0,1,1,pending,Verify the parent/fluorinated identity and assay-table values in the cited source.
RLM,853106,65507,10.1021/ml3000148,"A Potent and Orally Efficacious, Hydroxyethylamine-Based Inhibitor of β-Secretase.",ZAJKCLUZHUAIIX,AAHFBZODUHKGBC,CC(=O)N[C@@H](Cc1ccccc1F)[C@H](O)CN[C@H]1CC2(CCC2)Oc2ncc(CC(C)(C)C)cc21,CC(=O)N[C@@H](Cc1ccc(F)cc1F)[C@H](O)CN[C@H]1CC2(CCC2)Oc2ncc(CC(C)(C)C)cc21,Ar-H_to_Ar-F,1,9,1,"{""1"": -1, ""9"": 1}",2.5691397254724593,2.4933186082321015,-0.07582111724035778,1,1,1,0.0,0.0,0.0,CL,CL,mL.min-1.g-1,mL.min-1.g-1,mL.min-1.kg-1,mL.min-1.kg-1,1,1,0,0,1,0,1,1,pending,Verify the parent/fluorinated identity and assay-table values in the cited source.
RLM,1720760,106636,10.1021/acsmedchemlett.7b00342,"Discovery and Evaluation of Clinical Candidate IDH305, a Brain Penetrant Mutant IDH1 Inhibitor.",ZDFYNSKUMBIVJP,ONNRQYRXQSZOBI,Cc1cc(-c2ccc([C@H](C)Nc3nccc(N4C(=O)OC[C@@H]4C(C)C)n3)nc2)ccn1,CC(C)[C@H]1COC(=O)N1c1ccnc(N[C@@H](C)c2ccc(-c3ccnc(C(F)(F)F)c3)cn2)n1,CH3_to_CF3,3,26,1,"{""1"": -3, ""9"": 3}",2.0877814178095426,2.2595938788859486,0.17181246107640602,0,1,1,0.0,0.0,0.0,CL,CL,mL.min-1.g-1,mL.min-1.g-1,mL.min-1.kg-1,mL.min-1.kg-1,1,1,0,0,1,0,1,1,pending,Verify the parent/fluorinated identity and assay-table values in the cited source.
RLM,819360,61942,10.1021/jm2013634,Fused piperidines as a novel class of potent and orally available transient receptor potential melastatin type 8 (TRPM8) antagonists.,ZENWGCUDJZGQEF,LJWFMELYNHKQCS,O=C(Nc1ccccc1)N1CCc2sccc2C1c1ccc(C(F)(F)F)cc1,O=C(Nc1cccc(F)c1)N1CCc2sccc2C1c1ccc(C(F)(F)F)cc1,Ar-H_to_Ar-F,1,7,1,"{""1"": -1, ""9"": 1}",2.5795549604009986,2.6993173010213822,0.1197623406203836,0,1,1,0.0,0.0,0.0,CL,CL,mL.min-1.g-1,mL.min-1.g-1,mL.min-1.kg-1,mL.min-1.kg-1,1,1,0,0,1,0,1,1,pending,Verify the parent/fluorinated identity and assay-table values in the cited source.
RLM,819360,61942,10.1021/jm2013634,Fused piperidines as a novel class of potent and orally available transient receptor potential melastatin type 8 (TRPM8) antagonists.,ZENWGCUDJZGQEF,VZHKEZUUXGWVSZ,O=C(Nc1ccccc1)N1CCc2sccc2C1c1ccc(C(F)(F)F)cc1,O=C(Nc1ccccc1F)N1CCc2sccc2C1c1ccc(C(F)(F)F)cc1,Ar-H_to_Ar-F,1,8,1,"{""1"": -1, ""9"": 1}",2.5795549604009986,2.7892986111594413,0.2097436507584427,0,1,1,0.0,0.0,0.0,CL,CL,mL.min-1.g-1,mL.min-1.g-1,mL.min-1.kg-1,mL.min-1.kg-1,1,1,0,0,1,0,1,1,pending,Verify the parent/fluorinated identity and assay-table values in the cited source.
RLM,819360,61942,10.1021/jm2013634,Fused piperidines as a novel class of potent and orally available transient receptor potential melastatin type 8 (TRPM8) antagonists.,ZENWGCUDJZGQEF,WYNBWGVBDVSVCT,O=C(Nc1ccccc1)N1CCc2sccc2C1c1ccc(C(F)(F)F)cc1,O=C(Nc1ccc(F)cc1)N1CCc2sccc2C1c1ccc(C(F)(F)F)cc1,Ar-H_to_Ar-F,1,6,1,"{""1"": -1, ""9"": 1}",2.5795549604009986,2.5056925074122,-0.07386245298879857,1,1,1,0.0,0.0,0.0,CL,CL,mL.min-1.g-1,mL.min-1.g-1,mL.min-1.kg-1,mL.min-1.kg-1,1,1,0,0,1,0,1,1,pending,Verify the parent/fluorinated identity and assay-table values in the cited source.
RLM,853106,65507,10.1021/ml3000148,"A Potent and Orally Efficacious, Hydroxyethylamine-Based Inhibitor of β-Secretase.",ZJIPAWSHYBXAKX,ZZIYYUNIVIIWAU,CC(=O)N[C@@H](Cc1cccc(F)c1)[C@H](O)CN[C@H]1CC2(CCC2)Oc2ncc(CC(C)(C)C)cc21,CC(=O)N[C@@H](Cc1cc(F)cc(F)c1)[C@H](O)CN[C@H]1CC2(CCC2)Oc2ncc(CC(C)(C)C)cc21,Ar-H_to_Ar-F,1,8,1,"{""1"": -1, ""9"": 1}",2.611298362296429,2.5247854493212225,-0.08651291297520647,1,1,1,0.0,0.0,0.0,CL,CL,mL.min-1.g-1,mL.min-1.g-1,mL.min-1.kg-1,mL.min-1.kg-1,1,1,0,0,1,0,1,1,pending,Verify the parent/fluorinated identity and assay-table values in the cited source.
RLM,860191,65822,10.1021/jm3007257,"(1R,2R)-N-(1-cyanocyclopropyl)-2-(6-methoxy-1,3,4,5-tetrahydropyrido[4,3-b]indole-2-carbonyl)cyclohexanecarboxamide (AZD4996): a potent and highly selective cathepsin K inhibitor for the treatment of osteoarthritis.",ZJIQEAXGKFPTII,VGFYFZDIJPOBAY,COc1cccc2c3c([nH]c12)CCN(C(=O)[C@@H]1CCCC[C@H]1C(=O)NC1(C#N)CC1)C3,N#CC1(NC(=O)[C@@H]2CCCC[C@H]2C(=O)N2CCc3[nH]c4c(OC(F)(F)F)cccc4c3C2)CC1,OCH3_to_OCF3,3,22,1,"{""1"": -3, ""9"": 3}",2.0813473078041325,1.9795483747040952,-0.10179893310003729,1,1,1,0.0,0.0,0.0,CL,CL,mL.min-1.g-1,mL.min-1.g-1,mL.min-1.kg-1,mL.min-1.kg-1,1,1,0,0,1,0,1,1,pending,Verify the parent/fluorinated identity and assay-table values in the cited source.
RLM,686394,54003,10.1016/j.bmcl.2010.09.085,"5-{2-[4-(2-methyl-5-quinolinyl)-1-piperazinyl]ethyl}-2(1H)-quinolinones and 3,4-dihydro-2(1H)-quinolinones: dual-acting 5-HT1 receptor antagonists and serotonin reuptake inhibitors. Part 3.",ZJRBDUXTOJWXLZ,HRWBYOOBXRZGGR,Cc1ccc2c(N3CCN(CCc4c(C)ccc5c4ccc(=O)n5C)CC3)cccc2n1,Cc1ccc2c(N3CCN(CCc4c(C)ccc5c4ccc(=O)n5C)CC3)cc(F)cc2n1,Ar-H_to_Ar-F,1,28,1,"{""1"": -1, ""9"": 1}",0.5976951859255123,0.6170003411208989,0.01930515519538656,0,1,1,0.0,0.0,0.0,CL,CL,mL.min-1.g-1,mL.min-1.g-1,mL.min-1.kg-1,mL.min-1.kg-1,1,1,0,0,1,0,1,1,pending,Verify the parent/fluorinated identity and assay-table values in the cited source.
RLM,863881,65939,10.1021/jm3005866,"The discovery and optimization of a novel class of potent, selective, and orally bioavailable anaplastic lymphoma kinase (ALK) inhibitors with potential utility for the treatment of cancer.",ZPOFDMHUQICKGG,GZYCQQBRSRIFII,CC(C)NC(=O)[C@H]1CC[C@@H](n2c(NC(=O)c3cccc(F)c3)nc3ccc(CN4CCC(C(C)(C)O)CC4)cc32)CC1,CC(C)NC(=O)[C@H]1CC[C@@H](n2c(NC(=O)c3cc(F)cc(F)c3)nc3ccc(CN4CCC(C(C)(C)O)CC4)cc32)CC1,Ar-H_to_Ar-F,1,17,1,"{""1"": -1, ""9"": 1}",1.255272505103306,1.9365137424788934,0.6812412373755874,0,1,1,0.0,0.0,0.0,CL,CL,mL.min-1.g-1,mL.min-1.g-1,mL.min-1.kg-1,mL.min-1.kg-1,1,1,0,0,1,0,1,1,pending,Verify the parent/fluorinated identity and assay-table values in the cited source.
RLM,863881,65939,10.1021/jm3005866,"The discovery and optimization of a novel class of potent, selective, and orally bioavailable anaplastic lymphoma kinase (ALK) inhibitors with potential utility for the treatment of cancer.",ZPOFDMHUQICKGG,KHQPQLNHFIMZNR,CC(C)NC(=O)[C@H]1CC[C@@H](n2c(NC(=O)c3cccc(F)c3)nc3ccc(CN4CCC(C(C)(C)O)CC4)cc32)CC1,CC(C)NC(=O)[C@H]1CC[C@@H](n2c(NC(=O)c3ccc(F)c(F)c3)nc3ccc(CN4CCC(C(C)(C)O)CC4)cc32)CC1,Ar-H_to_Ar-F,1,18,1,"{""1"": -1, ""9"": 1}",1.255272505103306,1.534026106056135,0.2787536009528291,0,1,1,0.0,0.0,0.0,CL,CL,mL.min-1.g-1,mL.min-1.g-1,mL.min-1.kg-1,mL.min-1.kg-1,1,1,0,0,1,0,1,1,pending,Verify the parent/fluorinated identity and assay-table values in the cited source.
RLM,577527,47715,10.1016/j.bmcl.2009.06.028,Dopamine D(3) receptor antagonists: The quest for a potentially selective PET ligand. Part two: Lead optimization.,ZULQKQGLUORZDC,HGYQVRAMBVYKQO,N#Cc1cccc(N2CCN(CCN3CCC(C(F)(F)F)CC3)C2=O)c1,N#Cc1cc(N2CCN(CCN3CCC(C(F)(F)F)CC3)C2=O)ccc1F,Ar-H_to_Ar-F,1,25,1,"{""1"": -1, ""9"": 1}",1.3159703454569178,1.2723058444020865,-0.04366450105483133,1,1,1,0.0,0.0,0.0,CL,CL,mL.min-1.g-1,mL.min-1.g-1,mL.min-1.kg-1,mL.min-1.kg-1,1,1,0,0,1,0,1,1,pending,Verify the parent/fluorinated identity and assay-table values in the cited source.
